/* Arquivo gerado por tools/gen_texts.py - nao edite a mao. */
#include "texts.h"

static const uint8_t txt_app_title_map[] = {
  0x00,0x00,0x00,0x00,0x00,0x00,0x00,0x00,0x00,0x00,0x00,0x00,0x00,0x00,0x00,0x00,0x00,0x00,0x00,0x00,0x00,0x00,0x00,0x00,
  0x00,0x00,0x00,0x00,0x00,0x00,0x02,0x00,0x00,0x01,0x01,0x00,0x00,0x00,0x00,0x00,0x00,0x00,0x00,0x00,0x00,0x00,0x00,0x00,
  0x00,0x00,0x00,0x00,0x00,0x00,0x00,0x00,0x00,0x00,0x00,0x00,0x00,0x00,0x00,0x00,0x00,0x00,0x00,0x00,0x00,0x00,0x00,0x00,
  0x00,0x00,0x00,0x00,0x00,0x00,0x00,0x00,0x00,0x00,0x00,0x00,0x00,0x00,0x00,0x00,0x00,0x00,0x00,0x00,0x00,0x00,0x00,0x00,
  0x00,0x00,0x00,0x00,0x00,0x00,0x00,0x00,0x00,0x00,0x00,0x00,0x00,0x00,0x00,0x00,0x00,0x00,0x00,0x00,0x00,0x00,0x00,0x00,
  0x00,0x00,0x00,0x00,0x00,0x00,0x00,0x00,0x00,0x00,0x00,0x00,0x00,0x00,0x00,0x00,0x00,0x00,0x00,0x00,0x00,0x00,0x00,0x00,
  0x00,0x00,0x00,0x00,0x00,0x00,0x00,0x00,0x00,0x00,0x00,0x00,0x00,0x00,0x00,0x00,0x00,0x00,0x00,0x00,0x02,0x00,0x00,0x02,
  0x01,0x00,0x00,0x00,0x00,0x00,0x00,0x00,0x00,0x00,0x00,0x00,0x00,0x00,0x00,0x00,0x00,0x00,0x01,0x01,0x01,0x01,0x01,0x01,
  0x01,0x01,0x00,0x00,0x00,0x00,0x00,0x00,0x00,0x00,0x00,0x00,0x00,0x00,0x00,0x00,0x00,0x00,0x00,0x00,0x00,0x00,0x02,0x15,
  0x00,0x00,0x00,0x00,0x00,0x00,0x00,0x00,0x00,0x00,0x00,0x00,0x00,0x00,0x00,0x00,0x00,0x00,0x00,0x00,0x00,0x00,0x00,0x00,
  0x00,0x00,0x00,0x00,0x00,0x00,0x01,0x03,0x03,0x03,0x01,0x00,0x00,0x00,0x00,0x00,0x00,0x00,0x00,0x00,0x00,0x00,0x00,0x00,
  0x00,0x02,0x03,0x03,0x03,0x00,0x00,0x00,0x00,0x00,0x00,0x00,0x00,0x00,0x00,0x00,0x00,0x00,0x00,0x00,0x00,0x00,0x00,0x00,
  0x00,0x00,0x00,0x00,0x00,0x01,0x02,0x03,0x02,0x01,0x00,0x00,0x00,0x00,0x00,0x00,0x00,0x00,0x00,0x00,0x00,0x00,0x00,0x00,
  0x00,0x00,0x00,0x00,0x00,0x00,0x00,0x00,0x00,0x00,0x00,0x00,0x00,0x00,0x00,0x00,0x00,0x00,0x00,0x00,0x00,0x00,0x00,0x00,
  0x00,0x00,0x00,0x00,0x00,0x00,0x00,0x00,0x00,0x00,0x00,0x00,0x07,0x13,0x00,0x00,0x00,0x00,0x00,0x00,0x00,0x00,0x00,0x00,
  0x00,0x00,0x00,0x00,0x00,0x00,0x00,0x00,0x00,0x00,0x00,0x00,0x00,0x00,0x00,0x00,0x00,0x02,0x03,0x00,0x00,0x00,0x00,0x00,
  0x00,0x00,0x00,0x00,0x00,0x00,0x00,0x00,0x00,0x00,0x02,0x01,0x32,0xce,0xf3,0xb4,0x12,0x01,0x01,0x00,0x00,0x00,0x00,0x00,
  0x00,0x00,0x00,0x00,0x00,0x00,0x00,0x00,0x00,0x00,0x00,0x00,0x00,0x00,0x00,0x00,0x00,0x00,0x00,0x00,0x00,0x00,0x00,0x00,
  0x00,0x00,0x00,0x00,0x00,0x00,0x00,0x00,0x00,0x00,0x00,0x00,0x00,0x00,0x00,0x00,0x00,0x00,0x00,0x00,0x00,0x00,0x00,0x00,
  0x00,0x00,0x00,0x00,0x00,0x00,0x00,0x00,0x00,0x00,0x00,0x00,0x00,0x00,0x00,0x00,0x00,0x00,0x02,0x03,0x00,0x00,0x00,0x00,
  0x00,0x02,0x03,0x00,0x00,0x00,0x00,0x00,0x00,0x00,0x00,0x00,0x00,0x00,0x00,0x00,0x00,0x00,0x00,0x00,0x00,0x00,0x00,0x00,
  0x00,0x00,0x00,0x00,0x00,0x00,0x00,0x00,0x00,0x00,0x00,0x00,0x00,0x00,0x00,0x00,0x00,0x00,0x00,0x00,0x00,0x00,0x00,0x00,
  0x02,0x00,0x4a,0xdb,0xf1,0x9d,0x08,0x01,0x00,0x00,0x00,0x00,0x00,0x00,0x00,0x00,0x00,0x00,0x00,0x00,0x00,0x00,0x00,0x00,
  0x12,0x1a,0x1a,0x1a,0x1a,0x1a,0x19,0x0d,0x00,0x00,0x02,0x00,0x00,0x00,0x00,0x00,0x00,0x00,0x00,0x00,0x00,0x00,0x00,0x00,
  0x00,0x03,0x00,0xb8,0xff,0xf9,0xff,0x7b,0x00,0x04,0x00,0x00,0x00,0x00,0x00,0x00,0x00,0x00,0x00,0x00,0x00,0x00,0x00,0x00,
  0x00,0x00,0x00,0x00,0x00,0x00,0x00,0x00,0x00,0x00,0x02,0x00,0x2c,0xb7,0xb2,0xb7,0x4b,0x00,0x03,0x00,0x00,0x00,0x00,0x00,
  0x00,0x00,0x00,0x00,0x00,0x03,0x00,0x73,0xb7,0xb7,0xad,0x0e,0x00,0x01,0x00,0x00,0x00,0x00,0x00,0x00,0x00,0x00,0x00,0x00,
  0x00,0x00,0x00,0x00,0x00,0x00,0x00,0x00,0x02,0x00,0x00,0x0b,0x2a,0x3d,0x35,0x18,0x00,0x00,0x02,0x00,0x00,0x00,0x00,0x00,
  0x00,0x00,0x00,0x00,0x00,0x00,0x00,0x00,0x00,0x00,0x00,0x00,0x00,0x00,0x00,0x00,0x00,0x00,0x00,0x00,0x00,0x00,0x00,0x00,
  0x00,0x00,0x00,0x00,0x00,0x00,0x00,0x00,0x00,0x00,0x00,0x00,0x00,0x00,0x01,0x01,0x03,0xdb,0xff,0xfc,0xff,0x53,0x00,0x04,
  0x00,0x00,0x00,0x00,0x00,0x00,0x00,0x00,0x00,0x00,0x00,0x00,0x00,0x04,0x00,0xa8,0xf8,0xf4,0xf8,0xf6,0xf6,0xf4,0xe2,0xaf,
  0x41,0x00,0x02,0x00,0x00,0x00,0x00,0x02,0x03,0x03,0x01,0x00,0x01,0x02,0x02,0x02,0x03,0x00,0xae,0xff,0xff,0xff,0x72,0x00,
  0x04,0x02,0x02,0x02,0x01,0x00,0x01,0x03,0x03,0x02,0x00,0x00,0x00,0x00,0x00,0x00,0x00,0x00,0x02,0x03,0x03,0x02,0x00,0x00,
  0x00,0x03,0x00,0x41,0xff,0xff,0xff,0x6f,0x00,0x04,0x00,0x00,0x00,0x00,0x00,0x00,0x00,0x02,0x03,0x03,0x05,0x00,0xa9,0xff,
  0xff,0xff,0x14,0x00,0x01,0x00,0x00,0x01,0x02,0x03,0x03,0x02,0x00,0x00,0x00,0x00,0x00,0x00,0x00,0x00,0x00,0x00,0x03,0x00,
  0x21,0x94,0xdf,0xfb,0xff,0xff,0xf0,0xb7,0x4a,0x00,0x02,0x00,0x00,0x00,0x00,0x00,0x01,0x02,0x03,0x02,0x00,0x00,0x02,0x02,
  0x02,0x01,0x00,0x00,0x02,0x02,0x02,0x02,0x00,0x01,0x02,0x03,0x02,0x00,0x00,0x00,0x00,0x00,0x00,0x00,0x01,0x02,0x03,0x02,
  0x01,0x00,0x02,0x02,0x02,0x02,0x01,0x02,0xd3,0xff,0xff,0xff,0x4c,0x00,0x04,0x00,0x01,0x02,0x03,0x03,0x01,0x00,0x00,0x00,
  0x00,0x00,0x00,0x00,0x04,0x00,0xae,0xff,0xfd,0xff,0xff,0xff,0xff,0xff,0xff,0xff,0x6a,0x00,0x02,0x00,0x02,0x01,0x00,0x00,
  0x00,0x00,0x03,0x00,0x00,0x00,0x00,0x02,0x01,0x1f,0xab,0xd6,0x90,0x08,0x01,0x00,0x00,0x00,0x00,0x00,0x03,0x00,0x00,0x00,
  0x00,0x03,0x01,0x00,0x00,0x00,0x00,0x03,0x01,0x00,0x00,0x00,0x00,0x01,0x02,0x00,0x03,0x00,0x3c,0xfc,0xf6,0xfc,0x68,0x00,
  0x04,0x00,0x00,0x00,0x00,0x00,0x01,0x02,0x00,0x00,0x00,0x00,0x03,0x9e,0xfc,0xfc,0xef,0x13,0x00,0x01,0x00,0x03,0x00,0x00,
  0x00,0x00,0x00,0x02,0x02,0x00,0x00,0x00,0x00,0x00,0x00,0x00,0x02,0x00,0x4c,0xec,0xff,0xff,0xff,0xff,0xff,0xff,0xff,0xff,
  0x8d,0x00,0x03,0x01,0x00,0x00,0x03,0x00,0x00,0x00,0x00,0x02,0x00,0x00,0x00,0x00,0x00,0x00,0x00,0x00,0x00,0x00,0x00,0x02,
  0x00,0x00,0x00,0x00,0x01,0x02,0x00,0x00,0x00,0x00,0x02,0x00,0x00,0x00,0x00,0x00,0x02,0x00,0x00,0x00,0x00,0x02,0x00,0x31,
  0xba,0xd3,0x79,0x02,0x01,0x00,0x03,0x00,0x00,0x00,0x00,0x00,0x03,0x01,0x00,0x00,0x00,0x00,0x00,0x04,0x00,0xad,0xfe,0xfb,
  0xfb,0xdd,0xdb,0xe5,0xff,0xfb,0xfe,0xfa,0x25,0x00,0x04,0x00,0x00,0x26,0x46,0x38,0x0a,0x00,0x1b,0x23,0x23,0x1e,0x01,0x00,
  0x0a,0x1b,0x25,0x17,0x05,0x00,0x06,0x23,0x22,0x23,0x11,0x00,0x16,0x40,0x42,0x1a,0x00,0x00,0x00,0x00,0x00,0x02,0x00,0x00,
  0x24,0x43,0x43,0x23,0x00,0x00,0x02,0x03,0x00,0x3d,0xff,0xf9,0xff,0x69,0x00,0x04,0x00,0x00,0x00,0x00,0x01,0x00,0x00,0x20,
  0x44,0x3b,0x11,0x00,0xa0,0xff,0xff,0xf2,0x13,0x00,0x01,0x02,0x00,0x01,0x2a,0x45,0x3f,0x1d,0x00,0x00,0x02,0x00,0x00,0x00,
  0x00,0x00,0x02,0x00,0x37,0xf9,0xff,0xf9,0xff,0xf2,0xd9,0xe8,0xff,0xfc,0xf9,0xff,0x7d,0x00,0x02,0x00,0x02,0x00,0x09,0x36,
  0x47,0x29,0x00,0x00,0x24,0x22,0x23,0x12,0x00,0x00,0x1d,0x23,0x23,0x1d,0x00,0x08,0x37,0x48,0x2a,0x00,0x00,0x01,0x00,0x00,
  0x02,0x00,0x00,0x2e,0x48,0x33,0x03,0x00,0x20,0x23,0x23,0x1a,0x00,0x00,0x0c,0x1d,0x25,0x15,0x03,0x00,0x02,0x00,0x06,0x30,
  0x47,0x3d,0x19,0x00,0x00,0x01,0x00,0x00,0x00,0x00,0x04,0x00,0xad,0xff,0xff,0xe9,0x0c,0x01,0x0d,0x82,0xff,0xf9,0xff,0x77,
  0x00,0x00,0x24,0xb5,0xfa,0xff,0xff,0xdb,0x4b,0xb3,0xfe,0xfe,0xdd,0x06,0x00,0x73,0xff,0xf7,0xff,0x38,0x00,0x2b,0xfe,0xfa,
  0xfe,0x80,0x6e,0xea,0xff,0xff,0xf1,0x8c,0x04,0x02,0x01,0x02,0x00,0x41,0xbf,0xf8,0xff,0xff,0xf7,0xbc,0x39,0x00,0x05,0x00,
  0x3d,0xff,0xf9,0xff,0x69,0x00,0x04,0x00,0x00,0x00,0x01,0x00,0x17,0xa5,0xf5,0xff,0xff,0xe2,0x5a,0x99,0xff,0xff,0xf2,0x13,
  0x00,0x03,0x00,0x55,0xcc,0xfc,0xff,0xff,0xf3,0xae,0x29,0x00,0x02,0x00,0x00,0x00,0x00,0x01,0x05,0xce,0xff,0xf9,0xff,0x92,
  0x1d,0x03,0x11,0x6e,0xfd,0xff,0xff,0xff,0x30,0x00,0x04,0x00,0x5d,0xdb,0xff,0xff,0xfa,0xac,0x41,0xf8,0xfc,0xfe,0x83,0x00,
  0x00,0xcf,0xfe,0xfe,0xc3,0x47,0xd5,0xff,0xff,0xfc,0xb9,0x1f,0x00,0x02,0x02,0x00,0x39,0xc5,0xfe,0xff,0xff,0xcb,0x3d,0xd4,
  0xfe,0xfe,0xbc,0x00,0x00,0x9b,0xff,0xfc,0xf7,0x18,0x00,0x00,0x5e,0xd8,0xfe,0xff,0xff,0xef,0x9d,0x11,0x00,0x01,0x00,0x00,
  0x00,0x04,0x00,0xad,0xff,0xff,0xe9,0x0f,0x04,0x00,0x10,0xf8,0xfd,0xfe,0x9a,0x01,0x21,0xe3,0xff,0xfe,0xfe,0xff,0xff,0xf6,
  0xeb,0xff,0xff,0xdf,0x06,0x00,0x72,0xff,0xfa,0xff,0x38,0x00,0x2b,0xff,0xff,0xff,0xe7,0xff,0xff,0xff,0xfc,0xff,0xff,0x8e,
  0x00,0x05,0x00,0x58,0xfe,0xff,0xff,0xff,0xff,0xff,0xff,0xfb,0x4b,0x00,0x00,0x3d,0xff,0xf9,0xff,0x69,0x00,0x04,0x00,0x00,
  0x01,0x02,0x0f,0xcf,0xff,0xff,0xfd,0xff,0xff,0xfd,0xe8,0xff,0xff,0xf2,0x13,0x00,0x00,0x76,0xff,0xff,0xff,0xff,0xff,0xff,
  0xff,0xec,0x32,0x00,0x02,0x00,0x00,0x03,0x00,0x45,0xff,0xf9,0xff,0xa6,0x00,0x00,0x00,0x00,0x00,0x6e,0xce,0xc4,0xcf,0x66,
  0x00,0x00,0x65,0xff,0xff,0xfc,0xff,0xff,0xff,0xe7,0xf9,0xfd,0xff,0x83,0x00,0x00,0xd1,0xff,0xff,0xef,0xf7,0xff,0xff,0xfc,
  0xfe,0xff,0xd2,0x0c,0x02,0x00,0x36,0xf4,0xff,0xfc,0xff,0xff,0xff,0xf0,0xf0,0xfe,0xff,0xbd,0x00,0x00,0x99,0xff,0xff,0xf6,
  0x1b,0x00,0x5b,0xff,0xff,0xff,0xff,0xff,0xff,0xff,0xbd,0x05,0x02,0x00,0x00,0x00,0x04,0x00,0xad,0xff,0xff,0xe7,0x00,0x00,
  0x00,0x41,0xfd,0xfa,0xfe,0x8d,0x00,0xac,0xff,0xf8,0xff,0xff,0xd0,0xe2,0xff,0xff,0xfc,0xfe,0xde,0x06,0x00,0x72,0xfe,0xf9,
  0xfe,0x38,0x00,0x2b,0xfe,0xff,0xfe,0xff,0xfa,0xcf,0xe8,0xff,0xfd,0xfc,0xfb,0x25,0x00,0x20,0xf4,0xfe,0xfd,0xfe,0xbb,0xbf,
  0xff,0xfb,0xff,0xea,0x17,0x00,0x3e,0xff,0xf9,0xff,0x69,0x00,0x04,0x00,0x00,0x03,0x00,0x89,0xff,0xf8,0xff,0xff,0xd4,0xdd,
  0xff,0xff,0xfe,0xff,0xf2,0x16,0x00,0x37,0xff,0xfb,0xff,0xf7,0xb7,0xc8,0xff,0xf9,0xff,0xd1,0x06,0x01,0x01,0x00,0x04,0x00,
  0x89,0xfe,0xfb,0xfd,0x33,0x02,0x05,0x00,0x01,0x03,0x00,0x00,0x00,0x00,0x01,0x00,0x1d,0xf4,0xfe,0xfb,0xff,0xeb,0xcf,0xf6,
  0xff,0xff,0xfa,0xfe,0x83,0x00,0x00,0xd0,0xfe,0xfc,0xff,0xff,0xd5,0xd9,0xff,0xfe,0xf9,0xff,0x68,0x00,0x06,0xcc,0xff,0xf9,
  0xff,0xf7,0xd0,0xea,0xff,0xff,0xfb,0xfe,0xbd,0x00,0x00,0x99,0xfe,0xfd,0xf6,0x18,0x00,0xd1,0xfe,0xfc,0xc3,0x64,0x94,0xff,
  0xff,0xff,0x61,0x00,0x04,0x00,0x00,0x04,0x00,0xad,0xff,0xfd,0xf4,0x86,0x80,0x91,0xe9,0xff,0xf9,0xff,0x3e,0x12,0xfa,0xfd,
  0xfd,0xeb,0x41,0x00,0x0e,0x9c,0xff,0xfb,0xff,0xde,0x06,0x00,0x72,0xff,0xf9,0xff,0x38,0x00,0x2b,0xff,0xfe,0xfe,0xec,0x3c,
  0x00,0x15,0xb9,0xff,0xf9,0xff,0x65,0x00,0x82,0xff,0xfa,0xf6,0x42,0x00,0x00,0x54,0xfb,0xfa,0xff,0x6f,0x00,0x41,0xff,0xf9,
  0xff,0x69,0x00,0x04,0x00,0x01,0x00,0x0c,0xe6,0xfd,0xfd,0xf6,0x55,0x00,0x08,0x85,0xff,0xfc,0xff,0xf2,0x16,0x00,0xa3,0xff,
  0xfb,0xea,0x29,0x00,0x00,0x72,0xff,0xfa,0xff,0x4a,0x00,0x03,0x00,0x03,0x00,0xad,0xff,0xff,0xea,0x0e,0x00,0x01,0x00,0x00,
  0x00,0x02,0x01,0x01,0x01,0x03,0x00,0x74,0xff,0xf8,0xff,0xb3,0x18,0x00,0x31,0xde,0xfe,0xf9,0xff,0x83,0x00,0x00,0xd0,0xff,
  0xfb,0xfe,0x75,0x02,0x03,0x7e,0xff,0xf9,0xfd,0xaf,0x00,0x3f,0xff,0xfb,0xfe,0xd9,0x2d,0x00,0x1b,0xb9,0xff,0xf9,0xff,0xbd,
  0x00,0x00,0x99,0xff,0xfe,0xf6,0x15,0x01,0xe8,0xfd,0xff,0x77,0x00,0x00,0x78,0xb3,0xb4,0x67,0x00,0x03,0x00,0x00,0x04,0x00,
  0xad,0xff,0xfb,0xff,0xff,0xff,0xff,0xff,0xff,0xff,0xb3,0x00,0x4e,0xff,0xf9,0xff,0x79,0x00,0x06,0x00,0x0a,0xe6,0xff,0xff,
  0xde,0x06,0x00,0x72,0xff,0xf9,0xff,0x38,0x00,0x2b,0xff,0xfb,0xff,0x99,0x00,0x07,0x00,0x3f,0xff,0xf9,0xfe,0x7b,0x00,0xbf,
  0xfe,0xff,0xd0,0x29,0x34,0x32,0x2e,0xe4,0xfc,0xfb,0xaa,0x00,0x40,0xff,0xf9,0xff,0x69,0x00,0x04,0x00,0x03,0x00,0x33,0xfe,
  0xfc,0xff,0x98,0x00,0x04,0x00,0x00,0xd2,0xff,0xff,0xf3,0x12,0x01,0xd8,0xff,0xff,0xb5,0x28,0x36,0x31,0x3f,0xf6,0xfa,0xfb,
  0x86,0x00,0x04,0x00,0x03,0x00,0xb3,0xff,0xff,0xe4,0x08,0x00,0x01,0x00,0x00,0x00,0x02,0x04,0x04,0x04,0x05,0x00,0xac,0xfe,
  0xfd,0xf5,0x1e,0x00,0x07,0x00,0x5c,0xff,0xf7,0xff,0x83,0x00,0x00,0xd0,0xff,0xff,0xde,0x00,0x00,0x00,0x04,0xe4,0xff,0xff,
  0xc8,0x00,0x75,0xfe,0xf9,0xff,0x52,0x00,0x07,0x00,0x26,0xf7,0xfc,0xff,0xbd,0x00,0x00,0x99,0xff,0xfe,0xf6,0x19,0x00,0xc6,
  0xff,0xf8,0xf8,0xbc,0x78,0x2b,0x00,0x00,0x00,0x00,0x00,0x00,0x00,0x04,0x00,0xad,0xff,0xfb,0xff,0xff,0xff,0xff,0xff,0xf5,
  0x97,0x0d,0x00,0x63,0xfe,0xf8,0xff,0x44,0x03,0x03,0x03,0x00,0xbf,0xff,0xff,0xde,0x06,0x00,0x72,0xff,0xf9,0xff,0x38,0x00,
  0x2b,0xff,0xfb,0xff,0x81,0x02,0x07,0x01,0x2c,0xff,0xfa,0xff,0x7e,0x00,0xd6,0xff,0xfd,0xff,0xff,0xff,0xff,0xff,0xff,0xff,
  0xff,0xcb,0x00,0x3f,0xff,0xf9,0xff,0x69,0x00,0x04,0x00,0x03,0x00,0x43,0xff,0xf8,0xff,0x61,0x03,0x04,0x05,0x02,0xa1,0xff,
  0xff,0xf3,0x0f,0x08,0xec,0xff,0xfe,0xff,0xff,0xff,0xff,0xff,0xff,0xff,0xff,0xa5,0x00,0x04,0x00,0x03,0x00,0x9f,0xfe,0xfe,
  0xf4,0x1b,0x02,0x02,0x00,0x00,0x01,0x00,0x00,0x00,0x00,0x00,0x00,0xc1,0xff,0xff,0xd9,0x01,0x01,0x03,0x02,0x2a,0xff,0xfa,
  0xff,0x83,0x00,0x00,0xd0,0xff,0xff,0xcb,0x01,0x02,0x01,0x00,0xd2,0xff,0xff,0xcd,0x00,0x8a,0xff,0xfb,0xfe,0x24,0x02,0x03,
  0x02,0x04,0xe0,0xff,0xff,0xbd,0x00,0x00,0x99,0xff,0xfe,0xf5,0x1a,0x01,0x3e,0xed,0xff,0xff,0xff,0xff,0xff,0xcc,0x49,0x00,
  0x01,0x00,0x00,0x00,0x04,0x00,0xad,0xff,0xfd,0xf3,0x79,0x73,0x72,0x59,0x22,0x00,0x01,0x00,0x5c,0xfe,0xf8,0xff,0x50,0x02,
  0x07,0x05,0x00,0xca,0xff,0xff,0xde,0x06,0x00,0x72,0xff,0xf9,0xff,0x38,0x00,0x2b,0xff,0xfb,0xff,0x82,0x00,0x07,0x00,0x2c,
  0xff,0xfa,0xff,0x7d,0x00,0xd0,0xff,0xfd,0xea,0xc5,0xc7,0xc7,0xc0,0xb8,0xb6,0xb8,0x8a,0x00,0x3e,0xff,0xf9,0xff,0x69,0x00,
  0x04,0x00,0x03,0x00,0x3f,0xff,0xf9,0xff,0x6e,0x00,0x07,0x06,0x00,0xae,0xff,0xff,0xf3,0x10,0x05,0xe6,0xff,0xfe,0xe1,0xc6,
  0xc8,0xc7,0xbe,0xb8,0xb5,0xb7,0x6f,0x00,0x03,0x00,0x04,0x00,0x6b,0xff,0xf8,0xff,0x63,0x00,0x07,0x03,0x05,0x00,0x1d,0x57,
  0x53,0x57,0x36,0x00,0xbd,0xff,0xff,0xe3,0x06,0x03,0x07,0x03,0x33,0xff,0xf9,0xff,0x83,0x00,0x00,0xd0,0xff,0xff,0xcc,0x00,
  0x02,0x01,0x00,0xd3,0xff,0xff,0xcc,0x00,0x84,0xfe,0xfa,0xff,0x2d,0x03,0x07,0x03,0x09,0xe8,0xff,0xff,0xbd,0x00,0x00,0x99,
  0xff,0xfe,0xf5,0x18,0x00,0x00,0x16,0x78,0xc9,0xf4,0xff,0xff,0xff,0xfd,0x39,0x00,0x02,0x00,0x00,0x04,0x00,0xad,0xff,0xff,
  0xe7,0x00,0x00,0x00,0x00,0x00,0x03,0x04,0x00,0x3a,0xff,0xfb,0xff,0xac,0x00,0x00,0x00,0x32,0xf7,0xfd,0xff,0xde,0x06,0x00,
  0x72,0xff,0xf9,0xff,0x38,0x00,0x2b,0xff,0xfb,0xff,0x82,0x00,0x07,0x00,0x2c,0xff,0xfa,0xff,0x80,0x00,0xac,0xfe,0xfe,0xce,
  0x00,0x00,0x00,0x09,0x34,0x31,0x33,0x1a,0x00,0x3e,0xff,0xf9,0xff,0x69,0x00,0x04,0x00,0x02,0x00,0x22,0xf8,0xfd,0xff,0xc6,
  0x00,0x00,0x00,0x1b,0xec,0xfe,0xff,0xf3,0x14,0x00,0xc8,0xfe,0xff,0xb0,0x00,0x00,0x00,0x14,0x34,0x31,0x34,0x10,0x00,0x01,
  0x00,0x02,0x00,0x1e,0xf6,0xfb,0xfd,0xe7,0x2d,0x00,0x00,0x00,0x13,0xcc,0xff,0xff,0xff,0x65,0x00,0x9c,0xfe,0xf9,0xfe,0x50,
  0x00,0x00,0x00,0x8e,0xff,0xf7,0xff,0x83,0x00,0x00,0xd0,0xff,0xff,0xcc,0x00,0x02,0x01,0x00,0xd3,0xff,0xff,0xcc,0x00,0x60,
  0xff,0xf9,0xff,0x88,0x00,0x00,0x00,0x56,0xfe,0xfa,0xff,0xbd,0x00,0x00,0x99,0xff,0xfe,0xf6,0x15,0x10,0x34,0x29,0x20,0x00,
  0x21,0x69,0xe5,0xfa,0xff,0x9c,0x00,0x04,0x00,0x00,0x04,0x00,0xad,0xff,0xff,0xe9,0x0f,0x04,0x05,0x04,0x02,0x00,0x01,0x01,
  0x0a,0xe1,0xfd,0xfc,0xff,0x9e,0x3f,0x5e,0xdf,0xff,0xfb,0xff,0xde,0x06,0x00,0x72,0xff,0xf9,0xff,0x38,0x00,0x2b,0xff,0xfb,
  0xff,0x82,0x00,0x07,0x00,0x2c,0xff,0xfa,0xff,0x80,0x00,0x5b,0xff,0xf9,0xff,0xab,0x44,0x55,0xd9,0xff,0xff,0xff,0x4c,0x00,
  0x40,0xff,0xf9,0xff,0x69,0x00,0x04,0x00,0x00,0x02,0x01,0xc8,0xfe,0xfa,0xff,0xb0,0x44,0x54,0xd2,0xff,0xfc,0xff,0xf2,0x17,
  0x00,0x7a,0xff,0xf9,0xff,0x95,0x41,0x60,0xe8,0xff,0xff,0xff,0x2c,0x00,0x02,0x00,0x00,0x03,0x00,0x84,0xff,0xf8,0xff,0xf1,
  0x93,0x67,0x7f,0xdb,0xff,0xf6,0xff,0xcc,0x06,0x00,0x4e,0xff,0xf9,0xfe,0xed,0x6c,0x40,0x8b,0xfd,0xfe,0xfa,0xff,0x83,0x00,
  0x00,0xd0,0xff,0xff,0xcc,0x00,0x02,0x01,0x00,0xd3,0xff,0xff,0xca,0x00,0x20,0xf7,0xfc,0xfd,0xfe,0x88,0x40,0x6e,0xed,0xfe,
  0xfb,0xff,0xbd,0x00,0x00,0x99,0xff,0xfe,0xf8,0x0b,0x35,0xff,0xfc,0xff,0x7c,0x00,0x00,0xb9,0xff,0xfc,0xab,0x00,0x04,0x00,
  0x00,0x04,0x00,0xab,0xfc,0xfc,0xe6,0x0b,0x00,0x01,0x00,0x00,0x00,0x00,0x03,0x00,0x69,0xff,0xfa,0xfb,0xff,0xff,0xff,0xff,
  0xff,0xfa,0xfc,0xdb,0x06,0x00,0x70,0xfc,0xf6,0xfc,0x37,0x00,0x2a,0xfc,0xf8,0xfc,0x80,0x00,0x07,0x00,0x2b,0xfc,0xf7,0xfc,
  0x7c,0x00,0x06,0xc2,0xff,0xf9,0xff,0xff,0xff,0xff,0xf8,0xff,0xad,0x00,0x00,0x3d,0xfc,0xf6,0xfc,0x68,0x00,0x04,0x00,0x00,
  0x03,0x00,0x4d,0xff,0xfc,0xfa,0xff,0xff,0xff,0xff,0xff,0xfb,0xfc,0xef,0x14,0x00,0x11,0xdc,0xff,0xfa,0xff,0xff,0xff,0xff,
  0xf8,0xff,0x8b,0x00,0x03,0x00,0x00,0x00,0x01,0x03,0x06,0xaf,0xff,0xff,0xfe,0xff,0xff,0xff,0xff,0xfb,0xff,0xe7,0x2b,0x00,
  0x02,0x05,0xc7,0xff,0xf8,0xff,0xff,0xff,0xff,0xff,0xfb,0xf8,0xfc,0x81,0x00,0x00,0xcd,0xfc,0xfc,0xc9,0x00,0x02,0x01,0x00,
  0xd0,0xfc,0xfc,0xc5,0x00,0x00,0x90,0xff,0xf9,0xfc,0xff,0xff,0xff,0xff,0xfe,0xf9,0xfc,0xba,0x00,0x00,0x97,0xfc,0xfb,0xf2,
  0x18,0x03,0xc9,0xff,0xf9,0xff,0xca,0xd1,0xfc,0xf9,0xff,0x6a,0x00,0x04,0x00,0x00,0x04,0x00,0xb8,0xff,0xff,0xf7,0x0c,0x00,
  0x01,0x00,0x00,0x00,0x00,0x00,0x02,0x00,0x97,0xff,0xff,0xff,0xff,0xff,0xbf,0xd8,0xff,0xff,0xeb,0x06,0x00,0x79,0xff,0xff,
  0xff,0x3b,0x00,0x2e,0xff,0xff,0xff,0x8a,0x00,0x07,0x00,0x2f,0xff,0xff,0xff,0x85,0x00,0x03,0x17,0xc2,0xff,0xff,0xff,0xff,
  0xff,0xff,0xb6,0x0f,0x03,0x00,0x41,0xff,0xff,0xff,0x6f,0x00,0x04,0x00,0x00,0x00,0x02,0x00,0x7e,0xff,0xff,0xff,0xff,0xff,
  0xcf,0xc9,0xff,0xff,0xff,0x14,0x00,0x00,0x2a,0xd4,0xff,0xff,0xff,0xff,0xff,0xff,0xa0,0x05,0x02,0x01,0x00,0x00,0x00,0x00,
  0x01,0x00,0x04,0x83,0xf0,0xff,0xff,0xff,0xff,0xff,0xff,0xba,0x25,0x00,0x02,0x02,0x00,0x23,0xd8,0xff,0xff,0xff,0xff,0xff,
  0xa8,0xff,0xff,0xff,0x8b,0x00,0x00,0xdd,0xff,0xff,0xd8,0x00,0x02,0x01,0x00,0xe0,0xff,0xff,0xd4,0x00,0x03,0x0a,0xb4,0xff,
  0xff,0xff,0xff,0xff,0xb2,0xec,0xff,0xff,0xc8,0x00,0x00,0xa2,0xff,0xff,0xff,0x1c,0x00,0x23,0xcf,0xff,0xff,0xff,0xff,0xff,
  0xff,0xb0,0x08,0x02,0x01,0x00,0x00,0x03,0x00,0x7a,0xb4,0xb4,0xa4,0x08,0x00,0x01,0x00,0x00,0x00,0x00,0x00,0x00,0x01,0x00,
  0x55,0xb3,0xd2,0xc5,0x82,0x0a,0x7e,0xb4,0xb4,0x9c,0x04,0x00,0x50,0xb4,0xb0,0xb4,0x27,0x00,0x1e,0xb4,0xb1,0xb4,0x5c,0x00,
  0x05,0x00,0x1f,0xb4,0xb0,0xb4,0x58,0x00,0x04,0x00,0x03,0x5f,0xb0,0xcf,0xcf,0xae,0x5a,0x00,0x00,0x03,0x00,0x2b,0xb4,0xb0,
  0xb4,0x4a,0x00,0x03,0x00,0x00,0x00,0x00,0x02,0x00,0x46,0xaa,0xcf,0xc9,0x90,0x14,0x67,0xb4,0xb4,0xab,0x0d,0x00,0x03,0x00,
  0x0d,0x6e,0xb7,0xd1,0xcc,0xa5,0x4b,0x00,0x00,0x01,0x00,0x00,0x00,0x00,0x00,0x00,0x01,0x00,0x00,0x20,0x6a,0x9d,0xb1,0xaa,
  0x81,0x3e,0x00,0x00,0x02,0x00,0x00,0x01,0x00,0x13,0x82,0xc4,0xd2,0xb4,0x4c,0x12,0xb3,0xb1,0xb4,0x5c,0x00,0x00,0x93,0xb4,
  0xb4,0x90,0x00,0x01,0x01,0x00,0x95,0xb4,0xb4,0x8d,0x00,0x02,0x00,0x01,0x68,0xbc,0xd3,0xc1,0x6f,0x04,0x98,0xb4,0xb4,0x85,
  0x00,0x00,0x6c,0xb4,0xb3,0xad,0x11,0x00,0x00,0x0a,0x69,0xb4,0xcd,0xcd,0xb1,0x5e,0x00,0x00,0x01,0x00,0x00,0x00,0x00,0x00,
  0x00,0x00,0x00,0x00,0x00,0x00,0x00,0x00,0x00,0x00,0x00,0x00,0x00,0x00,0x01,0x00,0x00,0x02,0x00,0x00,0x00,0x00,0x00,0x00,
  0x00,0x00,0x00,0x00,0x00,0x00,0x00,0x00,0x00,0x00,0x00,0x00,0x00,0x00,0x00,0x00,0x00,0x00,0x00,0x00,0x00,0x00,0x00,0x00,
  0x01,0x00,0x00,0x00,0x00,0x01,0x00,0x00,0x00,0x01,0x00,0x00,0x00,0x00,0x00,0x00,0x00,0x00,0x00,0x00,0x00,0x00,0x00,0x00,
  0x02,0x00,0x00,0x01,0x00,0x00,0x00,0x00,0x00,0x00,0x00,0x00,0x00,0x00,0x02,0x00,0x00,0x00,0x02,0x00,0x00,0x00,0x01,0x01,
  0x00,0x00,0x00,0x00,0x00,0x00,0x00,0x00,0x01,0x03,0x00,0x00,0x00,0x00,0x00,0x00,0x00,0x01,0x02,0x00,0x00,0x00,0x00,0x02,
  0x00,0x00,0x00,0x02,0x00,0x00,0x00,0x00,0x00,0x00,0x00,0x00,0x00,0x00,0x00,0x00,0x00,0x00,0x00,0x00,0x00,0x00,0x00,0x00,
  0x00,0x00,0x00,0x01,0x00,0x00,0x00,0x03,0x00,0x00,0x00,0x00,0x00,0x00,0x00,0x00,0x00,0x00,0x00,0x00,0x00,0x00,0x00,0x02,
  0x00,0x00,0x00,0x01,0x01,0x00,0x00,0x00,0x01,0x00,0x00,0x00,0x00,0x00,0x00,0x02,0x03,0x03,0x03,0x00,0x00,0x00,0x00,0x00,
  0x00,0x00,0x00,0x00,0x00,0x00,0x03,0x03,0x00,0x01,0x04,0x01,0x02,0x03,0x03,0x03,0x00,0x00,0x02,0x03,0x03,0x03,0x01,0x00,
  0x01,0x03,0x03,0x03,0x02,0x00,0x00,0x00,0x01,0x03,0x03,0x03,0x02,0x00,0x00,0x00,0x01,0x04,0x03,0x00,0x00,0x03,0x03,0x00,
  0x00,0x00,0x00,0x01,0x03,0x03,0x03,0x01,0x00,0x00,0x00,0x00,0x00,0x00,0x00,0x00,0x03,0x03,0x00,0x00,0x04,0x01,0x02,0x03,
  0x03,0x03,0x00,0x00,0x00,0x00,0x01,0x04,0x03,0x00,0x00,0x03,0x03,0x00,0x00,0x00,0x00,0x00,0x00,0x00,0x00,0x00,0x00,0x00,
  0x00,0x02,0x04,0x04,0x03,0x04,0x04,0x03,0x00,0x00,0x00,0x00,0x00,0x00,0x00,0x01,0x04,0x01,0x00,0x02,0x03,0x01,0x03,0x03,
  0x03,0x02,0x00,0x00,0x03,0x03,0x03,0x03,0x00,0x00,0x00,0x00,0x03,0x03,0x03,0x03,0x00,0x00,0x00,0x01,0x04,0x02,0x00,0x02,
  0x04,0x01,0x03,0x03,0x03,0x03,0x00,0x00,0x02,0x03,0x03,0x03,0x00,0x00,0x00,0x01,0x04,0x03,0x00,0x00,0x03,0x04,0x01,0x00,
  0x00,0x00,0x00,
};
const lv_img_dsc_t txt_app_title = {
  .header.cf = LV_IMG_CF_ALPHA_8BIT,
  .header.always_zero = 0,
  .header.reserved = 0,
  .header.w = 183,
  .header.h = 21,
  .data_size = 3843,
  .data = txt_app_title_map,
};

static const uint8_t txt_status_teste_map[] = {
  0x00,0x00,0x00,0x03,0x04,0x00,0x00,0x00,0x00,0x00,0x00,0x00,0x00,0x04,0x03,0x00,0x00,0x00,0x00,0x00,0x00,0x00,0x00,0x00,
  0x00,0x00,0x00,0x00,0x00,0x00,0x00,0x00,0x00,0x00,0x00,0x00,0x00,0x00,0x00,0x00,0x00,0x00,0x00,0x00,0x00,0x00,0x00,0x00,
  0x00,0x00,0x00,0x00,0x01,0x03,0x01,0x00,0x00,0x00,0x00,0x00,0x00,0x00,0x00,0x00,0x00,0x00,0x00,0x00,0x00,0x00,0x00,0x00,
  0x00,0x00,0x00,0x00,0x01,0x03,0x01,0x00,0x00,0x00,0x00,0x00,0x00,0x00,0x00,0x00,0x00,0x00,0x00,0x00,0x00,0x00,0x00,0x00,
  0x00,0x00,0x00,0x00,0x00,0x00,0x00,0x00,0x00,0x00,0x00,0x00,0x00,0x00,0x00,0x00,0x00,0x00,0x00,0x00,0x00,0x00,0x00,0x00,
  0x00,0x00,0x00,0x00,0x00,0x00,0x00,0x00,0x00,0x00,0x00,0x00,0x00,0x00,0x00,0x00,0x00,0x00,0x00,0x00,0x00,0x00,0x00,0x00,
  0x00,0x00,0x00,0x00,0x00,0x00,0x00,0x00,0x00,0x00,0x00,0x00,0x00,0x00,0x00,0x00,0x00,0x00,0x00,0x00,0x00,0x00,0x00,0x00,
  0x00,0x00,0x00,0x00,0x00,0x00,0x00,0x00,0x00,0x00,0x00,0x00,0x00,0x00,0x00,0x00,0x00,0x00,0x00,0x00,0x00,0x00,0x00,0x00,
  0x00,0x00,0x00,0x00,0x00,0x00,0x00,0x00,0x00,0x00,0x00,0x00,0x03,0x04,0x00,0x02,0x02,0x00,0x00,0x00,0x00,0x00,0x00,0x00,
  0x00,0x00,0x00,0x00,0x00,0x00,0x00,0x00,0x00,0x00,0x00,0x00,0x00,0x00,0x00,0x00,0x00,0x00,0x00,0x00,0x00,0x00,0x00,0x00,
  0x00,0x00,0x00,0x00,0x00,0x00,0x00,0x00,0x00,0x00,0x00,0x00,0x00,0x00,0x00,0x00,0x00,0x00,0x00,0x00,0x00,0x00,0x00,0x00,
  0x00,0x00,0x00,0x00,0x00,0x00,0x00,0x00,0x00,0x00,0x00,0x00,0x00,0x00,0x00,0x00,0x00,0x00,0x00,0x00,0x00,0x00,0x00,0x00,
  0x00,0x00,0x00,0x00,0x00,0x00,0x00,0x00,0x00,0x00,0x00,0x00,0x00,0x00,0x00,0x00,0x00,0x00,0x00,0x00,0x00,0x00,0x00,0x00,
  0x00,0x00,0x00,0x00,0x00,0x00,0x00,0x00,0x00,0x00,0x00,0x00,0x00,0x00,0x00,0x00,0x00,0x00,0x00,0x00,0x00,0x00,0x00,0x00,
  0x00,0x00,0x00,0x00,0x00,0x00,0x00,0x00,0x00,0x00,0x00,0x00,0x00,0x00,0x00,0x00,0x00,0x00,0x00,0x00,0x00,0x00,0x00,0x00,
  0x00,0x00,0x01,0x10,0x07,0x00,0x00,0x00,0x00,0x00,0x00,0x00,0x00,0x00,0x00,0x00,0x00,0x00,0x00,0x00,0x00,0x00,0x00,0x00,
  0x00,0x00,0x00,0x00,0x00,0x00,0x00,0x00,0x00,0x00,0x00,0x00,0x00,0x00,0x00,0x00,0x00,0x00,0x00,0x00,0x00,0x00,0x00,0x00,
  0x00,0x00,0x00,0x00,0x00,0x00,0x00,0x00,0x00,0x00,0x00,0x00,0x00,0x00,0x00,0x00,0x00,0x00,0x00,0x00,0x00,0x00,0x00,0x00,
  0x00,0x00,0x00,0x00,0x00,0x00,0x00,0x00,0x00,0x00,0x00,0x00,0x00,0x00,0x00,0x00,0x00,0x00,0x00,0x00,0x00,0x00,0x00,0x00,
  0x00,0x00,0x00,0x00,0x00,0x00,0x00,0x00,0x00,0x00,0x00,0x00,0x00,0x00,0x00,0x00,0x00,0x00,0x00,0x00,0x00,0x00,0x00,0x00,
  0x00,0x00,0x00,0x00,0x00,0x00,0x00,0x00,0x00,0x00,0x00,0x00,0x00,0x00,0x00,0x00,0x00,0x00,0x00,0x00,0x00,0x00,0x00,0x00,
  0x00,0x00,0x00,0x00,0x00,0x00,0x00,0x00,0x00,0x00,0x00,0x00,0x00,0x00,0x00,0x00,0x00,0x00,0x00,0x00,0x00,0x00,0x00,0x00,
  0x00,0x00,0x00,0x00,0x01,0x00,0x00,0x01,0x00,0x00,0x00,0x00,0x00,0x00,0x00,0x00,0x00,0x00,0x00,0x00,0x00,0x00,0x00,0x00,
  0x00,0x00,0x00,0x00,0x00,0x00,0x00,0x00,0x00,0x00,0x00,0x00,0x00,0x00,0x00,0x00,0x00,0x00,0x00,0x00,0x00,0x00,0x00,0x00,
  0x00,0x00,0x00,0x00,0x00,0x00,0x00,0x00,0x00,0x00,0x00,0x00,0x00,0x00,0x00,0x00,0x00,0x00,0x00,0x00,0x00,0x00,0x00,0x00,
  0x00,0x00,0x00,0x00,0x00,0x00,0x00,0x00,0x00,0x00,0x00,0x00,0x00,0x00,0x00,0x00,0x00,0x00,0x00,0x00,0x00,0x00,0x00,0x00,
  0x00,0x00,0x00,0x00,0x00,0x00,0x00,0x00,0x00,0x00,0x00,0x00,0x00,0x00,0x00,0x00,0x00,0x00,0x00,0x00,0x00,0x00,0x00,0x00,
  0x00,0x00,0x00,0x00,0x00,0x00,0x00,0x00,0x00,0x00,0x00,0x01,0x00,0x3b,0x55,0x03,0x00,0x00,0x00,0x00,0x00,0x00,0x03,0x55,
  0x39,0x00,0x01,0x00,0x00,0x01,0x01,0x01,0x00,0x00,0x00,0x00,0x00,0x00,0x00,0x00,0x01,0x02,0x00,0x11,0xf0,0x70,0x00,0x04,
  0x00,0x00,0x00,0x01,0x01,0x00,0x00,0x00,0x00,0x00,0x00,0x00,0x00,0x00,0x0c,0x35,0x0f,0x01,0x01,0x00,0x00,0x00,0x00,0x01,
  0x01,0x01,0x00,0x00,0x00,0x00,0x00,0x00,0x01,0x01,0x00,0x00,0x00,0x00,0x0d,0x35,0x0e,0x01,0x01,0x00,0x00,0x00,0x00,0x01,
  0x01,0x00,0x00,0x00,0x00,0x00,0x00,0x00,0x00,0x00,0x00,0x00,0x00,0x00,0x00,0x00,0x00,0x00,0x00,0x00,0x00,0x00,0x00,0x00,
  0x00,0x00,0x00,0x00,0x00,0x00,0x00,0x01,0x01,0x00,0x00,0x00,0x00,0x00,0x00,0x00,0x01,0x01,0x00,0x00,0x00,0x00,0x00,0x01,
  0x01,0x00,0x00,0x01,0x01,0x00,0x00,0x00,0x00,0x01,0x01,0x00,0x00,0x00,0x00,0x00,0x00,0x00,0x00,0x00,0x00,0x00,0x00,0x01,
  0x01,0x00,0x00,0x00,0x00,0x00,0x00,0x00,0x01,0x01,0x01,0x00,0x00,0x00,0x00,0x00,0x01,0x01,0x00,0x01,0x01,0x01,0x00,0x00,
  0x00,0x00,0x00,0x00,0x00,0x01,0x01,0x00,0x00,0x00,0x00,0x01,0x01,0x00,0x00,0x00,0x00,0x01,0x00,0x00,0x01,0x00,0x4d,0x5d,
  0x00,0x2f,0x2b,0x01,0x01,0x00,0x00,0x00,0x00,0x01,0x01,0x01,0x00,0x00,0x00,0x00,0x00,0x00,0x00,0x00,0x00,0x00,0x00,0x01,
  0x01,0x01,0x00,0x00,0x00,0x00,0x00,0x00,0x00,0x01,0x01,0x01,0x00,0x00,0x00,0x00,0x00,0x01,0x01,0x00,0x01,0x01,0x00,0x00,
  0x00,0x00,0x00,0x01,0x01,0x00,0x00,0x00,0x00,0x00,0x00,0x00,0x00,0x00,0x00,0x00,0x01,0x01,0x00,0x00,0x01,0x01,0x00,0x00,
  0x00,0x00,0x00,0x00,0x00,0x01,0x00,0x00,0x01,0x01,0x00,0x00,0x00,0x00,0x01,0x01,0x00,0x00,0x00,0x00,0x00,0x00,0x00,0x00,
  0x01,0x01,0x00,0x00,0x00,0x00,0x00,0x00,0x00,0x01,0x01,0x00,0x00,0x00,0x00,0x00,0x00,0x00,0x01,0x01,0x00,0x00,0x01,0x01,
  0x00,0x00,0x00,0x00,0x04,0x00,0xb5,0xff,0x47,0x01,0x03,0x00,0x00,0x03,0x01,0x47,0xff,0xb0,0x00,0x04,0x01,0x03,0x00,0x00,
  0x00,0x03,0x02,0x00,0x00,0x00,0x00,0x03,0x01,0x00,0x00,0x03,0x14,0xff,0x79,0x00,0x04,0x00,0x03,0x02,0x00,0x00,0x01,0x03,
  0x00,0x00,0x00,0x00,0x00,0x03,0x00,0x35,0xff,0x44,0x00,0x00,0x00,0x00,0x02,0x03,0x00,0x00,0x00,0x03,0x00,0x00,0x00,0x02,
  0x03,0x00,0x00,0x01,0x03,0x03,0x00,0x3b,0xff,0x3e,0x00,0x01,0x00,0x00,0x02,0x02,0x00,0x00,0x00,0x03,0x00,0x00,0x00,0x00,
  0x00,0x00,0x00,0x00,0x00,0x00,0x00,0x00,0x00,0x00,0x00,0x00,0x00,0x00,0x00,0x00,0x00,0x00,0x00,0x00,0x00,0x00,0x02,0x02,
  0x00,0x00,0x01,0x02,0x00,0x00,0x00,0x02,0x02,0x00,0x00,0x00,0x03,0x00,0x00,0x00,0x00,0x00,0x02,0x02,0x00,0x00,0x03,0x01,
  0x01,0x03,0x00,0x00,0x01,0x02,0x00,0x00,0x00,0x00,0x00,0x00,0x00,0x00,0x03,0x00,0x00,0x00,0x02,0x02,0x00,0x00,0x00,0x01,
  0x04,0x00,0x00,0x00,0x03,0x01,0x00,0x00,0x00,0x00,0x00,0x03,0x00,0x00,0x00,0x03,0x00,0x00,0x00,0x00,0x03,0x00,0x00,0x00,
  0x03,0x02,0x00,0x00,0x00,0x00,0x01,0x00,0x00,0x00,0x00,0x00,0x03,0x02,0x57,0xde,0xc0,0xcb,0xe2,0x33,0x00,0x02,0x00,0x00,
  0x01,0x04,0x00,0x00,0x00,0x03,0x01,0x00,0x00,0x00,0x00,0x00,0x00,0x00,0x00,0x03,0x00,0x00,0x00,0x03,0x02,0x00,0x00,0x00,
  0x01,0x03,0x00,0x00,0x00,0x03,0x01,0x00,0x00,0x00,0x00,0x00,0x03,0x00,0x00,0x00,0x03,0x00,0x03,0x00,0x00,0x00,0x03,0x01,
  0x00,0x00,0x00,0x00,0x00,0x00,0x00,0x02,0x03,0x00,0x00,0x01,0x02,0x00,0x00,0x00,0x00,0x00,0x00,0x00,0x00,0x00,0x00,0x01,
  0x03,0x00,0x00,0x02,0x02,0x00,0x03,0x00,0x00,0x00,0x03,0x00,0x00,0x00,0x00,0x03,0x01,0x00,0x00,0x01,0x03,0x00,0x00,0x00,
  0x01,0x03,0x00,0x00,0x00,0x03,0x00,0x00,0x00,0x02,0x03,0x00,0x00,0x01,0x02,0x00,0x00,0x00,0x00,0x00,0x00,0x04,0x00,0xa5,
  0xfc,0xb3,0x00,0x02,0x00,0x00,0x02,0x00,0xb4,0xfc,0xa0,0x00,0x04,0x00,0x00,0x00,0x0d,0x06,0x00,0x00,0x02,0x00,0x00,0x02,
  0x00,0x00,0x0c,0x06,0x00,0x0e,0xff,0x76,0x00,0x04,0x02,0x00,0x00,0x0a,0x0b,0x00,0x00,0x02,0x00,0x00,0x00,0x00,0x03,0x05,
  0x42,0xff,0x51,0x0d,0x0b,0x00,0x02,0x00,0x00,0x07,0x0c,0x00,0x00,0x01,0x00,0x00,0x00,0x00,0x06,0x0c,0x00,0x00,0x04,0x05,
  0x48,0xff,0x4b,0x0d,0x0b,0x00,0x02,0x00,0x00,0x07,0x0c,0x00,0x00,0x01,0x00,0x00,0x00,0x00,0x00,0x00,0x00,0x00,0x00,0x00,
  0x00,0x00,0x00,0x00,0x00,0x00,0x00,0x00,0x00,0x00,0x00,0x00,0x00,0x00,0x01,0x00,0x00,0x07,0x0b,0x00,0x00,0x01,0x00,0x02,
  0x00,0x00,0x08,0x0c,0x00,0x00,0x01,0x00,0x00,0x07,0x11,0x00,0x00,0x0c,0x05,0x00,0x00,0x00,0x00,0x07,0x0b,0x00,0x00,0x01,
  0x00,0x00,0x00,0x00,0x00,0x00,0x01,0x00,0x00,0x0c,0x07,0x00,0x00,0x02,0x00,0x01,0x00,0x00,0x00,0x0d,0x03,0x00,0x00,0x01,
  0x00,0x00,0x0e,0x0b,0x00,0x00,0x0d,0x00,0x00,0x01,0x00,0x00,0x01,0x00,0x00,0x0c,0x07,0x00,0x00,0x02,0x00,0x15,0x08,0x00,
  0x01,0x01,0x00,0x13,0x05,0x02,0x00,0x21,0x20,0x03,0x4e,0x25,0x04,0x10,0x00,0x00,0x01,0x00,0x00,0x00,0x0d,0x01,0x00,0x00,
  0x01,0x00,0x00,0x00,0x00,0x00,0x00,0x01,0x00,0x00,0x0d,0x06,0x00,0x00,0x02,0x00,0x01,0x00,0x00,0x01,0x0d,0x01,0x00,0x00,
  0x01,0x00,0x00,0x0f,0x09,0x00,0x02,0x0d,0x00,0x00,0x03,0x00,0x00,0x0d,0x03,0x00,0x00,0x00,0x00,0x00,0x00,0x00,0x00,0x01,
  0x00,0x00,0x06,0x0c,0x00,0x00,0x0c,0x0e,0x00,0x00,0x00,0x00,0x00,0x00,0x04,0x10,0x00,0x00,0x0a,0x09,0x00,0x00,0x01,0x00,
  0x03,0x0d,0x00,0x00,0x01,0x00,0x00,0x02,0x00,0x00,0x0a,0x0a,0x00,0x00,0x02,0x00,0x00,0x00,0x00,0x05,0x0c,0x00,0x00,0x01,
  0x00,0x02,0x00,0x00,0x07,0x0c,0x00,0x00,0x0d,0x0d,0x00,0x00,0x00,0x00,0x04,0x00,0xac,0xfb,0xfa,0x2f,0x01,0x02,0x02,0x01,
  0x2f,0xfa,0xfc,0xa7,0x00,0x04,0x01,0x71,0xdc,0xf9,0xef,0xaa,0x24,0x00,0x02,0x02,0x00,0x54,0xd2,0xfb,0xec,0x98,0x1c,0xfc,
  0x79,0x00,0x06,0x00,0x45,0xc5,0xf6,0xf8,0xcb,0x4f,0x00,0x02,0x00,0x00,0x04,0x00,0x60,0xfd,0xfb,0xf8,0xfc,0x99,0x00,0x00,
  0x28,0xb0,0xf0,0xfa,0xda,0x68,0x00,0x03,0x00,0x1a,0xa9,0xf1,0xf9,0xcb,0x45,0x00,0x67,0xfd,0xfb,0xf7,0xfc,0x93,0x00,0x00,
  0x2a,0xb3,0xf1,0xfa,0xd8,0x64,0x00,0x02,0x01,0x00,0x00,0x00,0x00,0x02,0x04,0x04,0x04,0x04,0x04,0x04,0x04,0x04,0x04,0x04,
  0x04,0x01,0x00,0x00,0x00,0x00,0x02,0x00,0x20,0xaf,0xf2,0xf9,0xc6,0x3b,0x00,0x03,0x00,0x30,0xb8,0xf3,0xfa,0xd6,0x5f,0x00,
  0x06,0x00,0x76,0xe9,0x42,0xc4,0xfa,0xf0,0x98,0x09,0x0b,0xa6,0xf0,0xfa,0xbf,0x37,0x00,0x02,0x00,0x00,0x00,0x01,0x02,0x00,
  0x62,0xd7,0xfa,0xf2,0xb6,0x30,0x00,0x02,0x00,0x0a,0x85,0xe3,0xfa,0xea,0x98,0x16,0x00,0x02,0x00,0xd6,0x9d,0x66,0xe3,0xfa,
  0xda,0x63,0x00,0x01,0x02,0x00,0x68,0xd9,0xfa,0xf2,0xb0,0x27,0x00,0x00,0xa2,0xde,0x0f,0x03,0x00,0x94,0xd8,0x0c,0x00,0x16,
  0x92,0xe9,0xfa,0xc6,0x39,0x7f,0xe8,0x07,0x00,0x00,0x0e,0x8d,0xe6,0xfa,0xe8,0x92,0x12,0x00,0x01,0x00,0x00,0x00,0x01,0x02,
  0x00,0x6c,0xdb,0xfa,0xf0,0xae,0x26,0x00,0x02,0x00,0x10,0x90,0xe7,0xfa,0xe7,0x8f,0x10,0x00,0x01,0x00,0xe3,0x8c,0x6f,0xe7,
  0xfb,0xd4,0x58,0x00,0x51,0xd7,0xfb,0xea,0x87,0x07,0x02,0x01,0x00,0x00,0x00,0x01,0x00,0x1c,0xa3,0xf2,0xf8,0xd2,0x39,0x90,
  0xdc,0x00,0x00,0x01,0x00,0x03,0x00,0x46,0xef,0x4b,0xab,0xf6,0xf6,0xad,0x1f,0x00,0x8d,0xe8,0xfb,0xd2,0x52,0x00,0x02,0x02,
  0x00,0x49,0xca,0xf7,0xf8,0xc8,0x45,0x00,0x03,0x00,0x12,0x9e,0xee,0xf9,0xd3,0x50,0x00,0x03,0x00,0x22,0xa9,0xf3,0xf8,0xcd,
  0x32,0x9e,0xd1,0x00,0x00,0x01,0x00,0x04,0x00,0xb7,0xd1,0xcc,0xa4,0x00,0x03,0x03,0x00,0xa4,0xcb,0xd5,0xb3,0x00,0x01,0x9f,
  0xff,0x93,0x53,0x6c,0xe3,0xef,0x28,0x01,0x00,0x63,0xff,0xbf,0x5a,0x58,0xbf,0xd6,0xfb,0x77,0x00,0x00,0x58,0xff,0xbb,0x59,
  0x57,0xb6,0xff,0x68,0x00,0x03,0x00,0x01,0x02,0x1d,0x79,0xff,0x7e,0x51,0x34,0x00,0x27,0xf5,0xd6,0x66,0x58,0x9e,0xff,0x88,
  0x00,0x07,0xcd,0xee,0x68,0x56,0xcd,0xff,0x2a,0x1f,0x7f,0xff,0x79,0x51,0x32,0x00,0x2b,0xf8,0xd2,0x65,0x58,0xa1,0xff,0x81,
  0x00,0x03,0x00,0x00,0x00,0x00,0x00,0x00,0x00,0x00,0x00,0x00,0x00,0x00,0x00,0x00,0x00,0x00,0x00,0x00,0x00,0x00,0x01,0x01,
  0x09,0xd6,0xe8,0x64,0x58,0xd5,0xff,0x24,0x01,0x34,0xfc,0xcc,0x62,0x58,0xa6,0xff,0x77,0x00,0x00,0x7b,0xff,0xe6,0x8a,0x53,
  0x88,0xff,0xae,0xb9,0xba,0x55,0x68,0xea,0xf0,0x1f,0x01,0x02,0x00,0x00,0x03,0x00,0x7f,0xff,0xa0,0x53,0x64,0xda,0xfa,0x31,
  0x02,0x08,0xbf,0xfe,0x82,0x53,0x79,0xf4,0xd8,0x15,0x01,0x00,0xd6,0xf5,0xcf,0x66,0x54,0xbb,0xff,0x5c,0x00,0x00,0x8a,0xff,
  0x97,0x57,0x6c,0xdc,0xf2,0x25,0x00,0x1f,0xfe,0x9d,0x00,0x33,0xff,0x52,0x00,0x11,0xd2,0xff,0x81,0x53,0x86,0xe4,0xd9,0xeb,
  0x0d,0x00,0x0b,0xc7,0xfa,0x7e,0x53,0x7d,0xf9,0xcf,0x0f,0x01,0x01,0x00,0x00,0x02,0x00,0x91,0xff,0x97,0x53,0x6a,0xe5,0xf0,
  0x26,0x02,0x0e,0xcc,0xf8,0x7c,0x53,0x7f,0xfb,0xcb,0x0d,0x01,0x05,0xe5,0xf3,0xca,0x61,0x58,0xca,0xff,0x86,0xe6,0x7e,0x52,
  0x97,0xff,0x98,0x00,0x03,0x00,0x00,0x01,0x01,0x17,0xdd,0xf7,0x7a,0x52,0x89,0xe2,0xdd,0xdf,0x03,0x00,0x01,0x00,0x03,0x00,
  0x4c,0xff,0xec,0xa1,0x54,0x74,0xfa,0xce,0xa0,0xd3,0x5b,0x5b,0xcf,0xff,0x40,0x00,0x00,0x57,0xff,0xb3,0x58,0x5e,0xbd,0xff,
  0x4e,0x00,0x03,0xb8,0xf6,0x70,0x55,0xbe,0xff,0x3d,0x01,0x20,0xe5,0xf2,0x75,0x52,0x8f,0xe1,0xe0,0xd5,0x00,0x00,0x01,0x00,
  0x04,0x00,0xba,0xc9,0x52,0xfd,0x15,0x00,0x00,0x15,0xfd,0x51,0xcd,0xb8,0x00,0x4a,0xff,0x5d,0x00,0x00,0x00,0x0c,0xe7,0xc0,
  0x00,0x11,0xf5,0xb5,0x00,0x00,0x00,0x00,0xa5,0xff,0x71,0x00,0x10,0xf2,0xaf,0x00,0x00,0x00,0x00,0xa1,0xfb,0x17,0x00,0x02,
  0x00,0x03,0x00,0x2b,0xff,0x3c,0x00,0x00,0x00,0xb8,0xd2,0x00,0x00,0x00,0x00,0x61,0xff,0x1e,0x0d,0xff,0x6f,0x00,0x00,0x18,
  0xc3,0x4e,0x00,0x34,0xff,0x36,0x00,0x00,0x00,0xbe,0xcc,0x00,0x00,0x00,0x00,0x68,0xff,0x20,0x00,0x02,0x00,0x03,0x00,0x4a,
  0xb2,0xa9,0xac,0xac,0xac,0xac,0xac,0xac,0xac,0xab,0xaf,0x28,0x00,0x02,0x00,0x02,0x00,0x1f,0xff,0x61,0x00,0x00,0x21,0xc5,
  0x42,0x00,0xcc,0xc3,0x00,0x00,0x00,0x00,0x73,0xfd,0x1c,0x00,0x75,0xff,0x63,0x00,0x00,0x00,0x74,0xff,0xb7,0x00,0x00,0x00,
  0x26,0xff,0x83,0x00,0x04,0x00,0x02,0x00,0x23,0xff,0x86,0x00,0x00,0x00,0x0a,0xdb,0xa2,0x00,0x6e,0xff,0x39,0x00,0x00,0x00,
  0x21,0xfd,0x96,0x00,0x00,0xd6,0xf1,0x11,0x00,0x00,0x00,0xd6,0xd8,0x00,0x2b,0xff,0x56,0x00,0x00,0x00,0x00,0xd9,0xb0,0x00,
  0x00,0x6d,0xff,0x3a,0xc7,0xb4,0x00,0x00,0x7f,0xff,0x36,0x00,0x00,0x00,0x31,0xfd,0xe1,0x10,0x00,0x7a,0xff,0x2f,0x00,0x00,
  0x00,0x29,0xff,0x87,0x00,0x04,0x00,0x03,0x00,0x31,0xff,0x72,0x00,0x00,0x00,0x14,0xe5,0x8f,0x00,0x83,0xff,0x2a,0x00,0x00,
  0x00,0x2e,0xff,0x81,0x00,0x06,0xe6,0xe7,0x09,0x00,0x00,0x05,0xda,0xff,0x46,0x00,0x00,0x00,0x99,0xff,0x18,0x00,0x02,0x00,
  0x04,0x00,0x91,0xff,0x29,0x00,0x00,0x00,0x3f,0xff,0xd3,0x04,0x00,0x01,0x00,0x03,0x00,0x46,0xfe,0x92,0x00,0x00,0x00,0x49,
  0xff,0xe0,0x04,0x00,0x00,0x08,0xec,0xb7,0x00,0x0b,0xef,0x92,0x00,0x00,0x00,0x00,0xa4,0xe6,0x02,0x06,0xff,0x8c,0x00,0x00,
  0x09,0xc2,0x61,0x00,0xa2,0xfa,0x20,0x00,0x00,0x00,0x4a,0xff,0xc9,0x00,0x00,0x01,0x00,0x04,0x00,0xb6,0xd9,0x02,0xeb,0x7f,
  0x00,0x00,0x80,0xe9,0x03,0xdd,0xb5,0x00,0xa2,0xee,0x00,0x03,0x04,0x08,0x00,0x7c,0xff,0x07,0x42,0xff,0x3e,0x01,0x07,0x06,
  0x01,0x27,0xff,0x78,0x00,0x4c,0xff,0x39,0x01,0x07,0x06,0x02,0x2a,0xff,0x5a,0x00,0x04,0x00,0x03,0x01,0x3b,0xff,0x49,0x03,
  0x02,0x0c,0xf5,0xa5,0x4b,0x54,0x52,0x50,0x5c,0xff,0x64,0x00,0xc4,0xf6,0x6a,0x1e,0x00,0x00,0x02,0x01,0x41,0xff,0x43,0x03,
  0x02,0x10,0xf9,0xa0,0x4c,0x54,0x52,0x50,0x60,0xff,0x5d,0x00,0x04,0x00,0x03,0x00,0x51,0xbb,0xb8,0xbb,0xbb,0xbb,0xbb,0xbb,
  0xbb,0xbb,0xb9,0xbb,0x2b,0x00,0x02,0x00,0x01,0x01,0x06,0xcb,0xf2,0x65,0x1b,0x00,0x00,0x00,0x16,0xfe,0x97,0x4d,0x54,0x52,
  0x50,0x66,0xff,0x57,0x00,0x7d,0xff,0x17,0x04,0x08,0x03,0x2b,0xfd,0x61,0x01,0x08,0x04,0x00,0xe2,0xb1,0x00,0x03,0x00,0x04,
  0x00,0x69,0xfe,0x1d,0x03,0x06,0x04,0x00,0x07,0x11,0x00,0xc7,0xcf,0x00,0x05,0x04,0x06,0x00,0xa8,0xeb,0x03,0x00,0xe2,0xb8,
  0x00,0x06,0x08,0x00,0x91,0xfa,0x00,0x6f,0xfd,0x54,0x50,0x52,0x54,0x4a,0xb7,0xf1,0x06,0x01,0x02,0xc1,0xf1,0xe4,0x1c,0x02,
  0x00,0xd3,0xc6,0x00,0x05,0x04,0x06,0x00,0xb1,0xf1,0x0a,0x00,0xd5,0xc2,0x00,0x06,0x04,0x06,0x00,0xb5,0xe0,0x01,0x01,0x00,
  0x04,0x00,0x7e,0xfb,0x0f,0x03,0x05,0x04,0x00,0x09,0x0f,0x00,0xda,0xbb,0x00,0x06,0x04,0x06,0x00,0xbc,0xdb,0x00,0x01,0xf2,
  0xa4,0x00,0x07,0x07,0x00,0xa4,0xf2,0x04,0x04,0x08,0x03,0x49,0xff,0x39,0x00,0x03,0x01,0x00,0x00,0xe3,0xb4,0x00,0x06,0x04,
  0x05,0x00,0xc3,0xe3,0x01,0x00,0x01,0x00,0x03,0x00,0x48,0xff,0x3c,0x03,0x08,0x04,0x0a,0xfb,0x95,0x00,0x08,0x07,0x00,0xb3,
  0xe2,0x00,0x3a,0xff,0x74,0x4f,0x53,0x54,0x4e,0x88,0xff,0x29,0x00,0xae,0xfc,0x74,0x23,0x00,0x00,0x00,0x03,0xed,0xa6,0x00,
  0x07,0x04,0x05,0x00,0xd0,0xd8,0x00,0x00,0x01,0x00,0x04,0x00,0xb6,0xde,0x00,0x7e,0xeb,0x03,0x03,0xec,0x7b,0x00,0xe2,0xb4,
  0x00,0xbd,0xd6,0x01,0x00,0x01,0x04,0x02,0x5b,0xfd,0x14,0x54,0xfd,0x28,0x01,0x02,0x01,0x01,0x13,0xff,0x7c,0x00,0x64,0xfd,
  0x26,0x01,0x02,0x01,0x01,0x15,0xfe,0x73,0x00,0x04,0x00,0x03,0x00,0x38,0xff,0x47,0x00,0x00,0x1a,0xf6,0xfb,0xfb,0xfa,0xfa,
  0xfa,0xf8,0xed,0x62,0x00,0x15,0x92,0xe8,0xf4,0xc9,0x51,0x00,0x00,0x3e,0xff,0x41,0x00,0x00,0x1e,0xf8,0xfb,0xfa,0xfa,0xfa,
  0xfa,0xf8,0xed,0x5b,0x00,0x03,0x00,0x00,0x00,0x00,0x00,0x00,0x00,0x00,0x00,0x00,0x00,0x00,0x00,0x00,0x00,0x00,0x00,0x00,
  0x00,0x00,0x01,0x00,0x17,0x98,0xea,0xf3,0xc4,0x4b,0x00,0x27,0xfc,0xfa,0xfb,0xfa,0xfa,0xfa,0xf7,0xed,0x57,0x00,0x7f,0xff,
  0x13,0x00,0x04,0x00,0x27,0xff,0x5a,0x00,0x04,0x01,0x01,0xdb,0xb5,0x00,0x03,0x00,0x04,0x00,0x81,0xfe,0x13,0x00,0x01,0x00,
  0x02,0x00,0x00,0x00,0xde,0xaf,0x03,0x03,0x00,0x04,0x03,0x85,0xfa,0x0c,0x00,0xe3,0xac,0x01,0x03,0x05,0x01,0x8a,0xfe,0x00,
  0x80,0xfe,0xf8,0xfa,0xfa,0xfa,0xfa,0xf4,0xd0,0x0c,0x01,0x00,0x48,0xff,0x8e,0x00,0x03,0x00,0xe7,0xa4,0x03,0x03,0x00,0x04,
  0x03,0x91,0xf5,0x08,0x00,0xea,0xa1,0x03,0x03,0x00,0x04,0x03,0x94,0xf1,0x04,0x00,0x01,0x04,0x00,0x96,0xf3,0x08,0x00,0x01,
  0x00,0x02,0x00,0x00,0x00,0xee,0x9a,0x03,0x03,0x00,0x04,0x03,0x9b,0xed,0x00,0x00,0xf2,0x98,0x01,0x03,0x04,0x01,0x9f,0xeb,
  0x03,0x00,0x04,0x00,0x43,0xff,0x3c,0x00,0x03,0x01,0x00,0x02,0xf4,0x91,0x03,0x04,0x00,0x04,0x03,0xa4,0xe7,0x00,0x00,0x01,
  0x00,0x03,0x00,0x49,0xff,0x36,0x00,0x03,0x00,0x06,0xf9,0x8c,0x01,0x04,0x04,0x01,0xaa,0xe6,0x00,0x4d,0xfd,0xf8,0xfb,0xfa,
  0xfa,0xfa,0xf8,0xeb,0x30,0x00,0x0e,0x87,0xe4,0xf5,0xd1,0x5e,0x00,0x0a,0xfd,0x83,0x03,0x04,0x00,0x04,0x03,0xb2,0xdc,0x00,
  0x00,0x01,0x00,0x04,0x00,0xb6,0xdc,0x00,0x14,0xff,0x47,0x47,0xfe,0x13,0x00,0xe0,0xb4,0x00,0xa2,0xed,0x00,0x03,0x04,0x08,
  0x00,0x7f,0xff,0x06,0x3f,0xff,0x40,0x01,0x07,0x06,0x01,0x28,0xff,0x78,0x00,0x4c,0xff,0x39,0x02,0x07,0x06,0x01,0x2c,0xff,
  0x57,0x00,0x04,0x00,0x03,0x00,0x38,0xff,0x49,0x04,0x02,0x0a,0xf8,0x86,0x0c,0x15,0x11,0x10,0x08,0x14,0x09,0x00,0x00,0x00,
  0x08,0x3e,0xa4,0xff,0x54,0x00,0x41,0xff,0x43,0x04,0x02,0x0e,0xfb,0x7f,0x0c,0x15,0x11,0x10,0x08,0x15,0x08,0x00,0x00,0x00,
  0x00,0x00,0x02,0x04,0x04,0x04,0x04,0x04,0x04,0x04,0x04,0x04,0x04,0x04,0x01,0x00,0x00,0x00,0x00,0x00,0x00,0x00,0x00,0x09,
  0x41,0xaa,0xff,0x42,0x0b,0xff,0x73,0x0d,0x15,0x11,0x10,0x08,0x15,0x0b,0x00,0x7c,0xff,0x13,0x00,0x04,0x00,0x27,0xff,0x5a,
  0x00,0x04,0x01,0x00,0xdc,0xb5,0x00,0x03,0x00,0x04,0x00,0x68,0xff,0x1e,0x03,0x06,0x04,0x00,0x08,0x12,0x00,0xc7,0xce,0x00,
  0x05,0x04,0x06,0x00,0xaa,0xea,0x03,0x00,0xe3,0xad,0x00,0x03,0x05,0x00,0x8a,0xfe,0x00,0x6e,0xfd,0x1a,0x11,0x12,0x11,0x0b,
  0x0e,0x14,0x00,0x03,0x01,0xbc,0xed,0xed,0x22,0x01,0x00,0xd0,0xc8,0x00,0x05,0x04,0x06,0x00,0xb1,0xf1,0x0a,0x00,0xd5,0xc1,
  0x00,0x06,0x04,0x06,0x00,0xb7,0xde,0x01,0x01,0x00,0x04,0x00,0x7d,0xfb,0x10,0x03,0x05,0x04,0x00,0x0a,0x0f,0x00,0xda,0xbb,
  0x00,0x06,0x04,0x05,0x00,0xbe,0xd9,0x00,0x01,0xf2,0x98,0x00,0x03,0x04,0x00,0x9f,0xec,0x02,0x00,0x04,0x00,0x43,0xff,0x3c,
  0x00,0x03,0x01,0x00,0x00,0xe0,0xb7,0x00,0x06,0x04,0x05,0x00,0xc3,0xe3,0x01,0x00,0x01,0x00,0x03,0x00,0x49,0xff,0x36,0x00,
  0x03,0x00,0x06,0xf9,0x8c,0x00,0x04,0x04,0x00,0xab,0xe5,0x00,0x38,0xff,0x46,0x0f,0x14,0x11,0x0e,0x0a,0x16,0x02,0x00,0x00,
  0x00,0x06,0x39,0x97,0xff,0x64,0x00,0xee,0xa9,0x00,0x07,0x04,0x05,0x00,0xd1,0xd7,0x00,0x00,0x01,0x00,0x04,0x00,0xb5,0xd9,
  0x00,0x00,0xa5,0xc8,0xc7,0xa4,0x00,0x00,0xdd,0xb3,0x00,0x4b,0xff,0x5a,0x00,0x00,0x00,0x10,0xeb,0xba,0x00,0x0e,0xf1,0xb8,
  0x00,0x00,0x00,0x00,0xa5,0xff,0x71,0x00,0x10,0xf4,0xac,0x00,0x00,0x00,0x00,0xa8,0xf8,0x14,0x00,0x01,0x00,0x03,0x00,0x38,
  0xfe,0x3e,0x00,0x00,0x00,0xb2,0xdb,0x00,0x00,0x00,0x00,0x74,0xda,0x0f,0x20,0xc2,0x49,0x00,0x00,0x00,0xf2,0xa5,0x00,0x43,
  0xfe,0x38,0x00,0x00,0x00,0xb8,0xd7,0x00,0x00,0x00,0x00,0x79,0xd7,0x13,0x00,0x01,0x00,0x00,0x00,0x00,0x00,0x00,0x00,0x00,
  0x00,0x00,0x00,0x00,0x00,0x00,0x00,0x00,0x00,0x00,0x00,0x02,0x00,0x2e,0xc0,0x3f,0x00,0x00,0x00,0xfa,0x95,0x00,0xc9,0xce,
  0x00,0x00,0x00,0x00,0x82,0xd3,0x13,0x00,0x7c,0xfe,0x13,0x00,0x04,0x00,0x27,0xfe,0x5a,0x00,0x04,0x01,0x00,0xdb,0xb4,0x00,
  0x03,0x00,0x02,0x00,0x22,0xff,0x87,0x00,0x00,0x00,0x0a,0xde,0x9f,0x00,0x70,0xff,0x36,0x00,0x00,0x00,0x25,0xff,0x8f,0x00,
  0x00,0xe1,0xac,0x00,0x03,0x05,0x00,0x89,0xfb,0x03,0x22,0xff,0x66,0x00,0x00,0x00,0x07,0xc9,0x86,0x00,0x00,0x6c,0xfd,0x2e,
  0xec,0xb7,0x00,0x00,0x78,0xff,0x39,0x00,0x00,0x00,0x32,0xfe,0xe1,0x10,0x00,0x7c,0xff,0x2c,0x00,0x00,0x00,0x2f,0xff,0x81,
  0x00,0x04,0x00,0x03,0x00,0x30,0xff,0x74,0x00,0x00,0x00,0x14,0xe7,0x8c,0x00,0x85,0xff,0x27,0x00,0x00,0x00,0x34,0xff,0x7b,
  0x00,0x04,0xf1,0x97,0x00,0x03,0x04,0x00,0x9e,0xeb,0x02,0x00,0x04,0x00,0x43,0xfe,0x3c,0x00,0x03,0x00,0x04,0x00,0x8a,0xff,
  0x2b,0x00,0x00,0x00,0x40,0xff,0xd3,0x04,0x00,0x01,0x00,0x03,0x00,0x49,0xfe,0x36,0x00,0x03,0x00,0x06,0xf8,0x8b,0x00,0x04,
  0x04,0x00,0xaa,0xe3,0x00,0x07,0xec,0xa0,0x00,0x00,0x00,0x00,0xa8,0xb7,0x00,0x19,0xc1,0x5c,0x00,0x00,0x00,0xe0,0xc0,0x00,
  0x9c,0xfc,0x22,0x00,0x00,0x00,0x4b,0xff,0xc9,0x00,0x00,0x01,0x00,0x04,0x00,0xb9,0xde,0x00,0x01,0x2d,0xff,0xff,0x2c,0x01,
  0x00,0xe2,0xb4,0x00,0x01,0xa3,0xff,0x8f,0x52,0x70,0xe8,0xe9,0x23,0x02,0x00,0x5d,0xff,0xc0,0x59,0x57,0xbe,0xd3,0xff,0x7a,
  0x00,0x00,0x5b,0xff,0xb7,0x56,0x5a,0xbc,0xff,0x5f,0x00,0x03,0x00,0x00,0x02,0x00,0x1e,0xff,0xb3,0x53,0x33,0x00,0x22,0xee,
  0xd8,0x67,0x54,0x9c,0xff,0x90,0x00,0x0f,0xdf,0xfb,0x71,0x54,0xa6,0xff,0x55,0x00,0x25,0xff,0xae,0x53,0x31,0x00,0x25,0xf2,
  0xd5,0x65,0x54,0x9f,0xff,0x89,0x00,0x03,0x00,0x00,0x00,0x00,0x00,0x00,0x00,0x00,0x00,0x00,0x00,0x00,0x00,0x00,0x00,0x00,
  0x00,0x00,0x00,0x00,0x01,0x01,0x13,0xe7,0xf6,0x6d,0x54,0xad,0xff,0x4a,0x01,0x2e,0xf7,0xcf,0x62,0x54,0xa4,0xff,0x7f,0x00,
  0x00,0x7e,0xff,0x13,0x00,0x04,0x00,0x28,0xff,0x5b,0x00,0x04,0x01,0x00,0xe0,0xb8,0x00,0x03,0x00,0x00,0x03,0x00,0x7f,0xff,
  0xa0,0x53,0x64,0xd9,0xf5,0x2b,0x02,0x09,0xc2,0xfc,0x7f,0x53,0x7c,0xf7,0xd1,0x11,0x02,0x00,0xe6,0xb0,0x00,0x03,0x05,0x00,
  0x8c,0xfe,0x0f,0x00,0x83,0xff,0x99,0x54,0x67,0xde,0xf7,0x2d,0x00,0x1e,0xff,0x74,0x00,0x55,0xff,0x57,0x00,0x0e,0xcf,0xfe,
  0x80,0x52,0x83,0xdf,0xd6,0xeb,0x0d,0x00,0x0c,0xca,0xf8,0x7a,0x53,0x81,0xfc,0xc8,0x0b,0x01,0x01,0x00,0x00,0x02,0x00,0x91,
  0xff,0x97,0x53,0x69,0xe5,0xe9,0x20,0x02,0x0f,0xcf,0xf6,0x78,0x53,0x83,0xfe,0xc4,0x09,0x01,0x01,0xf6,0x9b,0x00,0x03,0x04,
  0x00,0xa2,0xf0,0x02,0x00,0x04,0x00,0x44,0xff,0x3d,0x00,0x03,0x00,0x01,0x01,0x13,0xda,0xf8,0x7a,0x52,0x89,0xdf,0xdb,0xdf,
  0x03,0x00,0x01,0x00,0x03,0x00,0x4a,0xff,0x37,0x00,0x03,0x00,0x06,0xfd,0x8e,0x00,0x04,0x04,0x00,0xae,0xe7,0x01,0x00,0x50,
  0xff,0xb4,0x57,0x59,0xbd,0xff,0x57,0x01,0x07,0xcd,0xff,0x79,0x54,0x98,0xff,0x69,0x00,0x1c,0xe2,0xf3,0x75,0x52,0x8f,0xde,
  0xde,0xd6,0x00,0x00,0x01,0x00,0x04,0x00,0xab,0xcd,0x00,0x02,0x00,0xb9,0xb8,0x00,0x01,0x00,0xd1,0xa7,0x00,0x03,0x02,0x75,
  0xdf,0xfb,0xee,0xa4,0x1f,0x00,0x02,0x02,0x00,0x52,0xd2,0xfc,0xee,0x9c,0x1b,0xed,0x72,0x00,0x05,0x00,0x49,0xca,0xf9,0xf8,
  0xc7,0x48,0x00,0x02,0x00,0x00,0x00,0x00,0x02,0x00,0x70,0xe7,0xfe,0x99,0x00,0x00,0x22,0xad,0xf1,0xfb,0xdb,0x69,0x00,0x02,
  0x00,0x15,0x9f,0xf0,0xfa,0xdb,0x65,0x00,0x03,0x00,0x75,0xe9,0xfe,0x93,0x00,0x00,0x25,0xb0,0xf2,0xfb,0xda,0x66,0x00,0x01,
  0x01,0x00,0x00,0x00,0x00,0x00,0x00,0x00,0x00,0x00,0x00,0x00,0x00,0x00,0x00,0x00,0x00,0x00,0x00,0x00,0x00,0x00,0x02,0x00,
  0x19,0xa5,0xf1,0xfa,0xd8,0x5e,0x00,0x03,0x00,0x2b,0xb5,0xf3,0xfa,0xd7,0x60,0x00,0x05,0x00,0x75,0xf0,0x12,0x00,0x04,0x00,
  0x25,0xf0,0x55,0x00,0x04,0x01,0x00,0xcf,0xab,0x00,0x03,0x00,0x00,0x01,0x02,0x00,0x63,0xd8,0xfb,0xf2,0xb3,0x29,0x00,0x02,
  0x00,0x0c,0x8a,0xe7,0xfb,0xe9,0x92,0x12,0x00,0x02,0x00,0xd5,0xa3,0x00,0x03,0x05,0x00,0x82,0xec,0x0c,0x01,0x00,0x63,0xd9,
  0xfb,0xf3,0xb2,0x27,0x00,0x00,0xa5,0xce,0x02,0x05,0x00,0xaf,0xda,0x0f,0x00,0x14,0x9c,0xf1,0xfa,0xd7,0x40,0x7e,0xe9,0x07,
  0x00,0x00,0x10,0x91,0xe9,0xfb,0xe6,0x8b,0x0e,0x00,0x01,0x00,0x00,0x00,0x01,0x02,0x00,0x6d,0xdd,0xfb,0xf0,0xaa,0x1f,0x00,
  0x03,0x00,0x12,0x95,0xea,0xfb,0xe5,0x88,0x0c,0x00,0x01,0x00,0xe4,0x8f,0x00,0x03,0x04,0x00,0x96,0xde,0x02,0x00,0x04,0x00,
  0x3f,0xf0,0x39,0x00,0x03,0x00,0x00,0x02,0x00,0x1a,0xa4,0xf3,0xf9,0xd1,0x36,0x91,0xdc,0x00,0x00,0x01,0x00,0x03,0x00,0x45,
  0xf0,0x33,0x00,0x03,0x00,0x06,0xeb,0x84,0x00,0x04,0x04,0x00,0xa1,0xd6,0x00,0x01,0x00,0x44,0xc8,0xf8,0xf8,0xca,0x45,0x00,
  0x02,0x00,0x0d,0x94,0xed,0xfb,0xe0,0x71,0x00,0x02,0x00,0x20,0xaa,0xf5,0xf8,0xcc,0x2e,0x9f,0xd2,0x00,0x00,0x01,0x00,0x00,
  0x00,0x0b,0x0d,0x00,0x01,0x01,0x06,0x06,0x01,0x00,0x00,0x0e,0x0b,0x00,0x01,0x00,0x00,0x00,0x0d,0x05,0x00,0x00,0x02,0x00,
  0x00,0x02,0x00,0x00,0x0c,0x05,0x00,0x00,0x10,0x07,0x00,0x00,0x02,0x00,0x00,0x0a,0x0a,0x00,0x00,0x02,0x00,0x00,0x00,0x00,
  0x00,0x00,0x00,0x00,0x04,0x0d,0x08,0x00,0x02,0x00,0x00,0x06,0x0c,0x00,0x00,0x01,0x00,0x01,0x00,0x00,0x05,0x0d,0x00,0x00,
  0x01,0x00,0x00,0x00,0x05,0x0d,0x08,0x00,0x02,0x00,0x00,0x07,0x0c,0x00,0x00,0x01,0x00,0x00,0x00,0x00,0x00,0x00,0x00,0x00,
  0x00,0x00,0x00,0x00,0x00,0x00,0x00,0x00,0x00,0x00,0x00,0x00,0x00,0x00,0x00,0x00,0x01,0x00,0x00,0x06,0x0c,0x00,0x00,0x01,
  0x00,0x02,0x00,0x00,0x07,0x0c,0x00,0x00,0x01,0x00,0x00,0x08,0x10,0x01,0x00,0x00,0x00,0x02,0x10,0x05,0x00,0x00,0x00,0x00,
  0x0d,0x0b,0x00,0x00,0x00,0x00,0x00,0x00,0x01,0x00,0x00,0x0c,0x07,0x00,0x00,0x02,0x00,0x01,0x00,0x00,0x00,0x0d,0x01,0x00,
  0x00,0x01,0x00,0x00,0x0e,0x0b,0x00,0x00,0x00,0x00,0x08,0x0f,0x01,0x00,0x01,0x00,0x00,0x0c,0x07,0x00,0x00,0x02,0x00,0x15,
  0x04,0x00,0x01,0x01,0x00,0x13,0x05,0x01,0x00,0x00,0x05,0x0c,0x00,0x00,0x0b,0x0f,0x01,0x00,0x01,0x00,0x00,0x01,0x0d,0x00,
  0x00,0x00,0x01,0x00,0x00,0x00,0x00,0x00,0x00,0x00,0x00,0x00,0x0d,0x06,0x00,0x00,0x01,0x00,0x01,0x00,0x00,0x02,0x0d,0x00,
  0x00,0x00,0x01,0x00,0x00,0x0f,0x09,0x00,0x00,0x00,0x00,0x0a,0x0e,0x00,0x00,0x00,0x00,0x04,0x10,0x04,0x00,0x00,0x00,0x00,
  0x00,0x01,0x00,0x00,0x06,0x0c,0x00,0x00,0x0c,0x0e,0x00,0x00,0x00,0x00,0x00,0x00,0x04,0x10,0x03,0x00,0x00,0x00,0x00,0x0f,
  0x09,0x00,0x00,0x00,0x00,0x0a,0x0e,0x00,0x00,0x02,0x00,0x00,0x0a,0x0a,0x00,0x00,0x02,0x00,0x00,0x00,0x00,0x03,0x0d,0x00,
  0x00,0x00,0x00,0x01,0x00,0x00,0x07,0x0b,0x00,0x00,0x0d,0x0d,0x00,0x00,0x00,0x00,0x00,0x00,0x00,0x00,0x00,0x00,0x00,0x00,
  0x00,0x00,0x00,0x00,0x00,0x00,0x00,0x00,0x01,0x04,0x00,0x00,0x00,0x03,0x02,0x00,0x00,0x00,0x00,0x03,0x01,0x00,0x00,0x03,
  0x01,0x00,0x00,0x00,0x00,0x00,0x03,0x01,0x00,0x00,0x02,0x03,0x00,0x00,0x00,0x00,0x00,0x00,0x00,0x00,0x03,0x00,0x00,0x00,
  0x00,0x00,0x02,0x03,0x00,0x00,0x00,0x04,0x00,0x00,0x00,0x02,0x03,0x00,0x00,0x00,0x03,0x00,0x00,0x00,0x03,0x00,0x00,0x00,
  0x00,0x00,0x02,0x03,0x00,0x00,0x00,0x03,0x00,0x00,0x00,0x00,0x00,0x00,0x00,0x00,0x00,0x00,0x00,0x00,0x00,0x00,0x00,0x00,
  0x00,0x00,0x00,0x00,0x00,0x00,0x00,0x00,0x00,0x00,0x02,0x03,0x00,0x00,0x00,0x03,0x00,0x00,0x00,0x02,0x03,0x00,0x00,0x00,
  0x03,0x00,0x00,0x00,0x00,0x00,0x00,0x00,0x00,0x00,0x00,0x00,0x00,0x00,0x00,0x00,0x00,0x00,0x00,0x00,0x00,0x00,0x00,0x00,
  0x00,0x00,0x03,0x00,0x00,0x00,0x03,0x02,0x00,0x00,0x00,0x01,0x04,0x00,0x00,0x00,0x04,0x01,0x00,0x00,0x00,0x00,0x00,0x00,
  0x00,0x00,0x00,0x00,0x00,0x00,0x00,0x00,0x03,0x00,0x00,0x00,0x03,0x02,0x00,0x00,0x00,0x00,0x01,0x00,0x00,0x00,0x00,0x00,
  0x00,0x01,0x03,0x00,0x00,0x01,0x03,0x00,0x00,0x00,0x00,0x00,0x01,0x04,0x00,0x00,0x00,0x04,0x01,0x00,0x00,0x00,0x00,0x00,
  0x00,0x00,0x00,0x04,0x00,0x00,0x00,0x03,0x02,0x00,0x00,0x00,0x01,0x04,0x00,0x00,0x00,0x04,0x01,0x00,0x00,0x00,0x00,0x00,
  0x00,0x00,0x00,0x00,0x00,0x00,0x00,0x00,0x00,0x00,0x00,0x00,0x00,0x00,0x00,0x00,0x00,0x00,0x00,0x02,0x03,0x00,0x00,0x01,
  0x02,0x00,0x00,0x00,0x00,0x00,0x00,0x00,0x00,0x00,0x00,0x00,0x00,0x00,0x00,0x00,0x00,0x00,0x00,0x00,0x00,0x00,0x00,0x00,
  0x00,0x00,0x00,0x03,0x02,0x00,0x00,0x01,0x03,0x00,0x00,0x00,0x01,0x03,0x00,0x00,0x00,0x04,0x00,0x00,0x00,0x02,0x03,0x00,
  0x00,0x01,0x02,0x00,0x00,0x00,0x00,0x00,
};
const lv_img_dsc_t txt_status_teste = {
  .header.cf = LV_IMG_CF_ALPHA_8BIT,
  .header.always_zero = 0,
  .header.reserved = 0,
  .header.w = 329,
  .header.h = 16,
  .data_size = 5264,
  .data = txt_status_teste_map,
};

static const uint8_t txt_status_conectando_map[] = {
  0x00,0x00,0x00,0x00,0x00,0x00,0x00,0x00,0x00,0x00,0x00,0x00,0x00,0x00,0x00,0x00,0x00,0x00,0x00,0x00,0x00,0x00,0x00,0x00,
  0x00,0x00,0x00,0x00,0x00,0x00,0x00,0x00,0x00,0x00,0x00,0x00,0x00,0x00,0x00,0x00,0x00,0x00,0x00,0x00,0x00,0x00,0x00,0x00,
  0x00,0x00,0x00,0x00,0x00,0x00,0x00,0x00,0x00,0x00,0x00,0x00,0x00,0x00,0x00,0x00,0x00,0x00,0x00,0x00,0x00,0x00,0x00,0x00,
  0x00,0x00,0x00,0x00,0x00,0x00,0x00,0x00,0x00,0x00,0x00,0x00,0x00,0x00,0x00,0x00,0x00,0x04,0x03,0x00,0x00,0x00,0x00,0x00,
  0x00,0x00,0x00,0x00,0x00,0x00,0x00,0x00,0x00,0x00,0x00,0x00,0x00,0x00,0x01,0x03,0x00,0x00,0x00,0x00,0x00,0x00,0x00,0x00,
  0x00,0x00,0x00,0x00,0x00,0x00,0x00,0x00,0x00,0x00,0x00,0x00,0x00,0x00,0x00,0x00,0x00,0x00,0x00,0x00,0x00,0x00,0x00,0x00,
  0x00,0x00,0x00,0x00,0x00,0x00,0x00,0x00,0x00,0x00,0x00,0x00,0x00,0x00,0x00,0x00,0x00,0x00,0x00,0x00,0x00,0x00,0x00,0x00,
  0x00,0x00,0x00,0x00,0x00,0x00,0x00,0x00,0x00,0x00,0x00,0x00,0x00,0x00,0x00,0x00,0x02,0x04,0x02,0x02,0x03,0x04,0x01,0x00,
  0x00,0x00,0x00,0x00,0x00,0x00,0x00,0x00,0x00,0x00,0x00,0x00,0x00,0x00,0x00,0x00,0x00,0x00,0x00,0x00,0x00,0x00,0x00,0x00,
  0x00,0x00,0x00,0x00,0x00,0x00,0x00,0x00,0x00,0x00,0x00,0x00,0x00,0x00,0x00,0x00,0x00,0x00,0x01,0x03,0x01,0x00,0x00,0x00,
  0x00,0x00,0x00,0x00,0x00,0x00,0x00,0x00,0x00,0x00,0x00,0x00,0x00,0x00,0x00,0x00,0x00,0x00,0x00,0x00,0x00,0x00,0x00,0x00,
  0x00,0x00,0x00,0x00,0x00,0x00,0x00,0x00,0x00,0x00,0x00,0x00,0x00,0x00,0x00,0x00,0x00,0x00,0x00,0x00,0x00,0x00,0x00,0x00,
  0x03,0x00,0x00,0x03,0x01,0x00,0x00,0x00,0x00,0x00,0x00,0x00,0x00,0x00,0x00,0x00,0x00,0x00,0x00,0x00,0x00,0x00,0x00,0x00,
  0x00,0x00,0x00,0x00,0x00,0x00,0x00,0x00,0x00,0x00,0x00,0x00,0x00,0x00,0x00,0x00,0x00,0x00,0x00,0x00,0x00,0x00,0x00,0x00,
  0x00,0x00,0x00,0x00,0x00,0x00,0x00,0x00,0x00,0x00,0x00,0x00,0x00,0x00,0x00,0x00,0x00,0x00,0x00,0x00,0x00,0x00,0x00,0x00,
  0x00,0x00,0x03,0x00,0x00,0x00,0x00,0x00,0x00,0x00,0x02,0x00,0x00,0x00,0x00,0x00,0x00,0x00,0x00,0x00,0x00,0x00,0x00,0x00,
  0x00,0x00,0x00,0x00,0x00,0x00,0x00,0x00,0x00,0x00,0x00,0x00,0x00,0x00,0x00,0x00,0x00,0x00,0x00,0x00,0x00,0x00,0x00,0x00,
  0x00,0x00,0x00,0x00,0x00,0x00,0x00,0x00,0x00,0x00,0x00,0x00,0x00,0x00,0x00,0x00,0x00,0x00,0x00,0x00,0x00,0x00,0x00,0x00,
  0x00,0x00,0x00,0x00,0x00,0x00,0x00,0x00,0x00,0x00,0x00,0x00,0x00,0x00,0x00,0x63,0x4e,0x00,0x01,0x00,0x00,0x00,0x00,0x00,
  0x00,0x00,0x00,0x00,0x00,0x00,0x00,0x00,0x00,0x01,0x00,0x1a,0xba,0x3e,0x00,0x00,0x00,0x00,0x00,0x00,0x00,0x00,0x00,0x00,
  0x00,0x00,0x00,0x00,0x00,0x00,0x00,0x00,0x00,0x00,0x00,0x00,0x00,0x00,0x00,0x00,0x00,0x00,0x00,0x00,0x00,0x00,0x00,0x00,
  0x00,0x00,0x00,0x00,0x00,0x00,0x00,0x00,0x00,0x00,0x00,0x00,0x00,0x00,0x00,0x00,0x00,0x00,0x00,0x00,0x00,0x00,0x00,0x00,
  0x00,0x00,0x00,0x00,0x00,0x00,0x00,0x00,0x00,0x00,0x00,0x00,0x02,0x00,0x2b,0x95,0xcf,0xd8,0xb7,0x64,0x07,0x00,0x01,0x00,
  0x00,0x00,0x02,0x04,0x04,0x04,0x02,0x00,0x00,0x00,0x00,0x04,0x02,0x02,0x04,0x04,0x03,0x01,0x00,0x00,0x00,0x00,0x01,0x04,
  0x04,0x04,0x03,0x01,0x00,0x00,0x00,0x00,0x02,0x04,0x04,0x04,0x02,0x00,0x02,0x02,0x2e,0xa5,0x28,0x04,0x04,0x00,0x00,0x01,
  0x03,0x04,0x04,0x03,0x00,0x04,0x03,0x00,0x00,0x04,0x03,0x01,0x04,0x04,0x04,0x01,0x00,0x00,0x00,0x00,0x01,0x03,0x04,0x04,
  0x04,0x00,0xf1,0xbd,0x00,0x03,0x00,0x00,0x03,0x04,0x04,0x04,0x01,0x00,0x00,0x00,0x00,0x00,0x00,0x00,0x00,0x01,0x07,0x80,
  0xe8,0xa7,0x19,0x04,0x05,0x00,0x00,0x00,0x00,0x00,0x00,0x01,0x04,0x01,0x02,0x04,0x04,0x03,0x00,0x00,0x02,0x04,0x04,0x04,
  0x01,0x00,0x00,0x00,0x00,0x01,0x03,0x04,0x04,0x03,0x01,0x00,0x00,0x00,0x00,0x02,0x04,0x04,0x04,0x01,0x00,0x00,0x00,0x00,
  0x03,0x04,0x04,0x03,0x00,0x03,0x04,0x00,0x00,0x00,0x00,0x00,0x00,0x00,0x00,0x00,0x00,0x00,0x00,0x00,0x00,0x00,0x02,0x00,
  0x71,0xff,0xd2,0x89,0x7f,0xab,0xff,0xd2,0x1f,0x00,0x02,0x00,0x02,0x00,0x00,0x00,0x00,0x00,0x02,0x00,0x00,0x00,0x00,0x00,
  0x00,0x00,0x00,0x00,0x00,0x01,0x00,0x00,0x02,0x00,0x00,0x00,0x00,0x00,0x00,0x01,0x00,0x00,0x02,0x00,0x00,0x00,0x00,0x00,
  0x02,0x04,0x00,0x38,0xff,0x2c,0x00,0x00,0x00,0x01,0x00,0x00,0x00,0x00,0x00,0x01,0x00,0x00,0x00,0x00,0x00,0x00,0x00,0x00,
  0x00,0x00,0x00,0x02,0x00,0x00,0x01,0x00,0x00,0x00,0x00,0x00,0x02,0xdd,0xad,0x00,0x03,0x01,0x01,0x00,0x00,0x00,0x00,0x00,
  0x02,0x00,0x00,0x00,0x00,0x00,0x00,0x00,0x02,0x00,0x00,0x00,0x86,0x4d,0x00,0x00,0x00,0x00,0x00,0x00,0x00,0x00,0x00,0x00,
  0x00,0x00,0x00,0x00,0x00,0x00,0x03,0x00,0x00,0x00,0x00,0x00,0x01,0x00,0x00,0x01,0x00,0x00,0x00,0x00,0x00,0x00,0x01,0x00,
  0x00,0x02,0x00,0x00,0x00,0x00,0x00,0x01,0x00,0x00,0x02,0x00,0x00,0x00,0x00,0x00,0x00,0x00,0x00,0x00,0x00,0x00,0x00,0x00,
  0x00,0x00,0x00,0x00,0x00,0x00,0x00,0x00,0x03,0x00,0x5b,0xff,0x71,0x00,0x00,0x00,0x00,0x28,0xf1,0xe8,0x12,0x01,0x01,0x00,
  0x34,0x85,0x9d,0x74,0x1e,0x00,0x03,0x00,0x0b,0x90,0x34,0x23,0x8b,0x9a,0x5b,0x06,0x00,0x01,0x01,0x00,0x0b,0x62,0x9a,0x93,
  0x4d,0x00,0x00,0x01,0x02,0x00,0x24,0x7b,0x9d,0x81,0x2f,0x00,0x02,0x45,0xb7,0xf9,0xb1,0x9e,0x59,0x00,0x00,0x00,0x4a,0x93,
  0x96,0x50,0x00,0x75,0x6a,0x00,0x00,0x7c,0x5f,0x10,0x7a,0x9d,0x6f,0x16,0x00,0x01,0x01,0x00,0x00,0x4e,0x95,0x94,0x48,0x00,
  0xde,0xb1,0x00,0x04,0x00,0x00,0x42,0x8d,0x9c,0x69,0x14,0x00,0x02,0x00,0x00,0x00,0x00,0x00,0x01,0x00,0x33,0x89,0x97,0x59,
  0x01,0x4a,0x8b,0x04,0x00,0x01,0x00,0x02,0x00,0x21,0x8f,0x1a,0x39,0x95,0x93,0x48,0x00,0x00,0x22,0x82,0x9c,0x66,0x0f,0x00,
  0x01,0x01,0x00,0x03,0x55,0x96,0x98,0x5a,0x06,0x00,0x01,0x01,0x00,0x33,0x86,0x9c,0x67,0x0e,0x00,0x01,0x00,0x00,0x3b,0x8c,
  0x9b,0x61,0x00,0x5b,0x80,0x00,0x00,0x01,0x00,0x00,0x00,0x00,0x00,0x00,0x00,0x00,0x00,0x00,0x01,0x01,0x08,0xed,0xad,0x00,
  0x03,0x04,0x04,0x05,0x00,0x2f,0x71,0x1d,0x00,0x02,0x92,0xff,0xd6,0xc0,0xe7,0xfb,0x63,0x00,0x00,0x18,0xff,0xc9,0xde,0xc2,
  0xcc,0xff,0xc2,0x0e,0x01,0x00,0x2c,0xe2,0xf3,0xc2,0xcc,0xff,0xbc,0x0e,0x02,0x00,0x6a,0xfe,0xe0,0xc0,0xdc,0xff,0x7e,0x00,
  0x53,0xd3,0xfd,0xc8,0xc1,0x6b,0x00,0x0c,0xb3,0xff,0xd3,0xbf,0xe9,0xa3,0xe7,0xc8,0x00,0x00,0xe2,0xe3,0xd2,0xce,0xc1,0xfe,
  0xe7,0x2c,0x01,0x02,0x0e,0xba,0xff,0xd1,0xbf,0xe9,0x9d,0xde,0xb0,0x00,0x03,0x08,0xad,0xff,0xce,0xc1,0xf1,0xef,0x47,0x00,
  0x02,0x00,0x00,0x00,0x02,0x00,0x84,0xff,0xe1,0xc0,0xe2,0xc4,0xb6,0xff,0x0a,0x00,0x01,0x00,0x03,0x00,0x41,0xff,0xbe,0xe1,
  0xc1,0xd7,0xff,0x94,0x46,0xef,0xc7,0xc5,0xff,0xd7,0x1c,0x01,0x01,0x19,0xcc,0xfa,0xc5,0xc7,0xfc,0xd3,0x1e,0x02,0x00,0x6a,
  0xff,0xd7,0xc1,0xfc,0xd6,0x19,0x02,0x03,0x95,0xff,0xdc,0xbf,0xe3,0xb7,0xc8,0xee,0x00,0x00,0x01,0x00,0x00,0x00,0x00,0x00,
  0x00,0x00,0x00,0x00,0x00,0x03,0x00,0x3b,0xff,0x45,0x02,0x04,0x00,0x00,0x00,0x02,0x00,0x00,0x00,0x00,0x6f,0xff,0x58,0x00,
  0x00,0x03,0x95,0xff,0x36,0x00,0x19,0xf5,0xec,0x2c,0x00,0x00,0x4d,0xff,0x7b,0x00,0x08,0xdb,0xc4,0x0c,0x00,0x00,0x29,0xf3,
  0xa0,0x00,0x39,0xff,0x89,0x00,0x00,0x00,0x7e,0xff,0x4c,0x00,0x3a,0xff,0x2c,0x00,0x00,0x00,0x90,0xff,0x4c,0x00,0x00,0x0e,
  0xaf,0xfe,0xa8,0x00,0x00,0xc5,0xff,0x58,0x00,0x00,0x23,0xf2,0xbf,0x00,0x00,0x9b,0xff,0x45,0x00,0x00,0x12,0xb7,0xff,0xa2,
  0x00,0x00,0x96,0xff,0x3d,0x00,0x00,0x0e,0xb8,0xf5,0x1b,0x00,0x02,0x00,0x03,0x00,0x50,0xff,0x7e,0x00,0x00,0x00,0x7d,0xff,
  0xdb,0x0c,0x00,0x01,0x00,0x03,0x00,0x38,0xfb,0xd3,0x17,0x00,0x00,0x7a,0xff,0xef,0x48,0x00,0x00,0x33,0xff,0x9f,0x00,0x00,
  0xbb,0xdf,0x18,0x00,0x00,0x17,0xdb,0xc4,0x00,0x02,0xf6,0xa8,0x00,0x00,0x30,0xff,0x75,0x00,0x6b,0xff,0x6a,0x00,0x00,0x02,
  0x91,0xff,0xc9,0x01,0x00,0x01,0x00,0x00,0x00,0x00,0x00,0x00,0x00,0x00,0x00,0x00,0x04,0x00,0x56,0xfe,0x2d,0x00,0x02,0x00,
  0x00,0x00,0x00,0x03,0x07,0x02,0x02,0xe6,0xb3,0x00,0x03,0x04,0x00,0x00,0xec,0xa6,0x00,0x18,0xff,0x8a,0x00,0x07,0x03,0x00,
  0xd8,0xc4,0x00,0x44,0xff,0x3b,0x09,0x14,0x14,0x05,0x86,0xfc,0x02,0x9d,0xef,0x00,0x00,0x05,0x00,0x00,0x4c,0x2d,0x01,0x48,
  0xff,0x3c,0x03,0x02,0x0b,0xf8,0x9d,0x00,0x04,0x05,0x00,0x0e,0xf7,0xb2,0x00,0x00,0xd5,0xd1,0x00,0x03,0x07,0x00,0x95,0xfa,
  0x05,0x0d,0xfd,0x92,0x00,0x04,0x06,0x00,0x14,0xfa,0xa9,0x00,0x13,0xfe,0x89,0x00,0x05,0x05,0x00,0x16,0xfe,0x7b,0x00,0x04,
  0x00,0x02,0x00,0xc0,0xdc,0x00,0x00,0x05,0x01,0x00,0xca,0xec,0x09,0x00,0x01,0x00,0x03,0x00,0x39,0xff,0x57,0x00,0x08,0x01,
  0x08,0xf7,0xb4,0x00,0x05,0x06,0x00,0xb3,0xe6,0x00,0x22,0xff,0x5e,0x07,0x14,0x14,0x07,0x5e,0xff,0x23,0x00,0xd2,0xdc,0x2c,
  0x00,0x00,0x19,0x18,0x00,0xd9,0xc6,0x00,0x02,0x05,0x00,0x00,0xdf,0xd9,0x00,0x00,0x01,0x00,0x00,0x00,0x00,0x00,0x00,0x00,
  0x00,0x00,0x00,0x04,0x00,0x48,0xff,0x39,0x02,0x03,0x00,0x00,0x00,0x01,0x00,0x00,0x00,0x0f,0xff,0x79,0x03,0x05,0x00,0x04,
  0x02,0xc1,0xcf,0x00,0x16,0xff,0x72,0x02,0x04,0x03,0x02,0xc4,0xd0,0x00,0x66,0xfd,0xf2,0xf7,0xf6,0xf7,0xf7,0xff,0xff,0x0f,
  0xc2,0xc9,0x02,0x02,0x00,0x01,0x02,0x00,0x00,0x00,0x44,0xff,0x3a,0x00,0x00,0x20,0xff,0x61,0x03,0x04,0x00,0x02,0x00,0xd8,
  0xbb,0x00,0x00,0xd9,0xb7,0x02,0x02,0x05,0x02,0x7e,0xff,0x08,0x23,0xfe,0x58,0x03,0x04,0x00,0x02,0x00,0xe1,0xb2,0x00,0x30,
  0xfe,0x53,0x03,0x04,0x00,0x01,0x00,0xe6,0xa7,0x00,0x03,0x00,0x00,0x00,0xe5,0xa7,0x02,0x04,0x00,0x05,0x03,0x92,0xf4,0x08,
  0x00,0x01,0x00,0x03,0x00,0x3a,0xff,0x44,0x01,0x04,0x00,0x01,0xef,0x9a,0x02,0x03,0x04,0x02,0x9c,0xf0,0x00,0x40,0xfd,0xf4,
  0xf7,0xf6,0xf6,0xf7,0xfc,0xff,0x3e,0x00,0x2d,0xc4,0xf6,0xd4,0x91,0x23,0x00,0x05,0xf7,0x8c,0x03,0x05,0x00,0x05,0x02,0xae,
  0xe1,0x00,0x00,0x01,0x00,0x00,0x00,0x00,0x00,0x00,0x00,0x00,0x00,0x00,0x02,0x00,0x15,0xfe,0x87,0x00,0x07,0x02,0x02,0x04,
  0x00,0x09,0x2a,0x0e,0x09,0xfb,0x8a,0x00,0x07,0x02,0x05,0x00,0xd2,0xc3,0x00,0x17,0xff,0x73,0x00,0x04,0x03,0x00,0xc5,0xcf,
  0x00,0x5c,0xfe,0x5a,0x47,0x48,0x46,0x45,0x35,0x34,0x03,0xbb,0xd7,0x00,0x04,0x02,0x03,0x00,0x00,0x03,0x00,0x44,0xff,0x3c,
  0x02,0x01,0x17,0xff,0x75,0x00,0x07,0x03,0x04,0x00,0xe5,0xb8,0x00,0x00,0xd9,0xb8,0x00,0x02,0x05,0x00,0x7f,0xff,0x09,0x19,
  0xff,0x6a,0x00,0x07,0x03,0x04,0x00,0xec,0xaf,0x00,0x25,0xff,0x61,0x01,0x07,0x03,0x03,0x01,0xf0,0x99,0x00,0x04,0x00,0x01,
  0x00,0xd9,0xbc,0x00,0x06,0x02,0x07,0x00,0xa4,0xf2,0x08,0x00,0x01,0x00,0x03,0x00,0x3a,0xff,0x44,0x00,0x04,0x00,0x00,0xf0,
  0x9b,0x00,0x03,0x04,0x00,0x9e,0xef,0x00,0x34,0xff,0x72,0x47,0x49,0x46,0x47,0x37,0x33,0x0c,0x00,0x00,0x00,0x2e,0x73,0xcc,
  0xf8,0x4a,0x01,0xf0,0xa1,0x00,0x07,0x02,0x06,0x00,0xbf,0xde,0x00,0x01,0x03,0x02,0x00,0x02,0x02,0x00,0x02,0x02,0x01,0x00,
  0x00,0x00,0x03,0x00,0x8f,0xff,0x32,0x00,0x00,0x00,0x00,0x00,0xbf,0xf7,0x20,0x00,0xbc,0xe4,0x01,0x00,0x00,0x00,0x33,0xff,
  0x6f,0x00,0x18,0xfe,0x73,0x00,0x04,0x03,0x00,0xc5,0xcd,0x00,0x1f,0xff,0x5f,0x00,0x00,0x00,0x00,0x84,0x84,0x00,0x72,0xff,
  0x27,0x00,0x00,0x00,0x21,0xcb,0x54,0x00,0x48,0xfd,0x2f,0x00,0x00,0x01,0xd1,0xd7,0x00,0x00,0x00,0x00,0x4a,0xff,0xac,0x00,
  0x00,0xd8,0xb8,0x00,0x02,0x05,0x00,0x7f,0xfe,0x11,0x01,0xdc,0xce,0x00,0x00,0x00,0x00,0x54,0xff,0xa3,0x00,0x05,0xe0,0xc3,
  0x00,0x00,0x00,0x00,0x56,0xff,0x48,0x00,0x03,0x00,0x04,0x00,0x8c,0xfe,0x1f,0x00,0x00,0x00,0x18,0xf3,0xe3,0x0b,0x00,0x01,
  0x00,0x03,0x00,0x3a,0xfe,0x44,0x00,0x04,0x00,0x00,0xef,0x9b,0x00,0x03,0x04,0x00,0x9e,0xed,0x02,0x09,0xf3,0x88,0x00,0x00,
  0x00,0x00,0x6c,0x98,0x00,0x10,0x93,0x40,0x00,0x00,0x00,0xe0,0xc5,0x00,0xaa,0xf2,0x10,0x00,0x00,0x00,0x28,0xfc,0xd0,0x00,
  0x00,0x00,0x00,0x00,0x00,0x00,0x00,0x00,0x00,0x00,0x00,0x00,0x00,0x01,0x02,0x07,0xb2,0xff,0x8a,0x3c,0x34,0x5d,0xd2,0xff,
  0x52,0x00,0x01,0x2d,0xf5,0xcb,0x4b,0x33,0x6c,0xf8,0xc4,0x09,0x00,0x15,0xff,0x74,0x00,0x04,0x03,0x00,0xc6,0xcd,0x00,0x00,
  0x82,0xff,0x84,0x37,0x3f,0xac,0xff,0x5f,0x01,0x0e,0xd2,0xec,0x5c,0x34,0x55,0xe5,0xe7,0x18,0x00,0x30,0xff,0x8d,0x33,0x1f,
  0x00,0x3f,0xff,0xc5,0x48,0x34,0x7a,0xdd,0xef,0xb3,0x00,0x00,0xda,0xb9,0x00,0x02,0x05,0x00,0x80,0xff,0x15,0x00,0x47,0xff,
  0xbe,0x45,0x34,0x7f,0xde,0xf1,0xaa,0x00,0x00,0x47,0xff,0xb2,0x41,0x33,0x7e,0xff,0xa7,0x00,0x02,0x00,0x00,0x02,0x01,0x16,
  0xe3,0xe9,0x5b,0x33,0x5e,0xd3,0xe4,0xe5,0x0b,0x00,0x01,0x00,0x03,0x00,0x3a,0xff,0x44,0x00,0x04,0x00,0x00,0xf1,0x9c,0x00,
  0x03,0x04,0x00,0x9f,0xee,0x06,0x00,0x5f,0xff,0x97,0x3b,0x38,0x95,0xff,0x81,0x01,0x09,0xe0,0xfa,0x5a,0x36,0x6e,0xff,0x85,
  0x00,0x26,0xf0,0xdc,0x54,0x33,0x67,0xd8,0xe7,0xd6,0x00,0x20,0xc4,0x67,0x00,0xa6,0xab,0x00,0x60,0xc4,0x26,0x00,0x02,0x00,
  0x00,0x01,0x00,0x00,0x6f,0xdc,0xf9,0xfc,0xef,0xb2,0x31,0x00,0x02,0x01,0x00,0x2f,0xbe,0xf6,0xfd,0xed,0x92,0x0e,0x00,0x00,
  0x14,0xfc,0x71,0x00,0x04,0x03,0x00,0xc2,0xc9,0x00,0x03,0x00,0x6c,0xe4,0xfc,0xfa,0xd5,0x4c,0x00,0x02,0x00,0x17,0xa3,0xf2,
  0xfc,0xf3,0xad,0x1a,0x00,0x02,0x02,0x90,0xf6,0xff,0x8c,0x00,0x00,0x46,0xd2,0xfe,0xf7,0xd0,0x35,0xcb,0xbb,0x00,0x00,0xd6,
  0xb5,0x00,0x02,0x05,0x00,0x7d,0xfc,0x11,0x00,0x00,0x4b,0xd4,0xfe,0xf7,0xcd,0x32,0xd5,0xb0,0x00,0x04,0x00,0x43,0xcd,0xf9,
  0xfc,0xe8,0x7d,0x02,0x01,0x01,0x00,0x00,0x00,0x01,0x00,0x24,0xb5,0xfb,0xfb,0xe5,0x59,0x88,0xf3,0x08,0x00,0x01,0x00,0x03,
  0x00,0x39,0xfc,0x43,0x00,0x04,0x00,0x00,0xed,0x99,0x00,0x03,0x04,0x00,0x9c,0xea,0x03,0x01,0x00,0x56,0xd9,0xfa,0xfc,0xe2,
  0x63,0x00,0x02,0x00,0x16,0xa9,0xf5,0xfc,0xf0,0x8f,0x07,0x01,0x00,0x2e,0xc0,0xfc,0xfb,0xde,0x49,0xa1,0xe3,0x00,0x31,0xfa,
  0x8b,0x00,0xda,0xe1,0x00,0x83,0xfb,0x37,0x00,0x03,0x00,0x00,0x00,0x01,0x00,0x00,0x00,0x16,0x1c,0x0a,0x00,0x00,0x02,0x00,
  0x00,0x02,0x00,0x00,0x12,0x1d,0x07,0x00,0x00,0x01,0x00,0x02,0x1d,0x0d,0x00,0x00,0x00,0x00,0x16,0x17,0x00,0x00,0x01,0x00,
  0x00,0x1a,0x17,0x00,0x00,0x02,0x00,0x01,0x00,0x00,0x0c,0x1d,0x0e,0x00,0x00,0x01,0x00,0x00,0x00,0x11,0x1c,0x10,0x00,0x03,
  0x00,0x00,0x18,0x19,0x00,0x00,0x1a,0x15,0x00,0x00,0x19,0x15,0x00,0x00,0x01,0x00,0x0e,0x1d,0x02,0x00,0x02,0x00,0x00,0x18,
  0x18,0x00,0x00,0x1b,0x14,0x00,0x00,0x02,0x00,0x00,0x16,0x1b,0x02,0x00,0x00,0x00,0x00,0x00,0x00,0x00,0x00,0x01,0x00,0x00,
  0x12,0x1c,0x02,0x00,0x12,0x1c,0x01,0x00,0x00,0x00,0x00,0x00,0x07,0x1d,0x08,0x00,0x00,0x00,0x00,0x1b,0x12,0x00,0x00,0x00,
  0x00,0x12,0x1b,0x00,0x00,0x02,0x00,0x00,0x18,0x1a,0x00,0x00,0x01,0x00,0x01,0x00,0x00,0x0f,0x1d,0x0a,0x00,0x00,0x00,0x02,
  0x00,0x00,0x14,0x1b,0x00,0x00,0x15,0x19,0x00,0x00,0x11,0x02,0x00,0x08,0x09,0x00,0x01,0x11,0x00,0x00,0x00,0x00,0x00,0x00,
  0x00,0x01,0x04,0x00,0x00,0x00,0x00,0x03,0x02,0x00,0x00,0x00,0x00,0x02,0x02,0x00,0x00,0x00,0x03,0x01,0x00,0x00,0x00,0x00,
  0x00,0x00,0x00,0x00,0x00,0x00,0x00,0x00,0x00,0x00,0x03,0x00,0x00,0x00,0x00,0x03,0x00,0x00,0x00,0x01,0x03,0x00,0x00,0x00,
  0x03,0x02,0x00,0x00,0x00,0x02,0x00,0x00,0x00,0x00,0x00,0x03,0x00,0x00,0x00,0x01,0x02,0x00,0x00,0x00,0x00,0x00,0x00,0x00,
  0x00,0x00,0x00,0x00,0x00,0x00,0x00,0x00,0x03,0x00,0x00,0x00,0x01,0x02,0x00,0x00,0x00,0x00,0x00,0x03,0x01,0x00,0x00,0x00,
  0x03,0x01,0x00,0x00,0x00,0x00,0x00,0x00,0x00,0x02,0x02,0x00,0x00,0x00,0x03,0x00,0x00,0x00,0x00,0x00,0x00,0x00,0x00,0x00,
  0x00,0x00,0x00,0x00,0x00,0x00,0x00,0x00,0x00,0x00,0x00,0x00,0x00,0x00,0x00,0x00,0x00,0x03,0x00,0x00,0x00,0x00,0x03,0x00,
  0x00,0x00,0x02,0x03,0x00,0x00,0x00,0x03,0x01,0x00,0x00,0x02,0x02,0x00,0x00,0x00,0x03,0x00,0x00,0x00,0x01,0x00,0x00,0x00,
  0x00,0x00,0x00,0x00,0x00,0x01,0x00,0x00,
};
const lv_img_dsc_t txt_status_conectando = {
  .header.cf = LV_IMG_CF_ALPHA_8BIT,
  .header.always_zero = 0,
  .header.reserved = 0,
  .header.w = 179,
  .header.h = 16,
  .data_size = 2864,
  .data = txt_status_conectando_map,
};

static const uint8_t txt_status_conectado_map[] = {
  0x00,0x00,0x00,0x00,0x00,0x00,0x00,0x00,0x00,0x00,0x00,0x00,0x00,0x00,0x00,0x00,0x00,0x00,0x00,0x00,0x00,0x00,0x00,0x00,
  0x00,0x00,0x00,0x00,0x00,0x00,0x00,0x00,0x00,0x00,0x00,0x00,0x00,0x00,0x00,0x00,0x00,0x00,0x00,0x00,0x00,0x00,0x00,0x00,
  0x00,0x00,0x00,0x00,0x00,0x00,0x00,0x00,0x00,0x00,0x00,0x00,0x00,0x00,0x00,0x00,0x00,0x00,0x00,0x00,0x00,0x00,0x00,0x00,
  0x00,0x00,0x00,0x00,0x00,0x00,0x00,0x05,0x02,0x00,0x00,0x00,0x00,0x00,0x00,0x00,0x00,0x00,0x00,0x00,0x00,0x00,0x00,0x00,
  0x00,0x00,0x00,0x00,0x02,0x02,0x00,0x00,0x00,0x00,0x00,0x00,0x00,0x00,0x00,0x00,0x00,0x00,0x00,0x00,0x00,0x00,0x00,0x00,
  0x00,0x00,0x00,0x00,0x00,0x00,0x00,0x00,0x00,0x00,0x00,0x00,0x00,0x00,0x00,0x00,0x00,0x00,0x00,0x00,0x00,0x00,0x00,0x00,
  0x00,0x00,0x00,0x00,0x00,0x00,0x00,0x00,0x00,0x00,0x00,0x00,0x00,0x00,0x00,0x00,0x00,0x00,0x00,0x00,0x02,0x04,0x02,0x02,
  0x03,0x04,0x01,0x00,0x00,0x00,0x00,0x00,0x00,0x00,0x00,0x00,0x00,0x00,0x00,0x00,0x00,0x00,0x00,0x00,0x00,0x00,0x00,0x00,
  0x00,0x00,0x00,0x00,0x00,0x00,0x00,0x00,0x00,0x00,0x00,0x00,0x00,0x00,0x00,0x00,0x00,0x00,0x00,0x00,0x00,0x00,0x01,0x03,
  0x01,0x00,0x00,0x00,0x00,0x00,0x00,0x00,0x00,0x00,0x00,0x00,0x00,0x00,0x00,0x00,0x00,0x00,0x00,0x00,0x00,0x00,0x00,0x00,
  0x00,0x00,0x00,0x00,0x00,0x00,0x00,0x00,0x00,0x00,0x00,0x00,0x00,0x00,0x00,0x00,0x00,0x00,0x04,0x00,0x00,0x03,0x00,0x00,
  0x00,0x00,0x00,0x00,0x00,0x00,0x00,0x00,0x00,0x00,0x00,0x00,0x00,0x00,0x00,0x00,0x00,0x00,0x00,0x00,0x00,0x00,0x00,0x00,
  0x00,0x00,0x00,0x00,0x00,0x00,0x00,0x00,0x00,0x00,0x00,0x00,0x00,0x00,0x00,0x00,0x00,0x00,0x00,0x00,0x00,0x00,0x00,0x00,
  0x00,0x00,0x00,0x00,0x00,0x00,0x00,0x00,0x00,0x00,0x03,0x00,0x00,0x00,0x00,0x00,0x00,0x00,0x02,0x00,0x00,0x00,0x00,0x00,
  0x00,0x00,0x00,0x00,0x00,0x00,0x00,0x00,0x00,0x00,0x00,0x00,0x00,0x00,0x00,0x00,0x00,0x00,0x00,0x00,0x00,0x00,0x00,0x00,
  0x00,0x00,0x00,0x00,0x00,0x00,0x00,0x00,0x00,0x00,0x00,0x00,0x00,0x00,0x00,0x00,0x00,0x00,0x00,0x00,0x00,0x00,0x00,0x00,
  0x00,0x00,0x00,0x00,0x00,0x00,0x00,0x00,0x00,0x00,0x00,0x00,0x05,0x70,0x39,0x00,0x02,0x00,0x00,0x00,0x00,0x00,0x00,0x00,
  0x00,0x00,0x00,0x00,0x00,0x00,0x00,0x02,0x00,0x2f,0xb9,0x2d,0x00,0x00,0x00,0x00,0x00,0x00,0x00,0x00,0x00,0x00,0x00,0x00,
  0x00,0x00,0x00,0x00,0x00,0x00,0x00,0x00,0x00,0x00,0x00,0x00,0x00,0x00,0x00,0x00,0x00,0x00,0x00,0x00,0x00,0x00,0x00,0x00,
  0x00,0x00,0x00,0x00,0x00,0x00,0x00,0x00,0x00,0x00,0x00,0x00,0x00,0x00,0x00,0x00,0x00,0x00,0x00,0x00,0x00,0x00,0x00,0x00,
  0x02,0x00,0x2a,0x94,0xcf,0xd8,0xb8,0x66,0x07,0x00,0x01,0x00,0x00,0x00,0x02,0x04,0x04,0x04,0x02,0x00,0x00,0x00,0x00,0x04,
  0x02,0x02,0x04,0x04,0x04,0x01,0x00,0x00,0x00,0x00,0x01,0x03,0x04,0x04,0x03,0x01,0x00,0x00,0x00,0x00,0x02,0x04,0x04,0x04,
  0x03,0x00,0x01,0x01,0x20,0xa4,0x39,0x04,0x05,0x00,0x00,0x00,0x03,0x04,0x04,0x03,0x00,0x03,0x04,0x00,0x00,0x00,0x01,0x04,
  0x04,0x05,0x02,0x0d,0xff,0x8b,0x00,0x04,0x00,0x01,0x03,0x04,0x04,0x03,0x01,0x00,0x00,0x00,0x00,0x00,0x00,0x00,0x01,0x01,
  0x0d,0x93,0xe9,0x95,0x0e,0x04,0x05,0x00,0x00,0x00,0x00,0x00,0x00,0x00,0x04,0x02,0x02,0x04,0x04,0x04,0x01,0x00,0x01,0x04,
  0x04,0x04,0x02,0x00,0x00,0x00,0x00,0x01,0x03,0x04,0x04,0x03,0x01,0x00,0x00,0x00,0x00,0x03,0x04,0x04,0x04,0x01,0x00,0x00,
  0x00,0x00,0x03,0x04,0x04,0x03,0x00,0x03,0x04,0x00,0x00,0x00,0x00,0x00,0x02,0x00,0x6f,0xff,0xd3,0x8a,0x7f,0xa9,0xff,0xd5,
  0x22,0x00,0x02,0x00,0x02,0x00,0x00,0x00,0x00,0x00,0x02,0x00,0x00,0x00,0x00,0x00,0x00,0x00,0x00,0x00,0x00,0x01,0x00,0x00,
  0x02,0x00,0x00,0x00,0x00,0x00,0x00,0x01,0x00,0x00,0x02,0x00,0x00,0x00,0x00,0x00,0x02,0x03,0x00,0x1d,0xff,0x4b,0x00,0x00,
  0x00,0x00,0x01,0x00,0x00,0x00,0x00,0x00,0x00,0x00,0x00,0x00,0x02,0x00,0x00,0x00,0x00,0x00,0x0e,0xfb,0x7f,0x00,0x04,0x01,
  0x00,0x00,0x00,0x00,0x00,0x00,0x02,0x00,0x00,0x00,0x00,0x00,0x00,0x00,0x02,0x00,0x00,0x0a,0x91,0x38,0x00,0x00,0x00,0x00,
  0x00,0x00,0x00,0x00,0x00,0x00,0x00,0x00,0x00,0x00,0x00,0x00,0x02,0x00,0x00,0x00,0x00,0x00,0x02,0x00,0x00,0x02,0x00,0x00,
  0x00,0x00,0x00,0x00,0x01,0x00,0x00,0x02,0x00,0x00,0x00,0x00,0x00,0x01,0x00,0x00,0x01,0x00,0x00,0x00,0x00,0x00,0x00,0x00,
  0x00,0x00,0x00,0x00,0x03,0x00,0x59,0xff,0x72,0x00,0x00,0x00,0x00,0x25,0xee,0xec,0x15,0x01,0x01,0x00,0x31,0x83,0x9d,0x77,
  0x21,0x00,0x03,0x00,0x07,0x90,0x3d,0x1e,0x88,0x9b,0x60,0x0a,0x00,0x01,0x01,0x00,0x07,0x5c,0x98,0x96,0x54,0x03,0x00,0x01,
  0x02,0x00,0x1d,0x75,0x9d,0x86,0x37,0x00,0x01,0x35,0xaf,0xf9,0xbb,0x9e,0x6b,0x00,0x02,0x00,0x3f,0x8d,0x9a,0x5e,0x00,0x60,
  0x7c,0x00,0x01,0x00,0x0a,0x5f,0x9b,0x8c,0x33,0x00,0xfe,0x81,0x00,0x05,0x00,0x02,0x51,0x94,0x99,0x5e,0x0a,0x00,0x01,0x00,
  0x00,0x00,0x00,0x00,0x00,0x00,0x3f,0x91,0x93,0x4e,0x00,0x60,0x7c,0x00,0x00,0x01,0x00,0x01,0x00,0x06,0x90,0x3d,0x1e,0x88,
  0x9c,0x5f,0x0a,0x00,0x0e,0x70,0x9d,0x79,0x21,0x00,0x01,0x01,0x00,0x07,0x5c,0x98,0x96,0x54,0x03,0x00,0x01,0x00,0x00,0x38,
  0x89,0x9b,0x63,0x0b,0x00,0x01,0x00,0x00,0x3f,0x8d,0x9a,0x5e,0x00,0x60,0x7c,0x00,0x00,0x01,0x01,0x01,0x07,0xec,0xaf,0x00,
  0x03,0x04,0x04,0x05,0x00,0x2c,0x71,0x1f,0x00,0x00,0x8c,0xff,0xd8,0xc0,0xe4,0xfd,0x6b,0x00,0x00,0x0f,0xff,0xcd,0xdc,0xc4,
  0xc9,0xff,0xcc,0x15,0x01,0x00,0x22,0xd8,0xf7,0xc3,0xc9,0xfe,0xc9,0x16,0x02,0x00,0x59,0xf8,0xe6,0xc0,0xd6,0xff,0x90,0x00,
  0x40,0xcd,0xfd,0xd0,0xc0,0x7f,0x00,0x04,0x9d,0xff,0xda,0xbf,0xe4,0xb3,0xcd,0xe9,0x00,0x00,0x23,0xd6,0xff,0xc8,0xc1,0xed,
  0x8f,0xf7,0x83,0x00,0x02,0x19,0xc7,0xfe,0xc7,0xc3,0xfa,0xdf,0x2e,0x00,0x02,0x00,0x00,0x01,0x01,0x03,0x9d,0xff,0xda,0xc1,
  0xe7,0xb3,0xcd,0xe9,0x00,0x00,0x01,0x00,0x01,0x00,0x0f,0xff,0xcc,0xdd,0xc5,0xc9,0xff,0xc9,0x36,0xda,0xd6,0xc1,0xf4,0xf7,
  0x44,0x00,0x01,0x22,0xd8,0xf7,0xc3,0xc9,0xfe,0xc9,0x17,0x02,0x00,0x76,0xff,0xd3,0xc2,0xff,0xce,0x14,0x02,0x04,0x9d,0xff,
  0xda,0xbf,0xe4,0xb3,0xcd,0xe9,0x00,0x00,0x01,0x03,0x00,0x39,0xff,0x47,0x02,0x04,0x00,0x00,0x00,0x02,0x00,0x00,0x00,0x00,
  0x67,0xff,0x5e,0x00,0x00,0x01,0x8b,0xff,0x3e,0x00,0x11,0xee,0xf3,0x34,0x00,0x00,0x41,0xff,0x8c,0x00,0x03,0xcd,0xd1,0x12,
  0x00,0x00,0x1e,0xe6,0xb6,0x00,0x28,0xfd,0x9e,0x03,0x00,0x00,0x68,0xff,0x64,0x00,0x20,0xff,0x49,0x00,0x00,0x00,0x71,0xff,
  0x62,0x00,0x00,0x04,0x97,0xff,0xc5,0x01,0x02,0xca,0xee,0x2a,0x00,0x00,0x21,0xd5,0xff,0x7b,0x00,0x01,0xc0,0xed,0x27,0x00,
  0x00,0x19,0xd5,0xe0,0x0a,0x01,0x01,0x00,0x04,0x00,0x71,0xff,0x62,0x00,0x00,0x05,0x97,0xff,0xc4,0x00,0x00,0x01,0x00,0x01,
  0x00,0x0f,0xee,0xf4,0x36,0x00,0x00,0x45,0xff,0xf8,0x7b,0x00,0x00,0x12,0xd9,0xe1,0x04,0x00,0xcd,0xd1,0x12,0x00,0x00,0x1e,
  0xe6,0xb4,0x00,0x0a,0xff,0x99,0x00,0x00,0x39,0xff,0x69,0x00,0x75,0xff,0x62,0x00,0x00,0x04,0x97,0xff,0xc4,0x00,0x00,0x01,
  0x04,0x00,0x55,0xfe,0x2e,0x00,0x02,0x00,0x00,0x00,0x00,0x03,0x07,0x02,0x01,0xdf,0xbc,0x00,0x03,0x04,0x00,0x00,0xe5,0xb2,
  0x00,0x0f,0xff,0x9a,0x00,0x07,0x04,0x00,0xc9,0xd4,0x00,0x33,0xff,0x4b,0x08,0x14,0x14,0x06,0x6f,0xff,0x08,0x82,0xfb,0x0a,
  0x00,0x05,0x01,0x00,0x47,0x35,0x01,0x31,0xff,0x57,0x03,0x05,0x02,0xe1,0xbd,0x00,0x03,0x04,0x00,0x00,0xe4,0xd5,0x00,0x31,
  0xff,0x5f,0x00,0x06,0x06,0x00,0x38,0xff,0x7e,0x00,0x32,0xff,0x5d,0x00,0x06,0x06,0x00,0x36,0xff,0x52,0x00,0x04,0x01,0x01,
  0x02,0xe1,0xbd,0x00,0x03,0x04,0x00,0x00,0xe4,0xd2,0x00,0x00,0x01,0x00,0x01,0x00,0x0c,0xff,0x9b,0x00,0x07,0x04,0x00,0xc2,
  0xf1,0x00,0x01,0x08,0x00,0x6a,0xff,0x18,0x29,0xff,0x4b,0x08,0x14,0x14,0x06,0x6f,0xff,0x17,0x02,0xdf,0xd2,0x28,0x00,0x00,
  0x1b,0x16,0x02,0xe2,0xbd,0x00,0x03,0x04,0x00,0x00,0xe4,0xd2,0x00,0x00,0x01,0x04,0x00,0x47,0xff,0x3b,0x02,0x03,0x00,0x00,
  0x00,0x01,0x00,0x00,0x00,0x0b,0xfd,0x82,0x03,0x05,0x00,0x04,0x02,0xb5,0xda,0x00,0x0c,0xff,0x80,0x02,0x04,0x04,0x02,0xb3,
  0xdf,0x00,0x54,0xfd,0xf3,0xf7,0xf6,0xf6,0xf6,0xfe,0xff,0x1b,0xa8,0xe0,0x00,0x01,0x01,0x00,0x02,0x00,0x00,0x00,0x2d,0xff,
  0x55,0x00,0x00,0x0b,0xfe,0x81,0x03,0x05,0x00,0x04,0x02,0xb5,0xdf,0x00,0x54,0xfd,0x2d,0x02,0x02,0x01,0x02,0x0f,0xff,0x85,
  0x00,0x58,0xfd,0x2e,0x02,0x02,0x01,0x02,0x0e,0xfd,0x7e,0x00,0x04,0x01,0x00,0x0b,0xfe,0x81,0x03,0x05,0x00,0x04,0x02,0xb5,
  0xdb,0x00,0x00,0x01,0x00,0x01,0x00,0x0c,0xff,0x81,0x02,0x04,0x04,0x02,0xb4,0xda,0x01,0x00,0x04,0x01,0x54,0xfe,0x1d,0x4a,
  0xfd,0xf3,0xf7,0xf6,0xf6,0xf6,0xfe,0xff,0x32,0x00,0x33,0xca,0xf4,0xd1,0x8d,0x1f,0x00,0x0c,0xfe,0x81,0x03,0x05,0x00,0x04,
  0x02,0xb5,0xdb,0x00,0x00,0x01,0x01,0x00,0x14,0xfe,0x89,0x00,0x07,0x02,0x02,0x04,0x00,0x08,0x2a,0x10,0x06,0xf6,0x93,0x00,
  0x07,0x02,0x05,0x00,0xc8,0xce,0x00,0x0e,0xff,0x81,0x00,0x04,0x04,0x00,0xb5,0xde,0x00,0x49,0xff,0x65,0x47,0x48,0x46,0x46,
  0x36,0x37,0x05,0xa3,0xe9,0x00,0x03,0x03,0x03,0x00,0x00,0x01,0x00,0x2d,0xff,0x57,0x02,0x03,0x06,0xf5,0x96,0x00,0x07,0x02,
  0x05,0x00,0xc6,0xdc,0x00,0x47,0xff,0x3a,0x02,0x06,0x04,0x03,0x17,0xff,0x82,0x00,0x4c,0xff,0x37,0x03,0x06,0x05,0x03,0x17,
  0xfe,0x70,0x00,0x04,0x01,0x00,0x06,0xf5,0x96,0x00,0x07,0x02,0x05,0x00,0xc6,0xd9,0x00,0x00,0x01,0x00,0x01,0x00,0x0c,0xff,
  0x81,0x00,0x04,0x04,0x00,0xb5,0xdb,0x00,0x00,0x04,0x00,0x55,0xff,0x1e,0x3e,0xff,0x65,0x47,0x48,0x46,0x46,0x36,0x33,0x09,
  0x00,0x00,0x00,0x31,0x77,0xd1,0xf5,0x41,0x03,0xf8,0x96,0x00,0x07,0x02,0x05,0x00,0xc6,0xd9,0x00,0x00,0x01,0x00,0x03,0x00,
  0x8d,0xff,0x34,0x00,0x00,0x00,0x00,0x00,0xba,0xf9,0x25,0x00,0xb4,0xea,0x05,0x00,0x00,0x00,0x2a,0xff,0x7b,0x00,0x10,0xfe,
  0x81,0x00,0x04,0x04,0x00,0xb5,0xdc,0x00,0x13,0xfc,0x73,0x00,0x00,0x00,0x00,0x78,0x91,0x00,0x5a,0xff,0x3c,0x00,0x00,0x00,
  0x11,0xc5,0x69,0x00,0x31,0xfe,0x4c,0x00,0x00,0x00,0xb2,0xed,0x0b,0x00,0x00,0x00,0x2e,0xff,0xcb,0x00,0x12,0xf9,0xa4,0x00,
  0x00,0x00,0x00,0x7e,0xff,0x7a,0x00,0x16,0xfa,0x9a,0x00,0x00,0x00,0x00,0x7c,0xff,0x29,0x00,0x03,0x00,0x03,0x00,0xb2,0xed,
  0x0b,0x00,0x00,0x00,0x2e,0xff,0xca,0x00,0x00,0x01,0x00,0x01,0x00,0x0c,0xfe,0x81,0x00,0x04,0x04,0x00,0xb5,0xdb,0x00,0x00,
  0x04,0x00,0x55,0xfe,0x28,0x0c,0xfd,0x73,0x00,0x00,0x00,0x00,0x78,0x8f,0x00,0x17,0x93,0x37,0x00,0x00,0x00,0xe9,0xb8,0x00,
  0xb6,0xed,0x0b,0x00,0x00,0x00,0x2e,0xff,0xca,0x00,0x00,0x01,0x00,0x01,0x02,0x06,0xb1,0xff,0x8c,0x3d,0x34,0x5c,0xcf,0xff,
  0x57,0x00,0x01,0x28,0xf1,0xd0,0x4d,0x33,0x68,0xf3,0xcd,0x0c,0x00,0x0d,0xff,0x82,0x00,0x04,0x04,0x00,0xb6,0xdc,0x00,0x00,
  0x71,0xff,0x8e,0x38,0x3b,0x9f,0xff,0x72,0x01,0x07,0xc1,0xf7,0x66,0x33,0x4e,0xd7,0xf4,0x26,0x00,0x1c,0xff,0xa4,0x33,0x23,
  0x00,0x2a,0xf5,0xd7,0x51,0x33,0x6b,0xda,0xe8,0xd0,0x01,0x00,0x71,0xff,0xa1,0x3a,0x35,0x96,0xe1,0xfb,0x80,0x00,0x00,0x6c,
  0xff,0x98,0x38,0x36,0x91,0xff,0x86,0x00,0x03,0x00,0x00,0x02,0x01,0x2a,0xf5,0xd7,0x51,0x33,0x6b,0xda,0xe8,0xd0,0x00,0x00,
  0x01,0x00,0x01,0x00,0x0c,0xff,0x82,0x00,0x04,0x04,0x00,0xb6,0xdc,0x00,0x00,0x04,0x00,0x56,0xff,0x30,0x00,0x73,0xff,0x8e,
  0x38,0x3b,0x9f,0xff,0x72,0x01,0x0f,0xea,0xf2,0x55,0x36,0x74,0xff,0x7a,0x00,0x2d,0xf5,0xd7,0x51,0x33,0x6b,0xda,0xe8,0xd0,
  0x00,0x00,0x01,0x00,0x00,0x01,0x00,0x00,0x6d,0xdb,0xf9,0xfc,0xf0,0xb4,0x34,0x00,0x02,0x01,0x00,0x2b,0xba,0xf5,0xfc,0xee,
  0x97,0x11,0x00,0x00,0x0c,0xfc,0x7f,0x00,0x04,0x04,0x00,0xb3,0xd8,0x00,0x02,0x00,0x61,0xdf,0xfb,0xfb,0xdc,0x59,0x00,0x02,
  0x00,0x0e,0x96,0xef,0xfc,0xf5,0xb8,0x25,0x00,0x03,0x00,0x7c,0xf1,0xff,0xa7,0x00,0x00,0x34,0xc5,0xfd,0xfa,0xdc,0x45,0xa9,
  0xdb,0x00,0x02,0x00,0x66,0xe4,0xff,0xf4,0xba,0x2a,0xf5,0x82,0x00,0x06,0x00,0x5c,0xdb,0xfb,0xfc,0xe0,0x67,0x00,0x02,0x00,
  0x00,0x00,0x00,0x02,0x00,0x34,0xc5,0xfd,0xfa,0xdc,0x45,0xa9,0xdb,0x00,0x00,0x01,0x00,0x01,0x00,0x0c,0xfc,0x7f,0x00,0x04,
  0x04,0x00,0xb3,0xd8,0x00,0x00,0x04,0x00,0x54,0xfc,0x2c,0x01,0x00,0x61,0xdf,0xfb,0xfb,0xdc,0x59,0x00,0x02,0x00,0x1c,0xb0,
  0xf6,0xfc,0xee,0x88,0x04,0x02,0x00,0x34,0xc5,0xfd,0xfa,0xdc,0x45,0xa9,0xdb,0x00,0x00,0x01,0x00,0x00,0x00,0x01,0x00,0x00,
  0x00,0x16,0x1c,0x0a,0x00,0x00,0x02,0x00,0x00,0x02,0x00,0x00,0x11,0x1d,0x08,0x00,0x00,0x01,0x00,0x01,0x1d,0x0f,0x00,0x00,
  0x00,0x00,0x15,0x19,0x00,0x00,0x02,0x00,0x00,0x1a,0x19,0x00,0x00,0x02,0x00,0x01,0x00,0x00,0x09,0x1d,0x10,0x00,0x00,0x01,
  0x00,0x00,0x00,0x0e,0x1c,0x13,0x00,0x02,0x00,0x00,0x15,0x1b,0x00,0x00,0x16,0x19,0x00,0x00,0x01,0x00,0x01,0x1b,0x14,0x00,
  0x00,0x1e,0x0e,0x00,0x01,0x01,0x00,0x00,0x19,0x19,0x00,0x00,0x01,0x00,0x00,0x00,0x00,0x00,0x00,0x02,0x00,0x00,0x15,0x1b,
  0x00,0x00,0x16,0x19,0x00,0x00,0x00,0x00,0x00,0x00,0x01,0x1d,0x0f,0x00,0x00,0x00,0x00,0x15,0x19,0x00,0x00,0x00,0x00,0x0a,
  0x1d,0x05,0x00,0x02,0x00,0x00,0x1a,0x19,0x00,0x00,0x02,0x00,0x01,0x00,0x00,0x10,0x1d,0x08,0x00,0x00,0x00,0x02,0x00,0x00,
  0x15,0x1b,0x00,0x00,0x16,0x19,0x00,0x00,0x00,0x00,0x00,0x00,0x00,0x01,0x04,0x00,0x00,0x00,0x00,0x03,0x03,0x00,0x00,0x00,
  0x00,0x02,0x02,0x00,0x00,0x00,0x03,0x01,0x00,0x00,0x00,0x00,0x00,0x00,0x00,0x00,0x00,0x00,0x00,0x00,0x00,0x00,0x03,0x00,
  0x00,0x00,0x00,0x03,0x00,0x00,0x00,0x01,0x03,0x00,0x00,0x00,0x02,0x02,0x00,0x00,0x00,0x03,0x00,0x00,0x00,0x00,0x00,0x02,
  0x01,0x00,0x00,0x00,0x03,0x00,0x00,0x00,0x00,0x00,0x03,0x00,0x00,0x00,0x02,0x02,0x00,0x00,0x00,0x00,0x00,0x03,0x00,0x00,
  0x00,0x00,0x03,0x00,0x00,0x00,0x00,0x00,0x00,0x00,0x00,0x02,0x01,0x00,0x00,0x00,0x03,0x00,0x00,0x00,0x00,0x00,0x00,0x00,
  0x00,0x00,0x00,0x00,0x00,0x00,0x00,0x00,0x00,0x00,0x00,0x00,0x00,0x00,0x00,0x00,0x00,0x00,0x00,0x03,0x00,0x00,0x00,0x00,
  0x03,0x00,0x00,0x00,0x02,0x02,0x00,0x00,0x00,0x03,0x01,0x00,0x00,0x02,0x01,0x00,0x00,0x00,0x03,0x00,0x00,0x00,0x00,0x00,
};
const lv_img_dsc_t txt_status_conectado = {
  .header.cf = LV_IMG_CF_ALPHA_8BIT,
  .header.always_zero = 0,
  .header.reserved = 0,
  .header.w = 159,
  .header.h = 16,
  .data_size = 2544,
  .data = txt_status_conectado_map,
};

static const uint8_t txt_status_desconectado_map[] = {
  0x00,0x00,0x00,0x03,0x04,0x04,0x04,0x04,0x02,0x01,0x00,0x00,0x00,0x00,0x00,0x00,0x00,0x00,0x00,0x00,0x00,0x00,0x00,0x00,
  0x00,0x00,0x00,0x00,0x00,0x00,0x00,0x00,0x00,0x00,0x00,0x00,0x00,0x00,0x00,0x00,0x00,0x00,0x00,0x00,0x00,0x00,0x00,0x00,
  0x00,0x00,0x00,0x00,0x00,0x00,0x00,0x00,0x00,0x00,0x00,0x00,0x00,0x00,0x00,0x00,0x00,0x00,0x00,0x00,0x00,0x00,0x00,0x00,
  0x00,0x00,0x00,0x00,0x00,0x00,0x00,0x00,0x00,0x00,0x00,0x03,0x01,0x00,0x00,0x00,0x00,0x00,0x00,0x00,0x00,0x00,0x00,0x00,
  0x00,0x00,0x00,0x00,0x00,0x00,0x00,0x00,0x00,0x00,0x00,0x00,0x00,0x00,0x00,0x00,0x00,0x00,0x00,0x00,0x00,0x00,0x00,0x00,
  0x00,0x00,0x00,0x00,0x00,0x00,0x00,0x00,0x00,0x00,0x00,0x00,0x00,0x00,0x00,0x00,0x00,0x00,0x00,0x00,0x00,0x00,0x00,0x00,
  0x00,0x00,0x00,0x00,0x00,0x00,0x00,0x00,0x00,0x00,0x00,0x00,0x00,0x00,0x00,0x00,0x00,0x00,0x00,0x00,0x00,0x00,0x00,0x00,
  0x00,0x00,0x00,0x00,0x00,0x00,0x00,0x00,0x00,0x00,0x00,0x00,0x00,0x00,0x00,0x00,0x00,0x00,0x00,0x00,0x00,0x00,0x00,0x00,
  0x00,0x00,0x00,0x00,0x00,0x00,0x00,0x00,0x00,0x00,0x00,0x00,0x00,0x00,0x00,0x03,0x00,0x00,0x00,0x00,0x00,0x00,0x00,0x00,
  0x00,0x00,0x00,0x00,0x00,0x00,0x00,0x00,0x00,0x00,0x00,0x00,0x00,0x00,0x00,0x00,0x00,0x00,0x00,0x00,0x00,0x00,0x00,0x00,
  0x00,0x00,0x00,0x00,0x00,0x00,0x00,0x00,0x00,0x00,0x00,0x00,0x00,0x00,0x00,0x00,0x00,0x00,0x00,0x00,0x00,0x00,0x00,0x00,
  0x00,0x00,0x00,0x00,0x00,0x00,0x00,0x00,0x00,0x00,0x00,0x00,0x00,0x00,0x00,0x00,0x00,0x00,0x00,0x00,0x00,0x00,0x00,0x00,
  0x00,0x00,0x00,0x00,0x00,0x00,0x00,0x00,0x00,0x00,0x00,0x00,0x00,0x00,0x01,0x10,0x08,0x00,0x00,0x00,0x00,0x00,0x00,0x00,
  0x00,0x00,0x00,0x00,0x00,0x00,0x00,0x00,0x00,0x00,0x00,0x00,0x00,0x00,0x00,0x00,0x0b,0x0d,0x00,0x00,0x00,0x00,0x00,0x00,
  0x00,0x00,0x00,0x00,0x00,0x00,0x00,0x00,0x00,0x00,0x00,0x00,0x00,0x00,0x00,0x00,0x00,0x00,0x00,0x00,0x00,0x00,0x00,0x00,
  0x00,0x00,0x00,0x00,0x00,0x00,0x00,0x00,0x00,0x00,0x00,0x00,0x00,0x00,0x00,0x00,0x00,0x00,0x00,0x00,0x00,0x00,0x00,0x00,
  0x00,0x00,0x00,0x00,0x00,0x00,0x00,0x00,0x00,0x00,0x00,0x01,0x00,0x39,0x56,0x5a,0x5c,0x52,0x2b,0x00,0x00,0x02,0x00,0x00,
  0x00,0x00,0x00,0x01,0x01,0x01,0x00,0x00,0x00,0x00,0x00,0x00,0x01,0x01,0x01,0x00,0x00,0x00,0x00,0x00,0x00,0x01,0x01,0x01,
  0x00,0x00,0x00,0x00,0x00,0x00,0x00,0x01,0x01,0x01,0x00,0x00,0x00,0x00,0x00,0x01,0x01,0x00,0x01,0x01,0x00,0x00,0x00,0x00,
  0x00,0x00,0x00,0x01,0x01,0x01,0x00,0x00,0x00,0x00,0x00,0x00,0x00,0x01,0x01,0x01,0x00,0x00,0x00,0x00,0x0a,0x35,0x12,0x01,
  0x01,0x00,0x00,0x00,0x00,0x01,0x01,0x00,0x00,0x01,0x01,0x00,0x00,0x00,0x00,0x00,0x01,0x02,0x00,0x0b,0xf0,0x7a,0x00,0x04,
  0x00,0x00,0x00,0x01,0x01,0x00,0x00,0x00,0x00,0x00,0x00,0x00,0x00,0x00,0x00,0x00,0x00,0x01,0x01,0x04,0x00,0xab,0xce,0x00,
  0x00,0x01,0x00,0x00,0x01,0x01,0x00,0x00,0x01,0x01,0x00,0x00,0x00,0x00,0x00,0x00,0x00,0x01,0x00,0x00,0x01,0x01,0x00,0x00,
  0x00,0x00,0x01,0x01,0x00,0x00,0x00,0x00,0x00,0x00,0x00,0x01,0x01,0x01,0x00,0x00,0x00,0x00,0x00,0x00,0x00,0x01,0x01,0x00,
  0x00,0x00,0x00,0x00,0x00,0x00,0x01,0x01,0x00,0x00,0x01,0x01,0x00,0x00,0x00,0x00,0x04,0x00,0xb6,0xff,0xf0,0xf4,0xf9,0xff,
  0xd7,0x49,0x00,0x02,0x00,0x00,0x02,0x03,0x00,0x00,0x00,0x03,0x00,0x00,0x00,0x00,0x03,0x00,0x00,0x00,0x03,0x01,0x00,0x00,
  0x01,0x04,0x00,0x00,0x00,0x03,0x02,0x00,0x00,0x00,0x01,0x03,0x00,0x00,0x00,0x04,0x01,0x00,0x00,0x00,0x00,0x00,0x03,0x00,
  0x00,0x01,0x03,0x00,0x00,0x00,0x01,0x04,0x00,0x00,0x00,0x03,0x01,0x00,0x00,0x00,0x01,0x04,0x00,0x00,0x00,0x03,0x02,0x02,
  0x00,0x29,0xff,0x52,0x00,0x01,0x00,0x00,0x02,0x03,0x00,0x00,0x01,0x02,0x00,0x00,0x00,0x00,0x00,0x03,0x01,0x00,0x00,0x03,
  0x0e,0xff,0x83,0x00,0x04,0x00,0x03,0x02,0x00,0x00,0x01,0x03,0x00,0x00,0x00,0x00,0x00,0x00,0x00,0x00,0x02,0x03,0x00,0x00,
  0x06,0x02,0xb8,0xdf,0x00,0x00,0x01,0x02,0x03,0x00,0x00,0x01,0x02,0x00,0x00,0x00,0x00,0x00,0x00,0x00,0x00,0x00,0x00,0x01,
  0x02,0x00,0x00,0x02,0x01,0x01,0x03,0x00,0x00,0x01,0x03,0x00,0x00,0x00,0x01,0x04,0x00,0x00,0x00,0x03,0x01,0x00,0x00,0x00,
  0x02,0x01,0x00,0x00,0x02,0x02,0x00,0x00,0x00,0x03,0x01,0x00,0x00,0x03,0x01,0x00,0x00,0x00,0x00,0x00,0x00,0x04,0x00,0xb2,
  0xda,0x06,0x07,0x0e,0x39,0xb4,0xff,0x5c,0x00,0x03,0x02,0x00,0x00,0x05,0x0d,0x00,0x00,0x00,0x00,0x00,0x00,0x00,0x00,0x0d,
  0x02,0x00,0x00,0x00,0x00,0x00,0x00,0x00,0x0d,0x04,0x00,0x00,0x01,0x00,0x01,0x00,0x00,0x03,0x0d,0x00,0x00,0x00,0x01,0x00,
  0x01,0x10,0x06,0x00,0x04,0x0c,0x00,0x00,0x01,0x00,0x00,0x00,0x00,0x00,0x0d,0x04,0x00,0x00,0x01,0x00,0x00,0x00,0x00,0x00,
  0x0d,0x04,0x00,0x00,0x03,0x04,0x38,0xff,0x5e,0x0d,0x0d,0x00,0x02,0x00,0x00,0x07,0x0c,0x00,0x00,0x0d,0x0d,0x00,0x00,0x02,
  0x00,0x00,0x0c,0x06,0x00,0x07,0xff,0x80,0x00,0x04,0x02,0x00,0x00,0x09,0x0b,0x00,0x00,0x02,0x00,0x00,0x00,0x00,0x00,0x00,
  0x02,0x00,0x00,0x07,0x0b,0x00,0x00,0xb6,0xda,0x00,0x00,0x02,0x00,0x00,0x07,0x0c,0x00,0x00,0x0d,0x0d,0x00,0x00,0x00,0x00,
  0x00,0x00,0x05,0x10,0x00,0x00,0x0a,0x08,0x00,0x00,0x00,0x00,0x04,0x0d,0x00,0x00,0x01,0x00,0x00,0x00,0x00,0x00,0x0d,0x04,
  0x00,0x00,0x01,0x00,0x01,0x00,0x00,0x0b,0x08,0x00,0x00,0x01,0x00,0x02,0x00,0x00,0x0c,0x06,0x00,0x00,0x11,0x08,0x00,0x00,
  0x00,0x00,0x04,0x00,0xb5,0xda,0x00,0x00,0x00,0x00,0x00,0xac,0xf7,0x16,0x00,0x00,0x20,0xa9,0xee,0xfb,0xdd,0x71,0x00,0x01,
  0x01,0x00,0x70,0xdf,0xfa,0xe7,0x7f,0x02,0x01,0x01,0x04,0x7a,0xe1,0xfa,0xed,0xa2,0x1a,0x00,0x03,0x00,0x18,0x9b,0xeb,0xfa,
  0xe2,0x82,0x09,0x01,0x00,0x0c,0xee,0x7a,0x7c,0xeb,0xfa,0xcf,0x4d,0x00,0x02,0x01,0x05,0x7d,0xe1,0xfa,0xed,0x9f,0x18,0x00,
  0x02,0x01,0x04,0x7a,0xe1,0xfa,0xed,0xa2,0x1c,0x00,0x54,0xfd,0xfb,0xf8,0xfc,0xa7,0x00,0x00,0x23,0xab,0xf3,0xf7,0xcd,0x31,
  0xa0,0xd0,0x00,0x02,0x00,0x50,0xd0,0xfa,0xed,0x9e,0x1a,0xfa,0x83,0x00,0x05,0x00,0x40,0xc1,0xf5,0xf8,0xcf,0x55,0x00,0x02,
  0x00,0x00,0x00,0x00,0x01,0x00,0x23,0xab,0xf3,0xf7,0xc9,0x2e,0xab,0xde,0x00,0x01,0x00,0x23,0xab,0xf3,0xf7,0xcd,0x31,0xa0,
  0xd0,0x00,0x00,0x01,0x00,0x04,0x00,0x52,0xef,0x47,0xb2,0xf7,0xf5,0xa8,0x19,0x00,0x93,0xea,0xfc,0xcf,0x4d,0x00,0x02,0x01,
  0x05,0x7d,0xe1,0xfa,0xed,0x9f,0x18,0x00,0x03,0x00,0x3f,0xc7,0xf7,0xf4,0xad,0x1c,0x00,0x03,0x00,0x50,0xd0,0xfa,0xef,0xa3,
  0x1a,0xea,0x7b,0x00,0x04,0x00,0x00,0x04,0x00,0xb5,0xdb,0x01,0x01,0x02,0x05,0x01,0x22,0xff,0x6e,0x00,0x21,0xeb,0xdf,0x6b,
  0x57,0x96,0xff,0x97,0x00,0x00,0x69,0xff,0x94,0x55,0x8c,0xff,0x8b,0x00,0x02,0xa8,0xff,0x8b,0x53,0x72,0xf1,0xe1,0x19,0x02,
  0x18,0xdb,0xef,0x74,0x53,0x88,0xff,0xbc,0x06,0x00,0x10,0xf3,0xf3,0xc0,0x5a,0x5d,0xd3,0xff,0x3c,0x01,0x02,0xac,0xff,0x86,
  0x57,0x77,0xef,0xdb,0x13,0x02,0x02,0xa8,0xff,0x8b,0x53,0x72,0xf1,0xe3,0x1a,0x1a,0x72,0xff,0x87,0x50,0x38,0x00,0x1e,0xe7,
  0xf1,0x74,0x52,0x90,0xe1,0xe0,0xd5,0x01,0x00,0x5e,0xff,0xc3,0x5b,0x56,0xba,0xd8,0xf9,0x81,0x00,0x00,0x4f,0xff,0xc1,0x5b,
  0x55,0xb1,0xff,0x72,0x00,0x02,0x00,0x00,0x02,0x01,0x1f,0xe7,0xf1,0x74,0x53,0x91,0xe0,0xde,0xd1,0x01,0x01,0x1f,0xe7,0xf1,
  0x74,0x52,0x90,0xe1,0xe0,0xd5,0x00,0x00,0x01,0x00,0x04,0x00,0x58,0xff,0xeb,0x9b,0x54,0x77,0xfd,0xc7,0xa5,0xce,0x59,0x5d,
  0xd4,0xff,0x3a,0x01,0x02,0xac,0xff,0x86,0x57,0x77,0xef,0xdb,0x14,0x01,0x24,0xf6,0xc6,0x57,0x67,0xf7,0xe0,0x0a,0x00,0x5e,
  0xff,0xc3,0x5b,0x56,0xbb,0xd8,0xfd,0x83,0x00,0x04,0x00,0x00,0x04,0x00,0xb5,0xdb,0x00,0x00,0x01,0x01,0x00,0x02,0xea,0xa8,
  0x00,0xab,0xdd,0x00,0x00,0x00,0x00,0x4e,0xff,0x35,0x00,0xbb,0xe3,0x00,0x00,0x00,0x97,0xa5,0x00,0x49,0xff,0x57,0x00,0x00,
  0x00,0x25,0xec,0x75,0x00,0x9e,0xfa,0x1a,0x00,0x00,0x00,0x41,0xff,0x6a,0x00,0x11,0xf8,0xd6,0x00,0x00,0x00,0x0c,0xf1,0xb1,
  0x00,0x4e,0xff,0x2f,0x00,0x00,0x00,0x05,0xf2,0x8b,0x00,0x4c,0xff,0x57,0x00,0x00,0x00,0x25,0xec,0x75,0x00,0x22,0xff,0x4b,
  0x00,0x00,0x00,0xa2,0xf9,0x1e,0x00,0x00,0x00,0x4c,0xff,0xc9,0x00,0x0d,0xf1,0xbc,0x00,0x00,0x00,0x00,0x9d,0xff,0x7a,0x00,
  0x0c,0xec,0xb9,0x00,0x00,0x00,0x00,0x96,0xff,0x1e,0x00,0x02,0x00,0x03,0x00,0xa2,0xf9,0x1e,0x00,0x00,0x00,0x4c,0xff,0xc9,
  0x01,0x00,0xa3,0xf9,0x1e,0x00,0x00,0x00,0x4c,0xff,0xc8,0x00,0x00,0x01,0x00,0x04,0x00,0x51,0xfe,0x86,0x00,0x00,0x00,0x53,
  0xff,0xd8,0x00,0x00,0x00,0x0c,0xf2,0xb0,0x00,0x4f,0xff,0x2f,0x00,0x00,0x00,0x05,0xf2,0x8c,0x00,0x59,0xff,0x23,0x00,0x00,
  0x4d,0xc8,0x18,0x09,0xf2,0xbc,0x00,0x00,0x00,0x00,0x9c,0xff,0x79,0x00,0x04,0x00,0x00,0x04,0x00,0xb5,0xdb,0x00,0x00,0x01,
  0x01,0x00,0x00,0xde,0xb0,0x00,0xef,0xb2,0x4a,0x54,0x52,0x51,0x54,0xff,0x7a,0x00,0x62,0xff,0x9e,0x36,0x04,0x00,0x00,0x00,
  0x9c,0xf0,0x01,0x03,0x04,0x04,0x00,0x0c,0x0d,0x04,0xef,0xa2,0x00,0x07,0x04,0x05,0x00,0xd2,0xc6,0x00,0x0e,0xff,0x8b,0x00,
  0x08,0x06,0x00,0xbd,0xda,0x00,0x9c,0xef,0x47,0x51,0x51,0x53,0x48,0xd6,0xd6,0x00,0x9e,0xf0,0x01,0x03,0x04,0x04,0x00,0x0b,
  0x0f,0x01,0x30,0xff,0x57,0x03,0x04,0x04,0xf0,0xa3,0x00,0x07,0x04,0x05,0x00,0xd1,0xda,0x00,0x41,0xff,0x45,0x00,0x07,0x06,
  0x02,0x20,0xff,0x81,0x00,0x42,0xff,0x43,0x01,0x07,0x06,0x02,0x20,0xff,0x67,0x00,0x04,0x01,0x00,0x04,0xf0,0xa3,0x00,0x07,
  0x04,0x05,0x00,0xd1,0xd7,0x00,0x04,0xf1,0xa3,0x00,0x07,0x04,0x05,0x00,0xd1,0xd7,0x00,0x00,0x01,0x00,0x04,0x00,0x54,0xff,
  0x32,0x03,0x08,0x04,0x10,0xfd,0x89,0x00,0x08,0x06,0x00,0xbd,0xdc,0x00,0x9c,0xef,0x47,0x51,0x51,0x53,0x48,0xd6,0xd3,0x00,
  0x1e,0xee,0xd2,0x4f,0x10,0x00,0x00,0x00,0x40,0xff,0x45,0x00,0x07,0x06,0x02,0x21,0xff,0x7e,0x00,0x04,0x00,0x00,0x04,0x00,
  0xb5,0xdb,0x00,0x00,0x01,0x01,0x01,0x04,0xf2,0x95,0x00,0xf1,0xfb,0xfb,0xfa,0xfa,0xfa,0xf8,0xed,0x70,0x00,0x00,0x5d,0xd3,
  0xf6,0xe1,0x88,0x10,0x00,0xb5,0xdb,0x01,0x00,0x01,0x00,0x03,0x00,0x00,0x0c,0xfe,0x80,0x03,0x04,0x00,0x04,0x03,0xb3,0xdb,
  0x00,0x0c,0xff,0x81,0x01,0x04,0x04,0x01,0xb4,0xdf,0x00,0xa9,0xfc,0xf9,0xfa,0xfa,0xfa,0xfa,0xf2,0xbb,0x00,0xb4,0xdc,0x01,
  0x00,0x01,0x00,0x03,0x00,0x00,0x00,0x2d,0xff,0x55,0x00,0x00,0x0c,0xfe,0x80,0x03,0x04,0x00,0x04,0x03,0xb3,0xdf,0x00,0x55,
  0xfd,0x2d,0x01,0x02,0x01,0x01,0x0e,0xff,0x85,0x00,0x59,0xfd,0x2d,0x01,0x02,0x01,0x00,0x0e,0xfe,0x80,0x00,0x04,0x01,0x00,
  0x0c,0xfe,0x80,0x03,0x04,0x00,0x04,0x03,0xb3,0xdd,0x00,0x0c,0xff,0x80,0x03,0x04,0x00,0x04,0x03,0xb3,0xdc,0x00,0x00,0x01,
  0x00,0x04,0x00,0x55,0xff,0x2d,0x00,0x03,0x00,0x0c,0xff,0x81,0x01,0x04,0x04,0x01,0xb4,0xdf,0x00,0xa9,0xfc,0xf9,0xfa,0xfa,
  0xfa,0xfa,0xf2,0xb8,0x01,0x00,0x2e,0xb1,0xf1,0xed,0xad,0x30,0x00,0x58,0xfd,0x2d,0x01,0x02,0x01,0x01,0x0e,0xff,0x82,0x00,
  0x04,0x00,0x00,0x04,0x00,0xb5,0xdc,0x03,0x03,0x04,0x07,0x00,0x3d,0xff,0x51,0x00,0xf2,0x96,0x0b,0x15,0x11,0x11,0x07,0x14,
  0x0b,0x00,0x00,0x00,0x00,0x27,0x73,0xf6,0xb8,0x00,0x9c,0xf0,0x02,0x03,0x04,0x04,0x00,0x0c,0x0d,0x04,0xee,0xa1,0x00,0x07,
  0x04,0x04,0x00,0xd4,0xc4,0x00,0x0f,0xff,0x81,0x00,0x04,0x04,0x00,0xb5,0xdf,0x00,0x9c,0xe8,0x09,0x11,0x12,0x11,0x09,0x10,
  0x16,0x00,0x9b,0xf0,0x02,0x03,0x04,0x04,0x00,0x0b,0x0f,0x00,0x2d,0xfe,0x56,0x04,0x04,0x04,0xed,0xa6,0x00,0x07,0x04,0x05,
  0x00,0xd2,0xda,0x00,0x3d,0xff,0x47,0x00,0x07,0x06,0x02,0x21,0xff,0x81,0x00,0x42,0xff,0x42,0x01,0x07,0x06,0x02,0x22,0xff,
  0x64,0x00,0x04,0x01,0x00,0x04,0xed,0xa6,0x00,0x07,0x04,0x05,0x00,0xd2,0xd7,0x00,0x04,0xee,0xa6,0x00,0x07,0x04,0x05,0x00,
  0xd2,0xd7,0x00,0x00,0x01,0x00,0x04,0x00,0x55,0xff,0x2d,0x00,0x03,0x00,0x0c,0xff,0x81,0x00,0x04,0x04,0x00,0xb5,0xdf,0x00,
  0x9c,0xe8,0x09,0x11,0x12,0x11,0x09,0x10,0x12,0x00,0x00,0x00,0x00,0x14,0x52,0xcb,0xf1,0x17,0x36,0xff,0x47,0x00,0x07,0x06,
  0x02,0x21,0xff,0x7e,0x00,0x04,0x00,0x00,0x04,0x00,0xb5,0xd8,0x00,0x00,0x00,0x00,0x15,0xdc,0xd7,0x08,0x00,0xa2,0xe7,0x04,
  0x00,0x00,0x00,0x64,0xdc,0x22,0x00,0x9e,0x9a,0x00,0x00,0x00,0x85,0xff,0x00,0x43,0xff,0x58,0x00,0x00,0x00,0x26,0xee,0x72,
  0x00,0xa0,0xf9,0x18,0x00,0x00,0x00,0x47,0xff,0x64,0x00,0x10,0xfe,0x80,0x00,0x04,0x04,0x00,0xb4,0xdd,0x00,0x46,0xff,0x40,
  0x00,0x00,0x00,0x1d,0xd6,0x68,0x00,0x4a,0xff,0x58,0x00,0x00,0x00,0x26,0xee,0x72,0x00,0x30,0xff,0x4d,0x00,0x00,0x00,0x9b,
  0xfb,0x20,0x00,0x00,0x00,0x4c,0xff,0xc8,0x00,0x0a,0xed,0xbf,0x00,0x00,0x00,0x00,0x9d,0xff,0x7a,0x00,0x0d,0xee,0xb6,0x00,
  0x00,0x00,0x00,0x9b,0xfc,0x1b,0x00,0x02,0x00,0x03,0x00,0x9b,0xfb,0x20,0x00,0x00,0x00,0x4c,0xff,0xc8,0x01,0x00,0x9c,0xfb,
  0x20,0x00,0x00,0x00,0x4c,0xff,0xc8,0x00,0x00,0x01,0x00,0x04,0x00,0x55,0xfe,0x2d,0x00,0x03,0x00,0x0c,0xfe,0x80,0x00,0x04,
  0x04,0x00,0xb4,0xdd,0x00,0x46,0xff,0x40,0x00,0x00,0x00,0x1d,0xd6,0x68,0x00,0x5b,0xbc,0x17,0x00,0x00,0x23,0xff,0x52,0x02,
  0xef,0xbf,0x00,0x00,0x00,0x00,0x9d,0xff,0x79,0x00,0x04,0x00,0x00,0x04,0x00,0xb5,0xeb,0x4c,0x4d,0x58,0x90,0xf4,0xe2,0x2a,
  0x00,0x01,0x1a,0xe4,0xe1,0x6b,0x53,0x94,0xff,0x9f,0x02,0x00,0x7e,0xff,0xa1,0x54,0x72,0xfa,0xb9,0x00,0x00,0xa8,0xff,0x8b,
  0x53,0x71,0xf1,0xda,0x15,0x02,0x1a,0xde,0xed,0x70,0x53,0x8d,0xff,0xb3,0x04,0x00,0x0d,0xff,0x83,0x00,0x04,0x04,0x00,0xb8,
  0xdf,0x00,0x00,0xa4,0xff,0x88,0x54,0x72,0xf1,0xe1,0x1a,0x02,0x02,0xa8,0xff,0x8b,0x53,0x71,0xf1,0xda,0x15,0x01,0x16,0xff,
  0xbd,0x54,0x37,0x00,0x1b,0xe4,0xf2,0x74,0x52,0x90,0xde,0xdf,0xd5,0x01,0x00,0x57,0xff,0xc5,0x5b,0x56,0xba,0xd4,0xfc,0x83,
  0x00,0x00,0x52,0xff,0xbd,0x58,0x57,0xb6,0xff,0x6a,0x00,0x03,0x00,0x00,0x02,0x01,0x1b,0xe3,0xf2,0x75,0x52,0x8f,0xde,0xde,
  0xd5,0x01,0x01,0x1b,0xe4,0xf2,0x74,0x52,0x90,0xde,0xdf,0xd5,0x00,0x00,0x01,0x00,0x04,0x00,0x56,0xff,0x2e,0x00,0x03,0x00,
  0x0c,0xff,0x83,0x00,0x04,0x04,0x00,0xb8,0xdf,0x00,0x00,0xa4,0xff,0x88,0x54,0x72,0xf1,0xe1,0x1c,0x01,0x34,0xff,0xd5,0x5d,
  0x58,0xcf,0xf5,0x23,0x00,0x59,0xff,0xc5,0x5b,0x56,0xba,0xd5,0xfd,0x83,0x00,0x04,0x00,0x00,0x04,0x00,0xa0,0xf3,0xf7,0xfb,
  0xf8,0xd9,0x86,0x13,0x00,0x01,0x01,0x00,0x1c,0xa6,0xef,0xfb,0xdf,0x72,0x00,0x01,0x01,0x00,0x67,0xdc,0xfb,0xef,0x9f,0x13,
  0x01,0x01,0x04,0x7b,0xe2,0xfb,0xed,0x9e,0x16,0x00,0x03,0x00,0x1a,0xa0,0xed,0xfb,0xe1,0x7c,0x06,0x01,0x00,0x0b,0xf0,0x7a,
  0x00,0x04,0x04,0x00,0xab,0xce,0x00,0x01,0x02,0x78,0xe1,0xfb,0xee,0xa1,0x17,0x00,0x02,0x01,0x04,0x7b,0xe2,0xfb,0xed,0x9e,
  0x16,0x00,0x03,0x00,0x66,0xe4,0xfe,0xa7,0x00,0x00,0x21,0xab,0xf5,0xf8,0xcb,0x2d,0xa0,0xd1,0x00,0x02,0x00,0x4e,0xd0,0xfc,
  0xf0,0xa2,0x18,0xeb,0x7b,0x00,0x06,0x00,0x44,0xc6,0xf8,0xf9,0xcb,0x4e,0x00,0x02,0x00,0x00,0x00,0x00,0x01,0x00,0x20,0xaa,
  0xf4,0xf9,0xcc,0x2f,0xa0,0xd1,0x00,0x01,0x00,0x21,0xab,0xf5,0xf8,0xcb,0x2d,0xa0,0xd1,0x00,0x00,0x01,0x00,0x04,0x00,0x50,
  0xf0,0x2a,0x00,0x03,0x00,0x0b,0xf0,0x7a,0x00,0x04,0x04,0x00,0xab,0xce,0x00,0x01,0x02,0x78,0xe1,0xfb,0xee,0xa1,0x17,0x00,
  0x03,0x00,0x36,0xbf,0xf7,0xf8,0xc6,0x3d,0x00,0x03,0x00,0x4f,0xd1,0xfc,0xef,0xa0,0x18,0xeb,0x7b,0x00,0x04,0x00,0x00,0x00,
  0x00,0x0a,0x0f,0x0d,0x0d,0x09,0x00,0x00,0x00,0x02,0x00,0x00,0x01,0x00,0x00,0x05,0x0d,0x00,0x00,0x00,0x00,0x00,0x01,0x00,
  0x00,0x0d,0x05,0x00,0x00,0x00,0x00,0x00,0x00,0x00,0x0d,0x04,0x00,0x00,0x01,0x00,0x01,0x00,0x00,0x04,0x0d,0x00,0x00,0x00,
  0x01,0x00,0x01,0x10,0x08,0x00,0x00,0x00,0x00,0x0b,0x0d,0x00,0x00,0x00,0x00,0x00,0x0d,0x04,0x00,0x00,0x01,0x00,0x00,0x00,
  0x00,0x00,0x0d,0x04,0x00,0x00,0x01,0x00,0x00,0x00,0x03,0x0c,0x09,0x00,0x02,0x00,0x00,0x08,0x0b,0x00,0x00,0x0d,0x0d,0x00,
  0x00,0x02,0x00,0x00,0x0c,0x06,0x00,0x00,0x11,0x08,0x00,0x00,0x02,0x00,0x00,0x0a,0x0a,0x00,0x00,0x02,0x00,0x00,0x00,0x00,
  0x00,0x00,0x01,0x00,0x00,0x07,0x0b,0x00,0x00,0x0d,0x0d,0x00,0x00,0x01,0x00,0x00,0x08,0x0b,0x00,0x00,0x0d,0x0d,0x00,0x00,
  0x00,0x00,0x00,0x00,0x05,0x10,0x03,0x00,0x00,0x00,0x01,0x10,0x08,0x00,0x00,0x00,0x00,0x0b,0x0d,0x00,0x00,0x00,0x00,0x00,
  0x0d,0x04,0x00,0x00,0x01,0x00,0x01,0x00,0x00,0x0a,0x0a,0x00,0x00,0x01,0x00,0x02,0x00,0x00,0x0c,0x06,0x00,0x00,0x11,0x08,
  0x00,0x00,0x00,0x00,0x00,0x00,0x00,0x00,0x00,0x00,0x00,0x00,0x04,0x01,0x00,0x00,0x00,0x00,0x02,0x03,0x00,0x00,0x00,0x04,
  0x00,0x00,0x00,0x00,0x04,0x00,0x00,0x00,0x03,0x01,0x00,0x00,0x01,0x04,0x00,0x00,0x00,0x03,0x02,0x00,0x00,0x00,0x02,0x03,
  0x00,0x00,0x00,0x04,0x01,0x00,0x00,0x00,0x00,0x00,0x00,0x00,0x00,0x00,0x00,0x00,0x00,0x00,0x01,0x04,0x00,0x00,0x00,0x03,
  0x02,0x00,0x00,0x00,0x01,0x04,0x00,0x00,0x00,0x03,0x02,0x00,0x00,0x00,0x03,0x00,0x00,0x00,0x00,0x00,0x02,0x03,0x00,0x00,
  0x01,0x02,0x00,0x00,0x00,0x00,0x00,0x03,0x01,0x00,0x00,0x03,0x01,0x00,0x00,0x00,0x00,0x00,0x03,0x02,0x00,0x00,0x01,0x03,
  0x00,0x00,0x00,0x00,0x00,0x00,0x00,0x00,0x02,0x03,0x00,0x00,0x01,0x02,0x00,0x00,0x00,0x00,0x00,0x02,0x03,0x00,0x00,0x01,
  0x02,0x00,0x00,0x00,0x00,0x00,0x00,0x00,0x00,0x00,0x00,0x00,0x00,0x00,0x00,0x00,0x00,0x00,0x00,0x00,0x00,0x00,0x00,0x00,
  0x00,0x00,0x01,0x04,0x00,0x00,0x00,0x03,0x02,0x00,0x00,0x00,0x02,0x02,0x00,0x00,0x01,0x03,0x00,0x00,0x00,0x03,0x01,0x00,
  0x00,0x03,0x01,0x00,0x00,0x00,0x00,0x00,
};
const lv_img_dsc_t txt_status_desconectado = {
  .header.cf = LV_IMG_CF_ALPHA_8BIT,
  .header.always_zero = 0,
  .header.reserved = 0,
  .header.w = 197,
  .header.h = 16,
  .data_size = 3152,
  .data = txt_status_desconectado_map,
};

static const uint8_t txt_grp_title_vocal_map[] = {
  0x00,0x00,0x01,0x02,0x02,0x02,0x02,0x01,0x00,0x00,0x00,0x00,0x00,0x00,0x00,0x00,0x00,0x01,0x02,0x02,0x02,0x02,0x01,0x00,
  0x00,0x00,0x00,0x00,0x00,0x00,0x00,0x00,0x00,0x00,0x00,0x00,0x00,0x00,0x00,0x00,0x00,0x00,0x00,0x00,0x00,0x00,0x00,0x00,
  0x00,0x00,0x00,0x00,0x00,0x00,0x00,0x00,0x00,0x00,0x00,0x00,0x00,0x00,0x00,0x00,0x00,0x00,0x00,0x00,0x00,0x00,0x00,0x00,
  0x00,0x00,0x00,0x00,0x00,0x00,0x00,0x00,0x00,0x00,0x00,0x00,0x00,0x00,0x00,0x00,0x00,0x00,0x00,0x00,0x00,0x00,0x00,0x00,
  0x00,0x00,0x00,0x00,0x00,0x00,0x00,0x00,0x00,0x00,0x00,0x00,0x00,0x00,0x00,0x00,0x00,0x00,0x00,0x00,0x00,0x00,0x00,0x00,
  0x00,0x00,0x00,0x00,0x00,0x00,0x00,0x00,0x00,0x00,0x00,0x00,0x00,0x00,0x00,0x00,0x00,0x00,0x00,0x00,0x00,0x00,0x00,0x00,
  0x00,0x00,0x00,0x00,0x00,0x00,0x00,0x00,0x00,0x00,0x00,0x00,0x00,0x00,0x00,0x00,0x00,0x00,0x00,0x00,0x00,0x00,0x00,0x00,
  0x00,0x0f,0x18,0x18,0x18,0x18,0x09,0x00,0x00,0x00,0x00,0x00,0x18,0x1d,0x1d,0x1d,0x1d,0x0d,0x01,0x01,0x00,0x00,0x00,0x00,
  0x00,0x01,0x00,0x0a,0x1d,0x1d,0x1d,0x1d,0x19,0x00,0x00,0x00,0x00,0x00,0x00,0x00,0x00,0x00,0x00,0x00,0x00,0x00,0x00,0x00,
  0x00,0x00,0x00,0x00,0x00,0x00,0x00,0x00,0x00,0x00,0x00,0x00,0x00,0x00,0x00,0x00,0x00,0x00,0x00,0x00,0x00,0x00,0x00,0x00,
  0x00,0x00,0x00,0x00,0x00,0x00,0x00,0x00,0x00,0x00,0x00,0x00,0x00,0x00,0x00,0x00,0x04,0x00,0x9d,0xf8,0xf4,0xf4,0xf8,0x61,
  0x00,0x04,0x00,0x04,0x00,0x89,0xfa,0xf7,0xf7,0xfa,0xac,0x00,0x02,0x00,0x00,0x00,0x00,0x00,0x03,0x00,0x94,0xfa,0xf7,0xf6,
  0xfa,0x9b,0x00,0x03,0x00,0x00,0x00,0x00,0x00,0x00,0x00,0x00,0x00,0x00,0x00,0x00,0x00,0x00,0x00,0x00,0x00,0x00,0x00,0x00,
  0x00,0x00,0x00,0x00,0x00,0x00,0x00,0x00,0x00,0x00,0x00,0x00,0x00,0x00,0x00,0x00,0x00,0x00,0x00,0x00,0x00,0x00,0x00,0x00,
  0x00,0x00,0x00,0x00,0x00,0x00,0x00,0x00,0x00,0x04,0x00,0xa4,0xff,0xfd,0xfd,0xff,0x65,0x00,0x04,0x00,0x03,0x00,0x32,0xfe,
  0xff,0xff,0xff,0xf3,0x18,0x00,0x02,0x00,0x00,0x00,0x01,0x00,0x0b,0xe4,0xff,0xfe,0xff,0xff,0x44,0x00,0x03,0x00,0x00,0x00,
  0x00,0x00,0x01,0x01,0x01,0x01,0x00,0x00,0x00,0x00,0x00,0x00,0x00,0x00,0x00,0x00,0x00,0x00,0x00,0x00,0x00,0x01,0x01,0x01,
  0x00,0x00,0x00,0x00,0x00,0x00,0x00,0x00,0x00,0x00,0x00,0x00,0x00,0x01,0x01,0x01,0x00,0x00,0x00,0x00,0x00,0x00,0x00,0x00,
  0x00,0x00,0x04,0x00,0xa1,0xfe,0xfa,0xfa,0xfe,0x64,0x00,0x04,0x00,0x00,0x01,0x01,0xca,0xfe,0xfc,0xfb,0xff,0x61,0x01,0x04,
  0x00,0x00,0x00,0x03,0x00,0x49,0xff,0xfc,0xfc,0xfe,0xda,0x06,0x00,0x01,0x00,0x00,0x00,0x03,0x03,0x00,0x00,0x00,0x00,0x02,
  0x04,0x01,0x00,0x00,0x00,0x00,0x00,0x00,0x00,0x00,0x00,0x03,0x03,0x00,0x00,0x00,0x00,0x01,0x04,0x01,0x00,0x00,0x00,0x00,
  0x00,0x00,0x00,0x00,0x02,0x03,0x00,0x00,0x00,0x01,0x04,0x01,0x00,0x00,0x00,0x00,0x00,0x00,0x00,0x04,0x00,0xa2,0xff,0xfb,
  0xfb,0xff,0x64,0x00,0x04,0x00,0x00,0x04,0x00,0x73,0xff,0xfb,0xfc,0xff,0xb3,0x00,0x02,0x00,0x00,0x00,0x03,0x00,0x9c,0xfe,
  0xfb,0xfb,0xff,0x86,0x00,0x04,0x00,0x00,0x02,0x01,0x00,0x00,0x00,0x11,0x16,0x09,0x00,0x00,0x00,0x03,0x00,0x00,0x00,0x00,
  0x00,0x00,0x01,0x01,0x00,0x00,0x00,0x11,0x17,0x0a,0x00,0x00,0x00,0x03,0x00,0x00,0x00,0x00,0x00,0x00,0x03,0x00,0x00,0x04,
  0x15,0x11,0x00,0x00,0x00,0x02,0x00,0x00,0x00,0x00,0x00,0x00,0x04,0x00,0xa2,0xff,0xfb,0xfb,0xff,0x64,0x00,0x04,0x00,0x00,
  0x02,0x00,0x20,0xf6,0xff,0xfd,0xff,0xf2,0x1a,0x00,0x02,0x00,0x01,0x00,0x0d,0xe5,0xff,0xfd,0xfe,0xfc,0x2f,0x00,0x02,0x00,
  0x02,0x00,0x00,0x4b,0xa0,0xd5,0xe8,0xeb,0xdf,0xbc,0x73,0x19,0x00,0x02,0x00,0x00,0x00,0x00,0x02,0x00,0x00,0x45,0x9e,0xd5,
  0xe7,0xec,0xe1,0xbf,0x76,0x17,0x00,0x03,0x00,0x00,0x00,0x00,0x01,0x00,0x38,0x9f,0xda,0xea,0xe6,0xc9,0x78,0x07,0x31,0xd6,
  0xd3,0xd3,0xd5,0x9f,0x00,0x06,0x00,0xa2,0xff,0xfb,0xfb,0xff,0x64,0x00,0x04,0x00,0x00,0x00,0x02,0x00,0xb6,0xfe,0xfb,0xfc,
  0xff,0x63,0x01,0x04,0x00,0x04,0x00,0x4c,0xff,0xfd,0xfc,0xff,0xc7,0x01,0x01,0x00,0x02,0x00,0x23,0xb9,0xff,0xff,0xff,0xff,
  0xff,0xff,0xff,0xff,0xeb,0x69,0x00,0x03,0x00,0x00,0x01,0x00,0x15,0xac,0xff,0xff,0xff,0xff,0xff,0xff,0xff,0xff,0xe7,0x59,
  0x00,0x03,0x00,0x00,0x03,0x00,0x7f,0xfe,0xff,0xff,0xff,0xff,0xff,0xff,0xc4,0x65,0xff,0xff,0xff,0xff,0xc5,0x00,0x06,0x00,
  0xa2,0xff,0xfb,0xfb,0xff,0x64,0x00,0x04,0x00,0x00,0x00,0x04,0x01,0x5c,0xff,0xfc,0xfc,0xff,0xb5,0x00,0x02,0x00,0x03,0x00,
  0xa0,0xfe,0xfb,0xfc,0xff,0x6f,0x00,0x04,0x02,0x00,0x25,0xe4,0xff,0xfc,0xfb,0xfa,0xfc,0xfe,0xfa,0xfb,0xfb,0xff,0xff,0x82,
  0x00,0x02,0x02,0x02,0x12,0xcf,0xff,0xfc,0xfb,0xfa,0xfc,0xfe,0xfa,0xfc,0xfb,0xff,0xff,0x5e,0x00,0x03,0x03,0x00,0x7b,0xff,
  0xfd,0xfb,0xfd,0xfb,0xfc,0xfd,0xf8,0xff,0xf3,0xfc,0xfd,0xfa,0xfd,0xbc,0x00,0x06,0x00,0xa2,0xff,0xfb,0xfb,0xff,0x64,0x00,
  0x04,0x00,0x00,0x00,0x01,0x00,0x12,0xec,0xff,0xfd,0xff,0xf4,0x1b,0x00,0x03,0x00,0x0f,0xe8,0xff,0xfd,0xff,0xf5,0x1e,0x00,
  0x02,0x02,0x06,0xcc,0xff,0xfa,0xff,0xfe,0xff,0xff,0xff,0xff,0xff,0xfe,0xfd,0xfb,0xff,0x4e,0x00,0x05,0x00,0xa3,0xff,0xf9,
  0xff,0xfe,0xff,0xff,0xff,0xff,0xff,0xfd,0xfa,0xfb,0xf4,0x21,0x01,0x00,0x2f,0xfd,0xfc,0xfe,0xff,0xfe,0xff,0xff,0xff,0xff,
  0xff,0xff,0xff,0xff,0xfc,0xff,0xbe,0x00,0x06,0x00,0xa2,0xff,0xfb,0xfb,0xff,0x64,0x00,0x04,0x00,0x00,0x00,0x00,0x03,0x00,
  0xa0,0xfe,0xfb,0xfc,0xff,0x65,0x01,0x07,0x00,0x50,0xff,0xfc,0xfb,0xff,0xb3,0x00,0x02,0x04,0x00,0x61,0xff,0xfb,0xff,0xfe,
  0xff,0xa1,0x41,0x33,0x6c,0xeb,0xff,0xfe,0xfc,0xfe,0xd4,0x07,0x00,0x31,0xfe,0xfc,0xff,0xfd,0xff,0xae,0x40,0x32,0x74,0xf8,
  0xff,0xff,0xff,0xff,0x9c,0x00,0x00,0xa0,0xff,0xfb,0xff,0xfe,0xff,0xa1,0x42,0x32,0x65,0xe1,0xff,0xfe,0xff,0xfc,0xff,0xbe,
  0x00,0x06,0x00,0xa2,0xff,0xfb,0xfb,0xff,0x64,0x00,0x04,0x00,0x00,0x00,0x00,0x03,0x00,0x46,0xff,0xfd,0xfc,0xff,0xb8,0x00,
  0x05,0x00,0xa4,0xfe,0xfb,0xfc,0xff,0x59,0x01,0x04,0x02,0x00,0xbd,0xfe,0xfc,0xfc,0xff,0x9a,0x00,0x00,0x00,0x00,0x35,0xf5,
  0xfe,0xfe,0xfd,0xff,0x40,0x00,0x85,0xff,0xfb,0xfc,0xff,0xc2,0x00,0x00,0x00,0x00,0x67,0xd5,0xd0,0xd1,0xd3,0xb6,0x03,0x09,
  0xe3,0xfe,0xfd,0xfc,0xff,0x8d,0x00,0x00,0x00,0x00,0x20,0xe6,0xfe,0xfe,0xfc,0xff,0xbe,0x00,0x06,0x00,0xa2,0xff,0xfb,0xfb,
  0xff,0x64,0x00,0x04,0x00,0x00,0x00,0x00,0x01,0x00,0x08,0xdd,0xff,0xfc,0xff,0xf4,0x1e,0x00,0x12,0xea,0xff,0xfc,0xff,0xea,
  0x10,0x00,0x02,0x00,0x0f,0xe7,0xff,0xfd,0xfe,0xfa,0x27,0x02,0x05,0x02,0x06,0x00,0xaa,0xff,0xfc,0xfb,0xfe,0x74,0x00,0xb8,
  0xff,0xfc,0xfc,0xff,0x5e,0x00,0x07,0x02,0x03,0x00,0x03,0x02,0x02,0x02,0x05,0x01,0x2a,0xfb,0xff,0xfd,0xff,0xee,0x12,0x02,
  0x05,0x02,0x07,0x00,0x7e,0xff,0xfb,0xfc,0xff,0xbe,0x00,0x06,0x00,0xa2,0xff,0xfb,0xfb,0xff,0x64,0x00,0x04,0x00,0x00,0x00,
  0x00,0x00,0x04,0x00,0x8a,0xff,0xfb,0xfc,0xff,0x6b,0x01,0x57,0xff,0xfc,0xfb,0xff,0x9d,0x00,0x03,0x02,0x00,0x1d,0xf8,0xff,
  0xfd,0xff,0xe6,0x0e,0x00,0x01,0x00,0x04,0x02,0x7c,0xff,0xfb,0xfb,0xff,0x8b,0x00,0xcf,0xff,0xfc,0xfe,0xff,0x3d,0x01,0x03,
  0x00,0x00,0x02,0x00,0x00,0x00,0x00,0x03,0x00,0x38,0xff,0xfe,0xfc,0xff,0xcc,0x01,0x01,0x00,0x00,0x03,0x02,0x4c,0xff,0xfc,
  0xfc,0xff,0xbe,0x00,0x06,0x00,0xa2,0xff,0xfb,0xfb,0xff,0x64,0x00,0x04,0x00,0x00,0x00,0x00,0x00,0x03,0x00,0x32,0xfd,0xfe,
  0xfb,0xff,0xbd,0x00,0xaa,0xfe,0xfb,0xfd,0xff,0x43,0x01,0x03,0x02,0x00,0x1c,0xf7,0xff,0xfd,0xff,0xe8,0x0f,0x01,0x01,0x00,
  0x04,0x02,0x7f,0xff,0xfb,0xfb,0xff,0x89,0x00,0xcd,0xff,0xfc,0xfe,0xff,0x3f,0x01,0x03,0x00,0x00,0x00,0x00,0x00,0x00,0x00,
  0x00,0x00,0x37,0xff,0xfe,0xfc,0xff,0xd0,0x01,0x01,0x00,0x00,0x03,0x02,0x4e,0xff,0xfc,0xfc,0xff,0xbe,0x00,0x06,0x00,0xa2,
  0xff,0xfb,0xfb,0xff,0x64,0x00,0x04,0x00,0x00,0x00,0x00,0x00,0x00,0x01,0x02,0xcb,0xff,0xfc,0xff,0xf2,0x30,0xe5,0xff,0xfc,
  0xff,0xdb,0x07,0x00,0x01,0x01,0x00,0x0d,0xe4,0xff,0xfd,0xfe,0xfc,0x2f,0x00,0x06,0x03,0x05,0x00,0xb6,0xff,0xfc,0xfb,0xff,
  0x6e,0x00,0xb3,0xfe,0xfc,0xfb,0xff,0x67,0x00,0x07,0x03,0x03,0x00,0x14,0x13,0x13,0x13,0x15,0x01,0x25,0xf9,0xff,0xfe,0xfe,
  0xf5,0x1d,0x00,0x06,0x03,0x07,0x00,0x8a,0xff,0xfb,0xfc,0xff,0xbe,0x00,0x06,0x00,0xa2,0xff,0xfb,0xfb,0xff,0x64,0x00,0x04,
  0x00,0x00,0x00,0x00,0x00,0x00,0x04,0x00,0x73,0xff,0xfb,0xff,0xff,0xc3,0xfc,0xff,0xfb,0xff,0x86,0x00,0x04,0x00,0x00,0x02,
  0x00,0xb7,0xfe,0xfc,0xfc,0xff,0xaf,0x00,0x00,0x00,0x00,0x50,0xfc,0xfd,0xfe,0xfd,0xfe,0x36,0x00,0x7c,0xff,0xfb,0xfd,0xfe,
  0xd0,0x09,0x00,0x00,0x00,0x7e,0xeb,0xe7,0xe7,0xe9,0xc4,0x03,0x05,0xdc,0xfe,0xfd,0xfc,0xff,0xa8,0x00,0x00,0x00,0x00,0x34,
  0xef,0xfe,0xfe,0xfc,0xff,0xbe,0x00,0x06,0x00,0xa2,0xff,0xfb,0xfb,0xff,0x64,0x00,0x04,0x00,0x00,0x00,0x00,0x00,0x00,0x02,
  0x00,0x21,0xf7,0xff,0xfe,0xff,0xff,0xff,0xff,0xfe,0xfc,0x2f,0x00,0x02,0x00,0x00,0x04,0x00,0x56,0xff,0xfa,0xff,0xfe,0xff,
  0xbc,0x5c,0x4f,0x90,0xfa,0xff,0xfe,0xfc,0xff,0xc4,0x03,0x01,0x26,0xfa,0xfc,0xff,0xfe,0xff,0xc7,0x5e,0x4d,0x93,0xff,0xff,
  0xff,0xff,0xff,0x87,0x00,0x00,0x8e,0xff,0xfb,0xff,0xfe,0xff,0xbf,0x60,0x4d,0x84,0xf2,0xff,0xfe,0xff,0xfc,0xff,0xbe,0x00,
  0x06,0x00,0xa2,0xff,0xfb,0xfb,0xff,0x64,0x00,0x04,0x00,0x00,0x00,0x00,0x00,0x00,0x00,0x02,0x00,0xb7,0xfe,0xfb,0xff,0xfd,
  0xff,0xfc,0xff,0xc8,0x01,0x01,0x00,0x00,0x00,0x01,0x02,0x03,0xbe,0xff,0xf9,0xff,0xfd,0xff,0xff,0xff,0xff,0xff,0xff,0xfc,
  0xfd,0xfd,0x38,0x00,0x05,0x00,0x8e,0xff,0xf9,0xff,0xfe,0xff,0xff,0xff,0xff,0xff,0xfe,0xfa,0xff,0xe6,0x14,0x01,0x01,0x20,
  0xf3,0xfe,0xfd,0xff,0xfd,0xff,0xff,0xff,0xff,0xff,0xff,0xff,0xff,0xfc,0xff,0xbe,0x00,0x06,0x00,0xa2,0xff,0xfb,0xfb,0xff,
  0x64,0x00,0x04,0x00,0x00,0x00,0x00,0x00,0x00,0x00,0x04,0x00,0x5d,0xff,0xf9,0xfc,0xfc,0xfc,0xf8,0xfe,0x70,0x00,0x04,0x00,
  0x00,0x00,0x00,0x02,0x01,0x19,0xd4,0xff,0xfe,0xfb,0xf9,0xfa,0xfb,0xf9,0xfb,0xfc,0xff,0xff,0x62,0x00,0x03,0x01,0x02,0x08,
  0xb8,0xff,0xff,0xfb,0xfa,0xfa,0xfb,0xf9,0xfb,0xfb,0xff,0xf5,0x40,0x00,0x02,0x03,0x00,0x5e,0xff,0xff,0xfa,0xfc,0xfa,0xfa,
  0xf9,0xf9,0xff,0xe4,0xfa,0xfc,0xf9,0xfc,0xbc,0x00,0x06,0x00,0xa0,0xfc,0xf8,0xf8,0xfc,0x63,0x00,0x04,0x00,0x00,0x00,0x00,
  0x00,0x00,0x00,0x01,0x00,0x12,0xf4,0xff,0xff,0xff,0xff,0xff,0xfe,0x1e,0x00,0x02,0x00,0x00,0x00,0x00,0x00,0x02,0x00,0x15,
  0xa3,0xfd,0xff,0xff,0xff,0xff,0xff,0xff,0xff,0xd1,0x47,0x00,0x03,0x00,0x00,0x01,0x00,0x07,0x8f,0xf8,0xff,0xff,0xff,0xff,
  0xff,0xff,0xff,0xcc,0x38,0x00,0x03,0x00,0x00,0x03,0x00,0x5f,0xee,0xff,0xff,0xff,0xff,0xff,0xff,0xa7,0x55,0xff,0xff,0xff,
  0xff,0xc9,0x00,0x06,0x00,0xab,0xff,0xff,0xff,0xff,0x6a,0x00,0x04,0x00,0x00,0x00,0x00,0x00,0x00,0x00,0x00,0x02,0x00,0x7c,
  0xba,0xb7,0xba,0xb7,0xba,0x8a,0x00,0x01,0x00,0x00,0x00,0x00,0x00,0x00,0x00,0x02,0x00,0x00,0x34,0x85,0xbd,0xd3,0xd6,0xc5,
  0x9c,0x50,0x05,0x00,0x03,0x00,0x00,0x00,0x00,0x01,0x00,0x00,0x2b,0x7f,0xba,0xd1,0xd7,0xc8,0xa0,0x53,0x04,0x00,0x02,0x00,
  0x00,0x00,0x00,0x02,0x00,0x1f,0x7f,0xc0,0xd5,0xd0,0xab,0x57,0x00,0x2d,0xba,0xb7,0xb7,0xba,0x8a,0x00,0x04,0x00,0x76,0xba,
  0xb7,0xb7,0xba,0x49,0x00,0x03,0x00,0x00,0x00,0x00,0x00,0x00,0x00,0x00,0x00,0x01,0x00,0x00,0x00,0x00,0x00,0x00,0x00,0x01,
  0x00,0x00,0x00,0x00,0x00,0x00,0x00,0x00,0x00,0x01,0x02,0x00,0x00,0x00,0x02,0x04,0x00,0x00,0x00,0x00,0x03,0x00,0x00,0x00,
  0x00,0x00,0x00,0x01,0x03,0x00,0x00,0x00,0x01,0x05,0x00,0x00,0x00,0x00,0x02,0x00,0x00,0x00,0x00,0x00,0x00,0x03,0x00,0x00,
  0x00,0x04,0x01,0x00,0x00,0x01,0x00,0x00,0x00,0x00,0x00,0x00,0x00,0x00,0x00,0x00,0x00,0x00,0x00,0x00,0x00,0x00,0x00,0x00,
  0x00,0x00,0x00,0x00,0x00,0x00,0x00,0x00,0x00,0x03,0x03,0x03,0x03,0x03,0x03,0x03,0x00,0x00,0x00,0x00,0x00,0x00,0x00,0x00,
  0x00,0x00,0x00,0x00,0x02,0x04,0x02,0x00,0x00,0x01,0x04,0x03,0x01,0x00,0x00,0x00,0x00,0x00,0x00,0x00,0x00,0x00,0x02,0x04,
  0x03,0x00,0x00,0x01,0x03,0x04,0x01,0x00,0x00,0x00,0x00,0x00,0x00,0x00,0x00,0x02,0x04,0x02,0x00,0x00,0x03,0x03,0x00,0x01,
  0x03,0x03,0x03,0x03,0x02,0x00,0x00,0x00,0x02,0x03,0x03,0x03,0x03,0x01,0x00,0x00,0x00,
};
const lv_img_dsc_t txt_grp_title_vocal = {
  .header.cf = LV_IMG_CF_ALPHA_8BIT,
  .header.always_zero = 0,
  .header.reserved = 0,
  .header.w = 89,
  .header.h = 25,
  .data_size = 2225,
  .data = txt_grp_title_vocal_map,
};

static const uint8_t txt_grp_title_instrumentos_map[] = {
  0x00,0x00,0x00,0x00,0x00,0x00,0x00,0x00,0x00,0x00,0x00,0x00,0x00,0x00,0x00,0x00,0x00,0x00,0x00,0x00,0x00,0x00,0x00,0x00,
  0x00,0x00,0x00,0x00,0x00,0x00,0x00,0x00,0x00,0x00,0x00,0x00,0x00,0x00,0x00,0x00,0x00,0x00,0x00,0x01,0x03,0x03,0x03,0x03,
  0x01,0x00,0x00,0x00,0x00,0x00,0x00,0x00,0x00,0x00,0x00,0x00,0x00,0x00,0x00,0x00,0x00,0x00,0x00,0x00,0x00,0x00,0x00,0x00,
  0x00,0x00,0x00,0x00,0x00,0x00,0x00,0x00,0x00,0x00,0x00,0x00,0x00,0x00,0x00,0x00,0x00,0x00,0x00,0x00,0x00,0x00,0x00,0x00,
  0x00,0x00,0x00,0x00,0x00,0x00,0x00,0x00,0x00,0x00,0x00,0x00,0x00,0x00,0x00,0x00,0x00,0x00,0x00,0x00,0x00,0x00,0x00,0x00,
  0x00,0x00,0x00,0x00,0x00,0x00,0x00,0x00,0x00,0x00,0x00,0x00,0x00,0x00,0x00,0x00,0x00,0x00,0x00,0x00,0x00,0x00,0x00,0x01,
  0x03,0x03,0x03,0x03,0x01,0x00,0x00,0x00,0x00,0x00,0x00,0x00,0x00,0x00,0x00,0x00,0x00,0x00,0x00,0x00,0x00,0x00,0x00,0x00,
  0x00,0x00,0x00,0x00,0x00,0x00,0x00,0x00,0x00,0x00,0x00,0x00,0x00,0x00,0x00,0x00,0x00,0x00,0x00,0x00,0x09,0x19,0x19,0x19,
  0x19,0x05,0x00,0x00,0x00,0x00,0x00,0x00,0x00,0x00,0x00,0x00,0x00,0x00,0x00,0x00,0x00,0x00,0x00,0x00,0x00,0x00,0x00,0x00,
  0x00,0x00,0x00,0x00,0x00,0x00,0x00,0x00,0x00,0x00,0x00,0x00,0x00,0x00,0x00,0x00,0x00,0x00,0x00,0x00,0x00,0x00,0x00,0x00,
  0x00,0x00,0x00,0x00,0x00,0x00,0x00,0x00,0x00,0x00,0x00,0x00,0x00,0x00,0x00,0x00,0x00,0x00,0x00,0x00,0x00,0x00,0x00,0x00,
  0x00,0x00,0x00,0x00,0x00,0x00,0x00,0x00,0x00,0x00,0x00,0x00,0x00,0x00,0x00,0x00,0x00,0x00,0x00,0x00,0x00,0x00,0x00,0x00,
  0x00,0x00,0x00,0x00,0x00,0x00,0x00,0x00,0x00,0x00,0x00,0x00,0x00,0x00,0x00,0x00,0x00,0x00,0x00,0x00,0x00,0x00,0x00,0x00,
  0x00,0x00,0x00,0x00,0x00,0x00,0x00,0x00,0x00,0x00,0x00,0x00,0x00,0x00,0x00,0x00,0x00,0x00,0x00,0x00,0x00,0x00,0x00,0x00,
  0x00,0x00,0x00,0x00,0x00,0x00,0x00,0x00,0x00,0x00,0x00,0x00,0x00,0x00,0x00,0x00,0x00,0x00,0x00,0x00,0x00,0x00,0x00,0x00,
  0x00,0x00,0x00,0x00,0x00,0x00,0x00,0x00,0x00,0x00,0x00,0x04,0x00,0x56,0xf9,0xf5,0xf9,0xf9,0x31,0x00,0x02,0x00,0x00,0x00,
  0x00,0x00,0x00,0x00,0x00,0x00,0x00,0x00,0x00,0x00,0x00,0x00,0x00,0x00,0x00,0x00,0x00,0x00,0x00,0x00,0x00,0x00,0x00,0x00,
  0x00,0x00,0x00,0x01,0x00,0x21,0xbb,0xbb,0xb9,0xbb,0x44,0x00,0x03,0x00,0x00,0x00,0x00,0x00,0x00,0x00,0x00,0x00,0x00,0x00,
  0x00,0x00,0x00,0x00,0x00,0x00,0x00,0x00,0x00,0x00,0x00,0x00,0x00,0x00,0x00,0x00,0x00,0x00,0x00,0x00,0x00,0x00,0x00,0x00,
  0x00,0x00,0x00,0x00,0x00,0x00,0x00,0x00,0x00,0x00,0x00,0x00,0x00,0x00,0x00,0x00,0x00,0x00,0x00,0x00,0x00,0x00,0x00,0x00,
  0x00,0x00,0x00,0x00,0x00,0x00,0x00,0x00,0x00,0x00,0x00,0x00,0x00,0x00,0x00,0x00,0x00,0x00,0x00,0x00,0x00,0x00,0x00,0x00,
  0x00,0x00,0x00,0x00,0x00,0x00,0x00,0x02,0x00,0x25,0xbb,0xbb,0xb9,0xbb,0x3e,0x00,0x02,0x00,0x00,0x00,0x00,0x00,0x00,0x00,
  0x00,0x00,0x00,0x00,0x00,0x00,0x00,0x00,0x00,0x00,0x00,0x00,0x00,0x00,0x00,0x00,0x00,0x00,0x00,0x00,0x00,0x00,0x00,0x00,
  0x00,0x00,0x00,0x00,0x04,0x00,0x59,0xff,0xfd,0xff,0xff,0x32,0x00,0x02,0x02,0x02,0x02,0x02,0x02,0x00,0x00,0x02,0x03,0x03,
  0x03,0x01,0x00,0x00,0x00,0x00,0x00,0x00,0x00,0x00,0x01,0x02,0x03,0x03,0x03,0x02,0x00,0x00,0x00,0x00,0x02,0x02,0x32,0xff,
  0xff,0xff,0xff,0x63,0x02,0x07,0x00,0x00,0x01,0x02,0x02,0x02,0x02,0x01,0x00,0x01,0x03,0x03,0x00,0x01,0x02,0x02,0x02,0x02,
  0x00,0x00,0x00,0x00,0x00,0x01,0x02,0x02,0x02,0x02,0x00,0x00,0x00,0x02,0x02,0x02,0x02,0x02,0x00,0x00,0x02,0x03,0x03,0x03,
  0x01,0x00,0x00,0x00,0x00,0x00,0x02,0x03,0x03,0x02,0x01,0x00,0x00,0x00,0x00,0x00,0x00,0x00,0x00,0x00,0x01,0x03,0x03,0x03,
  0x03,0x01,0x00,0x00,0x00,0x00,0x00,0x00,0x01,0x02,0x02,0x02,0x02,0x00,0x00,0x01,0x03,0x03,0x03,0x01,0x00,0x00,0x00,0x00,
  0x03,0x02,0x37,0xff,0xff,0xff,0xff,0x5b,0x02,0x06,0x00,0x00,0x00,0x00,0x00,0x00,0x01,0x02,0x03,0x03,0x03,0x02,0x00,0x00,
  0x00,0x00,0x00,0x00,0x00,0x00,0x00,0x00,0x02,0x03,0x03,0x03,0x02,0x00,0x00,0x00,0x00,0x00,0x00,0x00,0x00,0x04,0x00,0x58,
  0xfe,0xfa,0xfe,0xfe,0x32,0x00,0x02,0x00,0x00,0x00,0x00,0x00,0x02,0x02,0x00,0x00,0x00,0x00,0x00,0x03,0x00,0x00,0x00,0x00,
  0x00,0x00,0x03,0x00,0x00,0x00,0x00,0x00,0x00,0x02,0x02,0x00,0x00,0x02,0x00,0x23,0xfc,0xfb,0xf9,0xfc,0x54,0x00,0x00,0x00,
  0x00,0x00,0x00,0x00,0x00,0x00,0x00,0x02,0x00,0x00,0x00,0x00,0x00,0x00,0x00,0x00,0x00,0x00,0x00,0x00,0x00,0x00,0x00,0x00,
  0x00,0x00,0x00,0x00,0x00,0x00,0x00,0x00,0x00,0x00,0x00,0x02,0x02,0x00,0x00,0x00,0x00,0x00,0x03,0x00,0x00,0x03,0x00,0x00,
  0x00,0x00,0x00,0x00,0x03,0x00,0x00,0x00,0x00,0x00,0x00,0x02,0x03,0x00,0x00,0x00,0x00,0x00,0x00,0x03,0x01,0x00,0x00,0x00,
  0x00,0x00,0x00,0x00,0x00,0x00,0x00,0x03,0x00,0x00,0x00,0x00,0x00,0x03,0x01,0x00,0x00,0x03,0x00,0x28,0xfc,0xfb,0xf9,0xfc,
  0x4d,0x00,0x00,0x00,0x00,0x00,0x00,0x01,0x03,0x00,0x00,0x00,0x00,0x00,0x00,0x02,0x03,0x00,0x00,0x00,0x00,0x00,0x00,0x03,
  0x01,0x00,0x00,0x00,0x00,0x00,0x01,0x03,0x00,0x00,0x00,0x00,0x00,0x00,0x04,0x00,0x58,0xff,0xfb,0xff,0xff,0x32,0x00,0x02,
  0x22,0x31,0x30,0x31,0x28,0x00,0x00,0x24,0x4c,0x55,0x3a,0x0a,0x00,0x02,0x00,0x00,0x00,0x00,0x01,0x00,0x02,0x2d,0x4c,0x55,
  0x44,0x21,0x00,0x00,0x02,0x00,0x02,0x27,0x55,0xff,0xfe,0xfd,0xff,0x7b,0x31,0x34,0x09,0x00,0x0a,0x31,0x30,0x30,0x31,0x13,
  0x00,0x00,0x37,0x41,0x00,0x1c,0x31,0x30,0x31,0x2b,0x02,0x00,0x00,0x01,0x00,0x1d,0x31,0x30,0x31,0x2a,0x02,0x00,0x00,0x1f,
  0x31,0x30,0x31,0x2b,0x00,0x00,0x28,0x4e,0x54,0x35,0x05,0x00,0x02,0x03,0x00,0x00,0x2e,0x52,0x52,0x32,0x04,0x00,0x02,0x00,
  0x00,0x00,0x00,0x02,0x00,0x00,0x16,0x3c,0x54,0x51,0x37,0x0e,0x00,0x00,0x02,0x00,0x01,0x00,0x16,0x31,0x30,0x31,0x30,0x04,
  0x00,0x18,0x44,0x57,0x43,0x16,0x00,0x00,0x01,0x00,0x02,0x28,0x59,0xff,0xfe,0xfd,0xff,0x75,0x31,0x33,0x07,0x00,0x00,0x02,
  0x00,0x00,0x06,0x30,0x4e,0x55,0x40,0x1c,0x00,0x00,0x03,0x00,0x00,0x00,0x00,0x02,0x00,0x00,0x26,0x48,0x56,0x48,0x28,0x00,
  0x00,0x02,0x00,0x00,0x00,0x00,0x00,0x04,0x00,0x58,0xff,0xfb,0xff,0xff,0x32,0x00,0x00,0xb8,0xff,0xff,0xff,0xc3,0x1f,0xad,
  0xf7,0xff,0xff,0xff,0xdb,0x61,0x00,0x02,0x00,0x00,0x02,0x00,0x5f,0xcf,0xfe,0xff,0xff,0xff,0xf5,0xb6,0x32,0x00,0x03,0x00,
  0xd2,0xff,0xfd,0xff,0xff,0xff,0xff,0xff,0xff,0x2e,0x00,0x38,0xff,0xff,0xff,0xff,0x48,0x2c,0xc4,0xff,0xd1,0x00,0x97,0xff,
  0xff,0xff,0xe7,0x0c,0x00,0x01,0x04,0x00,0x9e,0xff,0xff,0xff,0xe0,0x08,0x02,0x00,0xa5,0xff,0xff,0xff,0xd3,0x2a,0xb5,0xfb,
  0xff,0xff,0xff,0xd3,0x5a,0x00,0x00,0x42,0xc4,0xfe,0xff,0xff,0xff,0xd1,0x57,0x00,0x02,0x00,0x00,0x03,0x00,0x2a,0xa3,0xeb,
  0xff,0xff,0xff,0xff,0xe3,0x8c,0x14,0x00,0x02,0x04,0x00,0x76,0xff,0xff,0xff,0xf5,0x23,0x88,0xee,0xff,0xff,0xff,0xec,0x89,
  0x05,0x01,0x02,0x00,0xd8,0xff,0xfd,0xff,0xff,0xff,0xff,0xff,0xff,0x26,0x00,0x04,0x00,0x0a,0x7a,0xd8,0xff,0xff,0xff,0xff,
  0xf1,0xb2,0x3e,0x00,0x02,0x00,0x00,0x02,0x00,0x49,0xc2,0xf9,0xff,0xff,0xff,0xfa,0xc4,0x46,0x00,0x02,0x00,0x00,0x00,0x00,
  0x04,0x00,0x58,0xff,0xfb,0xff,0xff,0x32,0x00,0x00,0xb3,0xfe,0xf9,0xfe,0xda,0xdb,0xff,0xfc,0xf9,0xfb,0xfd,0xff,0xff,0x71,
  0x00,0x03,0x02,0x00,0x82,0xff,0xff,0xfe,0xff,0xff,0xfe,0xff,0xff,0xf2,0x3c,0x00,0x00,0xc9,0xfb,0xfd,0xff,0xff,0xff,0xfc,
  0xfa,0xfa,0x2c,0x00,0x37,0xfe,0xfc,0xfd,0xfc,0x8d,0xea,0xff,0xfe,0xc6,0x00,0x92,0xfe,0xf8,0xfe,0xe1,0x0c,0x00,0x01,0x04,
  0x00,0x99,0xfe,0xf8,0xfe,0xda,0x08,0x02,0x00,0xa0,0xfe,0xf9,0xfe,0xe8,0xe8,0xff,0xfb,0xf9,0xfb,0xfe,0xff,0xff,0x67,0x51,
  0xfe,0xff,0xfa,0xf9,0xfb,0xfe,0xff,0xff,0x6f,0x00,0x03,0x02,0x00,0x4f,0xf1,0xff,0xff,0xfa,0xfb,0xfa,0xfb,0xff,0xff,0xdd,
  0x2c,0x00,0x07,0x00,0x73,0xfe,0xf9,0xfe,0xed,0xcb,0xff,0xfe,0xf9,0xfb,0xfd,0xff,0xff,0xaa,0x02,0x02,0x00,0xcf,0xfb,0xfd,
  0xff,0xff,0xff,0xfc,0xfa,0xfa,0x24,0x00,0x00,0x1f,0xcd,0xff,0xff,0xfd,0xf9,0xf8,0xfa,0xff,0xff,0xff,0x77,0x00,0x03,0x03,
  0x00,0x5f,0xff,0xff,0xff,0xff,0xff,0xff,0xfd,0xff,0xff,0x5b,0x00,0x03,0x00,0x00,0x00,0x04,0x00,0x58,0xff,0xfb,0xff,0xff,
  0x32,0x00,0x00,0xb4,0xff,0xfc,0xff,0xff,0xff,0xff,0xff,0xff,0xff,0xff,0xfc,0xfd,0xfb,0x26,0x00,0x00,0x2c,0xff,0xfd,0xfc,
  0xff,0xed,0xdc,0xfe,0xff,0xf5,0xfe,0xd6,0x09,0x00,0xdc,0xff,0xfd,0xff,0xff,0xff,0xff,0xff,0xff,0x30,0x00,0x37,0xff,0xfe,
  0xff,0xfe,0xff,0xff,0xf7,0xfe,0xc8,0x00,0x93,0xff,0xf9,0xff,0xe2,0x0c,0x00,0x01,0x04,0x00,0x9a,0xff,0xf9,0xff,0xdb,0x08,
  0x02,0x00,0xa1,0xff,0xfb,0xff,0xff,0xff,0xff,0xff,0xff,0xff,0xfe,0xfd,0xfe,0xfd,0xfa,0xff,0xff,0xff,0xff,0xff,0xfe,0xfc,
  0xfd,0xfc,0x29,0x00,0x00,0x2e,0xf7,0xff,0xfb,0xff,0xff,0xff,0xff,0xff,0xfd,0xfa,0xff,0xdc,0x11,0x03,0x00,0x73,0xff,0xfb,
  0xff,0xff,0xff,0xff,0xff,0xff,0xff,0xfe,0xfe,0xf9,0xff,0x5c,0x00,0x00,0xe1,0xff,0xfd,0xff,0xff,0xff,0xff,0xff,0xff,0x29,
  0x00,0x0d,0xd0,0xff,0xfa,0xfc,0xff,0xff,0xff,0xff,0xfd,0xfb,0xfd,0xff,0x60,0x00,0x01,0x13,0xee,0xff,0xfa,0xff,0xf4,0xda,
  0xf7,0xff,0xf7,0xfb,0xef,0x1a,0x01,0x02,0x00,0x00,0x04,0x00,0x58,0xff,0xfb,0xff,0xff,0x32,0x00,0x00,0xb4,0xff,0xfc,0xfe,
  0xfe,0xf4,0x91,0x62,0x8c,0xf2,0xff,0xfe,0xfb,0xff,0x7f,0x00,0x00,0x6a,0xfe,0xf7,0xff,0xb3,0x0f,0x0d,0x38,0xe4,0xff,0xff,
  0xff,0x51,0x00,0x70,0xa1,0xfe,0xff,0xfd,0xff,0xb5,0x88,0x8d,0x1a,0x00,0x35,0xff,0xfe,0xff,0xff,0xfe,0xff,0xff,0xff,0xca,
  0x00,0x93,0xff,0xf9,0xff,0xe2,0x0c,0x00,0x01,0x04,0x00,0x9a,0xff,0xf9,0xff,0xdb,0x08,0x02,0x00,0xa1,0xff,0xfb,0xfe,0xfd,
  0xf7,0x96,0x62,0x84,0xea,0xff,0xfe,0xff,0xff,0xff,0xf5,0x93,0x62,0x87,0xed,0xff,0xfe,0xfb,0xff,0x88,0x00,0x01,0xb4,0xff,
  0xfa,0xff,0xf8,0x85,0x48,0x4f,0xa4,0xff,0xfe,0xfa,0xff,0x7e,0x00,0x00,0x73,0xff,0xfb,0xff,0xfe,0xff,0xac,0x65,0x7a,0xdd,
  0xff,0xfe,0xfc,0xfd,0xbf,0x00,0x01,0x71,0xa3,0xfe,0xfe,0xfe,0xff,0xb1,0x88,0x8c,0x18,0x00,0x7b,0xff,0xfa,0xfe,0xff,0xe1,
  0x7e,0x65,0xac,0xff,0xfe,0xfd,0xfe,0xec,0x16,0x00,0x44,0xff,0xfa,0xff,0xd2,0x17,0x0b,0x2a,0xcc,0xff,0xff,0xff,0x7b,0x00,
  0x04,0x00,0x00,0x04,0x00,0x58,0xff,0xfb,0xff,0xff,0x32,0x00,0x00,0xb4,0xff,0xfb,0xfd,0xfd,0x54,0x00,0x00,0x00,0x47,0xfb,
  0xfd,0xfb,0xfe,0xaf,0x00,0x00,0x66,0xff,0xf8,0xff,0xbf,0x1b,0x00,0x00,0x28,0x6b,0x6c,0x6d,0x30,0x01,0x00,0x20,0xff,0xfe,
  0xfc,0xff,0x52,0x00,0x00,0x00,0x00,0x34,0xff,0xfe,0xff,0xfe,0xff,0xa7,0x4d,0x3b,0x2f,0x00,0x91,0xff,0xf9,0xff,0xe2,0x0c,
  0x00,0x01,0x04,0x00,0x9a,0xff,0xf9,0xff,0xdb,0x08,0x02,0x00,0xa1,0xff,0xfb,0xfd,0xff,0x5e,0x00,0x00,0x00,0x30,0xf3,0xfe,
  0xfe,0xfc,0xfd,0x56,0x00,0x00,0x00,0x37,0xf6,0xfe,0xfb,0xfe,0xba,0x00,0x22,0xf8,0xfe,0xfc,0xfe,0x51,0x00,0x00,0x00,0x00,
  0x9b,0xff,0xf9,0xfe,0xd2,0x04,0x00,0x74,0xff,0xfb,0xfc,0xff,0x8f,0x00,0x00,0x00,0x19,0xe2,0xfe,0xfc,0xff,0xe3,0x0c,0x01,
  0x00,0x25,0xff,0xfe,0xfc,0xff,0x4a,0x00,0x00,0x00,0x06,0xd9,0xfd,0xfb,0xfe,0xde,0x1a,0x00,0x00,0x00,0x7e,0xff,0xfc,0xfc,
  0xff,0x67,0x00,0x43,0xff,0xfa,0xfe,0xd8,0x27,0x00,0x00,0x13,0x69,0x6c,0x6e,0x41,0x00,0x02,0x00,0x00,0x04,0x00,0x58,0xff,
  0xfb,0xff,0xff,0x32,0x00,0x00,0xb4,0xff,0xfa,0xff,0xda,0x00,0x03,0x05,0x04,0x00,0xce,0xff,0xfa,0xff,0xbe,0x00,0x01,0x23,
  0xf8,0xff,0xfa,0xff,0xf4,0xbd,0x85,0x3b,0x00,0x00,0x00,0x00,0x02,0x03,0x30,0xff,0xfe,0xfc,0xff,0x5e,0x04,0x08,0x04,0x00,
  0x34,0xff,0xfe,0xfc,0xff,0xaf,0x00,0x00,0x00,0x00,0x00,0x91,0xff,0xf9,0xff,0xe2,0x0c,0x00,0x01,0x04,0x00,0x9a,0xff,0xf9,
  0xff,0xdb,0x08,0x02,0x00,0xa1,0xff,0xf9,0xff,0xe6,0x06,0x03,0x05,0x05,0x00,0xb9,0xff,0xfa,0xff,0xdf,0x02,0x03,0x05,0x05,
  0x00,0xc2,0xff,0xf9,0xff,0xca,0x00,0x4f,0xff,0xfd,0xff,0xfc,0xae,0xac,0xac,0xad,0xaa,0xc8,0xfb,0xf8,0xfb,0xeb,0x1c,0x00,
  0x75,0xff,0xfa,0xfe,0xfc,0x27,0x02,0x06,0x08,0x00,0x91,0xff,0xfa,0xff,0xed,0x17,0x00,0x03,0x35,0xff,0xfe,0xfc,0xff,0x57,
  0x04,0x09,0x00,0x26,0xfa,0xff,0xfa,0xff,0x76,0x00,0x08,0x05,0x02,0x08,0xe7,0xff,0xfa,0xfe,0x9f,0x00,0x0f,0xe0,0xff,0xf9,
  0xff,0xfc,0xc4,0x8e,0x47,0x01,0x00,0x00,0x00,0x00,0x00,0x00,0x00,0x04,0x00,0x58,0xff,0xfb,0xff,0xff,0x32,0x00,0x00,0xb4,
  0xff,0xf9,0xff,0xc6,0x01,0x00,0x00,0x03,0x01,0xbb,0xff,0xf9,0xff,0xbf,0x00,0x03,0x00,0x52,0xec,0xff,0xff,0xff,0xff,0xff,
  0xff,0xe3,0x84,0x0b,0x01,0x03,0x00,0x2d,0xff,0xfe,0xfc,0xff,0x5c,0x00,0x04,0x03,0x00,0x34,0xff,0xfd,0xfb,0xff,0x5f,0x02,
  0x08,0x03,0x06,0x00,0x91,0xff,0xf9,0xff,0xe2,0x0c,0x00,0x01,0x04,0x00,0x9a,0xff,0xf9,0xff,0xdb,0x08,0x02,0x00,0xa1,0xff,
  0xf9,0xff,0xd5,0x05,0x00,0x01,0x04,0x01,0xa9,0xff,0xf9,0xff,0xce,0x02,0x00,0x01,0x03,0x01,0xb2,0xff,0xf9,0xff,0xcc,0x00,
  0x61,0xff,0xfb,0xff,0xff,0xff,0xff,0xff,0xff,0xff,0xff,0xff,0xff,0xff,0xff,0x26,0x00,0x75,0xff,0xfa,0xff,0xf3,0x1e,0x00,
  0x02,0x04,0x01,0x7b,0xff,0xf9,0xff,0xee,0x18,0x00,0x00,0x32,0xff,0xfe,0xfc,0xff,0x55,0x00,0x06,0x00,0x37,0xff,0xfd,0xfc,
  0xff,0x51,0x01,0x03,0x00,0x01,0x00,0xc5,0xff,0xf9,0xff,0xb5,0x00,0x00,0x37,0xdd,0xff,0xff,0xff,0xff,0xff,0xff,0xec,0x9a,
  0x19,0x00,0x01,0x00,0x00,0x00,0x04,0x00,0x58,0xff,0xfb,0xff,0xff,0x32,0x00,0x00,0xb4,0xff,0xf9,0xff,0xc7,0x00,0x00,0x00,
  0x03,0x00,0xbc,0xff,0xf9,0xff,0xbf,0x00,0x01,0x00,0x00,0x1a,0x72,0xbc,0xea,0xff,0xff,0xff,0xff,0xff,0xb5,0x07,0x03,0x00,
  0x2d,0xff,0xfe,0xfc,0xff,0x5e,0x01,0x05,0x03,0x00,0x34,0xff,0xfd,0xfc,0xff,0x54,0x00,0x03,0x00,0x04,0x00,0x91,0xff,0xf9,
  0xff,0xe5,0x0d,0x02,0x01,0x05,0x01,0x9b,0xff,0xf9,0xff,0xdb,0x08,0x02,0x00,0xa1,0xff,0xf9,0xff,0xd6,0x04,0x00,0x01,0x04,
  0x00,0xaa,0xff,0xf9,0xff,0xcf,0x01,0x00,0x01,0x03,0x00,0xb3,0xff,0xf9,0xff,0xcc,0x00,0x5c,0xfe,0xfb,0xff,0xf9,0x9d,0x94,
  0x93,0x93,0x94,0x8e,0x90,0x8f,0x8f,0x87,0x13,0x00,0x74,0xff,0xfa,0xff,0xf3,0x1e,0x00,0x02,0x04,0x00,0x7c,0xff,0xf9,0xff,
  0xee,0x18,0x00,0x00,0x32,0xff,0xfe,0xfc,0xff,0x57,0x01,0x07,0x00,0x34,0xff,0xfe,0xfb,0xff,0x59,0x02,0x05,0x01,0x02,0x00,
  0xd1,0xff,0xf9,0xff,0xaf,0x00,0x03,0x00,0x0f,0x67,0xb3,0xe6,0xff,0xff,0xff,0xff,0xff,0xd2,0x14,0x01,0x01,0x00,0x00,0x04,
  0x00,0x58,0xff,0xfb,0xff,0xff,0x32,0x00,0x00,0xb4,0xff,0xf9,0xff,0xc7,0x00,0x00,0x00,0x03,0x00,0xbc,0xff,0xf9,0xff,0xbf,
  0x00,0x02,0x07,0x0b,0x02,0x00,0x00,0x18,0x47,0x91,0xee,0xfd,0xf9,0xff,0x54,0x00,0x00,0x2d,0xff,0xfe,0xfc,0xff,0x55,0x00,
  0x00,0x02,0x00,0x34,0xff,0xfd,0xfc,0xff,0x53,0x00,0x03,0x00,0x04,0x00,0x8b,0xff,0xfa,0xfe,0xfb,0x2a,0x00,0x04,0x00,0x00,
  0xca,0xff,0xfb,0xff,0xdb,0x08,0x02,0x00,0xa1,0xff,0xf9,0xff,0xd6,0x04,0x00,0x01,0x04,0x00,0xaa,0xff,0xf9,0xff,0xcf,0x01,
  0x00,0x01,0x03,0x00,0xb3,0xff,0xf9,0xff,0xcb,0x00,0x3c,0xff,0xfe,0xfd,0xfc,0x23,0x00,0x00,0x00,0x00,0x06,0x09,0x08,0x0a,
  0x04,0x02,0x00,0x73,0xff,0xfa,0xff,0xf3,0x1e,0x00,0x02,0x04,0x00,0x7c,0xff,0xf9,0xff,0xee,0x18,0x00,0x00,0x32,0xff,0xfe,
  0xfc,0xff,0x4e,0x00,0x01,0x00,0x18,0xf1,0xff,0xfa,0xff,0xa1,0x00,0x00,0x03,0x00,0x2a,0xf8,0xfe,0xfa,0xfe,0x89,0x00,0x0a,
  0x0b,0x04,0x00,0x00,0x10,0x3d,0x82,0xe2,0xfd,0xf7,0xff,0x7c,0x00,0x04,0x00,0x00,0x04,0x00,0x58,0xff,0xfb,0xff,0xff,0x32,
  0x00,0x00,0xb4,0xff,0xf9,0xff,0xc7,0x00,0x00,0x00,0x03,0x00,0xbc,0xff,0xf9,0xff,0xbf,0x00,0x02,0xb4,0xdb,0xd8,0xe1,0x72,
  0x00,0x00,0x00,0x85,0xff,0xf6,0xfc,0x84,0x00,0x00,0x2b,0xfe,0xff,0xfc,0xff,0x8e,0x15,0x15,0x06,0x00,0x34,0xff,0xfd,0xfc,
  0xff,0x53,0x00,0x03,0x00,0x04,0x00,0x6c,0xff,0xfb,0xfd,0xff,0xbe,0x22,0x00,0x0d,0x7e,0xff,0xfd,0xfd,0xff,0xdb,0x08,0x02,
  0x00,0xa1,0xff,0xf9,0xff,0xd6,0x04,0x00,0x01,0x04,0x00,0xaa,0xff,0xf9,0xff,0xcf,0x01,0x00,0x01,0x03,0x00,0xb3,0xff,0xf9,
  0xff,0xc9,0x00,0x0c,0xe4,0xfd,0xfa,0xff,0xc1,0x18,0x00,0x00,0x61,0xf5,0xf7,0xf4,0xfc,0x8e,0x00,0x00,0x73,0xff,0xfa,0xff,
  0xf3,0x1e,0x00,0x02,0x04,0x00,0x7c,0xff,0xf9,0xff,0xee,0x18,0x00,0x00,0x30,0xff,0xfe,0xfc,0xff,0x88,0x15,0x15,0x05,0x00,
  0xbc,0xfe,0xfb,0xfd,0xfc,0x6d,0x0a,0x00,0x30,0xcf,0xff,0xfd,0xfc,0xff,0x41,0x00,0x98,0xdb,0xd7,0xe1,0x93,0x00,0x00,0x00,
  0x59,0xff,0xf8,0xfd,0xab,0x00,0x04,0x00,0x00,0x04,0x00,0x58,0xff,0xfb,0xff,0xff,0x32,0x00,0x00,0xb4,0xff,0xf9,0xff,0xc7,
  0x00,0x00,0x00,0x03,0x00,0xbc,0xff,0xf9,0xff,0xbf,0x00,0x00,0x94,0xff,0xff,0xff,0xfc,0x95,0x5f,0x77,0xe1,0xff,0xf9,0xff,
  0x6e,0x00,0x00,0x14,0xef,0xfd,0xfe,0xff,0xff,0xec,0xe8,0x29,0x00,0x37,0xff,0xfd,0xfc,0xff,0x53,0x00,0x03,0x00,0x02,0x00,
  0x29,0xfd,0xfc,0xfe,0xfe,0xff,0xf3,0xce,0xe3,0xff,0xff,0xff,0xfd,0xff,0xdb,0x08,0x02,0x00,0xa1,0xff,0xf9,0xff,0xd6,0x04,
  0x00,0x01,0x04,0x00,0xaa,0xff,0xf9,0xff,0xcf,0x01,0x00,0x01,0x03,0x00,0xb3,0xff,0xf9,0xff,0xc8,0x01,0x00,0x77,0xff,0xf9,
  0xfe,0xff,0xe5,0xad,0xbf,0xff,0xff,0xff,0xff,0xfb,0x29,0x01,0x00,0x73,0xff,0xfa,0xff,0xf3,0x1e,0x00,0x02,0x04,0x00,0x7c,
  0xff,0xf9,0xff,0xee,0x18,0x00,0x00,0x18,0xf3,0xfd,0xfe,0xff,0xff,0xeb,0xe8,0x25,0x00,0x47,0xff,0xfb,0xfd,0xff,0xff,0xdf,
  0xd1,0xfb,0xff,0xfe,0xfa,0xff,0xb8,0x02,0x00,0x6a,0xff,0xff,0xff,0xff,0xa6,0x61,0x6c,0xd1,0xff,0xf9,0xff,0x96,0x00,0x04,
  0x00,0x00,0x04,0x00,0x57,0xfc,0xf8,0xfc,0xfc,0x31,0x00,0x00,0xb2,0xfc,0xf6,0xfc,0xc4,0x00,0x00,0x00,0x03,0x00,0xba,0xfc,
  0xf6,0xfc,0xbd,0x00,0x01,0x15,0xdd,0xff,0xf9,0xfc,0xff,0xff,0xff,0xff,0xfa,0xff,0xef,0x1c,0x01,0x04,0x00,0xa7,0xff,0xf9,
  0xfc,0xfb,0xff,0xff,0x2d,0x00,0x36,0xfc,0xfa,0xf9,0xfc,0x52,0x00,0x03,0x00,0x00,0x02,0x00,0x9f,0xff,0xf9,0xfc,0xfb,0xff,
  0xff,0xff,0xff,0xf7,0xfc,0xfa,0xfc,0xd8,0x08,0x02,0x00,0x9f,0xfc,0xf6,0xfc,0xd3,0x04,0x00,0x01,0x04,0x00,0xa8,0xfc,0xf6,
  0xfc,0xcc,0x01,0x00,0x01,0x03,0x00,0xb1,0xfc,0xf6,0xfc,0xc5,0x00,0x02,0x07,0xb9,0xff,0xfd,0xf9,0xff,0xff,0xff,0xfc,0xfa,
  0xff,0xff,0x68,0x00,0x07,0x00,0x72,0xfc,0xf7,0xfc,0xf0,0x1e,0x00,0x02,0x04,0x00,0x7a,0xfc,0xf6,0xfc,0xeb,0x18,0x00,0x04,
  0x00,0xae,0xff,0xf9,0xfc,0xfb,0xff,0xff,0x26,0x00,0x00,0x86,0xff,0xff,0xfa,0xfa,0xff,0xff,0xfe,0xf9,0xfc,0xff,0xde,0x1d,
  0x00,0x02,0x06,0xc1,0xff,0xfa,0xfb,0xff,0xff,0xff,0xff,0xfa,0xff,0xff,0x36,0x00,0x02,0x00,0x00,0x04,0x00,0x5d,0xff,0xff,
  0xff,0xff,0x35,0x00,0x00,0xbe,0xff,0xff,0xff,0xd2,0x00,0x00,0x00,0x03,0x00,0xc7,0xff,0xff,0xff,0xca,0x00,0x03,0x00,0x24,
  0xc4,0xff,0xff,0xff,0xff,0xff,0xff,0xff,0xe4,0x43,0x00,0x02,0x02,0x01,0x19,0xc7,0xff,0xff,0xff,0xff,0xff,0x2f,0x00,0x3a,
  0xff,0xff,0xff,0xff,0x58,0x00,0x03,0x00,0x00,0x01,0x02,0x0e,0xb7,0xff,0xff,0xff,0xff,0xff,0xff,0x97,0xa8,0xff,0xff,0xff,
  0xe7,0x08,0x02,0x00,0xaa,0xff,0xff,0xff,0xe2,0x04,0x00,0x01,0x04,0x00,0xb4,0xff,0xff,0xff,0xdb,0x01,0x00,0x01,0x03,0x00,
  0xbd,0xff,0xff,0xff,0xd3,0x00,0x01,0x01,0x0b,0x9d,0xff,0xff,0xff,0xff,0xff,0xff,0xff,0xed,0x63,0x00,0x03,0x05,0x00,0x79,
  0xff,0xff,0xff,0xff,0x20,0x00,0x02,0x04,0x00,0x83,0xff,0xff,0xff,0xfb,0x19,0x00,0x03,0x01,0x1d,0xca,0xff,0xff,0xff,0xff,
  0xff,0x27,0x00,0x04,0x00,0x74,0xf0,0xff,0xff,0xff,0xff,0xff,0xff,0xff,0xb8,0x1f,0x00,0x01,0x01,0x00,0x13,0xae,0xff,0xff,
  0xff,0xff,0xff,0xff,0xff,0xf2,0x60,0x00,0x02,0x00,0x00,0x00,0x03,0x00,0x41,0xbb,0xb8,0xbb,0xbb,0x25,0x00,0x00,0x84,0xbb,
  0xb7,0xbb,0x92,0x00,0x00,0x00,0x02,0x00,0x8a,0xbb,0xb7,0xbb,0x8c,0x00,0x00,0x02,0x00,0x01,0x50,0xa1,0xc9,0xd8,0xd3,0xb7,
  0x73,0x16,0x00,0x02,0x00,0x00,0x01,0x00,0x03,0x57,0x99,0xb6,0xbb,0xbb,0x21,0x00,0x28,0xbb,0xba,0xb9,0xbb,0x3d,0x00,0x02,
  0x00,0x00,0x00,0x01,0x00,0x00,0x5f,0xb3,0xd4,0xd4,0xb1,0x58,0x00,0x6d,0xbb,0xb7,0xbb,0xa1,0x06,0x01,0x00,0x76,0xbb,0xb7,
  0xbb,0x9d,0x03,0x00,0x01,0x03,0x00,0x7d,0xbb,0xb7,0xbb,0x98,0x01,0x00,0x01,0x02,0x00,0x84,0xbb,0xb7,0xbb,0x93,0x00,0x00,
  0x01,0x00,0x00,0x3a,0x8f,0xc4,0xd7,0xd5,0xbb,0x79,0x1d,0x00,0x02,0x00,0x03,0x00,0x55,0xbb,0xb8,0xbb,0xb3,0x16,0x00,0x01,
  0x03,0x00,0x5b,0xbb,0xb7,0xbb,0xaf,0x12,0x00,0x00,0x01,0x00,0x04,0x5a,0x9a,0xb6,0xbb,0xbb,0x1b,0x00,0x02,0x01,0x00,0x20,
  0x79,0xb9,0xd3,0xd7,0xc6,0x97,0x46,0x00,0x00,0x02,0x00,0x00,0x01,0x00,0x00,0x44,0x97,0xc6,0xd8,0xd5,0xbf,0x82,0x24,0x00,
  0x02,0x00,0x00,0x00,0x00,0x00,0x00,0x00,0x00,0x00,0x00,0x00,0x00,0x00,0x00,0x00,0x00,0x00,0x00,0x00,0x00,0x00,0x00,0x00,
  0x00,0x00,0x00,0x00,0x00,0x00,0x00,0x00,0x00,0x02,0x00,0x00,0x00,0x00,0x06,0x02,0x00,0x00,0x00,0x02,0x00,0x00,0x00,0x00,
  0x01,0x00,0x00,0x00,0x00,0x00,0x00,0x00,0x00,0x00,0x00,0x00,0x00,0x00,0x00,0x00,0x00,0x00,0x00,0x00,0x00,0x01,0x00,0x00,
  0x00,0x03,0x03,0x00,0x00,0x01,0x00,0x00,0x00,0x00,0x00,0x00,0x00,0x00,0x00,0x00,0x00,0x00,0x00,0x00,0x00,0x00,0x00,0x00,
  0x00,0x00,0x00,0x00,0x00,0x00,0x00,0x00,0x00,0x00,0x00,0x00,0x00,0x00,0x00,0x00,0x00,0x00,0x01,0x02,0x00,0x00,0x00,0x04,
  0x03,0x00,0x00,0x00,0x03,0x00,0x00,0x00,0x00,0x00,0x00,0x00,0x00,0x00,0x00,0x00,0x00,0x00,0x00,0x00,0x00,0x00,0x00,0x00,
  0x00,0x00,0x00,0x00,0x01,0x00,0x00,0x00,0x00,0x00,0x00,0x00,0x00,0x00,0x00,0x03,0x00,0x00,0x00,0x02,0x05,0x00,0x00,0x00,
  0x01,0x01,0x00,0x00,0x00,0x00,0x01,0x01,0x00,0x00,0x00,0x05,0x03,0x00,0x00,0x00,0x03,0x00,0x00,0x00,0x00,0x00,0x00,0x00,
  0x01,0x03,0x03,0x03,0x03,0x01,0x00,0x00,0x02,0x03,0x03,0x03,0x02,0x00,0x00,0x00,0x00,0x00,0x02,0x03,0x03,0x03,0x02,0x00,
  0x00,0x00,0x00,0x01,0x03,0x03,0x01,0x00,0x00,0x03,0x04,0x01,0x00,0x00,0x00,0x00,0x00,0x00,0x01,0x04,0x04,0x03,0x03,0x03,
  0x01,0x00,0x01,0x03,0x03,0x03,0x03,0x01,0x00,0x00,0x00,0x00,0x00,0x00,0x00,0x01,0x04,0x03,0x00,0x00,0x03,0x03,0x00,0x02,
  0x03,0x03,0x03,0x03,0x00,0x00,0x00,0x02,0x03,0x03,0x03,0x02,0x00,0x00,0x00,0x00,0x00,0x02,0x03,0x03,0x03,0x02,0x00,0x00,
  0x00,0x00,0x00,0x02,0x03,0x03,0x03,0x02,0x00,0x00,0x00,0x00,0x00,0x03,0x04,0x01,0x00,0x00,0x02,0x04,0x02,0x00,0x00,0x00,
  0x00,0x00,0x01,0x03,0x03,0x03,0x03,0x00,0x00,0x00,0x00,0x00,0x01,0x03,0x03,0x03,0x03,0x00,0x00,0x00,0x00,0x00,0x01,0x04,
  0x04,0x03,0x03,0x03,0x00,0x00,0x00,0x00,0x00,0x02,0x04,0x03,0x00,0x00,0x01,0x04,0x03,0x00,0x00,0x00,0x00,0x00,0x00,0x00,
  0x00,0x03,0x04,0x01,0x00,0x00,0x02,0x04,0x02,0x00,0x00,0x00,0x00,0x00,
};
const lv_img_dsc_t txt_grp_title_instrumentos = {
  .header.cf = LV_IMG_CF_ALPHA_8BIT,
  .header.always_zero = 0,
  .header.reserved = 0,
  .header.w = 185,
  .header.h = 22,
  .data_size = 4070,
  .data = txt_grp_title_instrumentos_map,
};

static const uint8_t txt_grp_title_bateria_map[] = {
  0x00,0x00,0x00,0x00,0x00,0x00,0x00,0x00,0x00,0x00,0x00,0x00,0x00,0x00,0x00,0x00,0x00,0x00,0x00,0x00,0x00,0x00,0x00,0x00,
  0x00,0x00,0x00,0x00,0x00,0x00,0x00,0x00,0x00,0x00,0x00,0x00,0x00,0x00,0x00,0x00,0x00,0x00,0x00,0x00,0x00,0x00,0x00,0x00,
  0x00,0x00,0x00,0x00,0x00,0x00,0x00,0x00,0x00,0x00,0x00,0x00,0x00,0x00,0x00,0x00,0x00,0x00,0x00,0x00,0x00,0x00,0x00,0x00,
  0x00,0x00,0x00,0x00,0x00,0x00,0x00,0x00,0x00,0x00,0x00,0x00,0x00,0x03,0x00,0x00,0x00,0x03,0x00,0x00,0x00,0x00,0x00,0x00,
  0x00,0x00,0x00,0x00,0x00,0x00,0x00,0x00,0x00,0x00,0x00,0x00,0x00,0x00,0x00,0x00,0x00,0x00,0x00,0x00,0x00,0x00,0x00,0x00,
  0x00,0x00,0x00,0x00,0x00,0x00,0x00,0x00,0x00,0x00,0x00,0x00,0x00,0x00,0x00,0x00,0x00,0x00,0x00,0x00,0x00,0x00,0x00,0x00,
  0x00,0x00,0x00,0x00,0x00,0x00,0x00,0x00,0x00,0x00,0x00,0x00,0x00,0x00,0x00,0x00,0x00,0x00,0x00,0x00,0x00,0x00,0x00,0x00,
  0x00,0x00,0x00,0x00,0x00,0x00,0x00,0x00,0x00,0x00,0x00,0x00,0x00,0x00,0x00,0x00,0x00,0x00,0x00,0x00,0x00,0x00,0x00,0x00,
  0x00,0x00,0x00,0x00,0x00,0x00,0x00,0x07,0x14,0x00,0x00,0x01,0x00,0x00,0x00,0x00,0x00,0x00,0x00,0x00,0x00,0x00,0x00,0x00,
  0x00,0x00,0x00,0x00,0x00,0x00,0x00,0x00,0x00,0x00,0x00,0x00,0x00,0x01,0x04,0x04,0x04,0x04,0x04,0x04,0x04,0x04,0x04,0x04,
  0x03,0x01,0x00,0x00,0x00,0x00,0x00,0x00,0x00,0x00,0x00,0x00,0x00,0x00,0x00,0x00,0x00,0x00,0x00,0x00,0x00,0x00,0x00,0x00,
  0x00,0x00,0x00,0x00,0x00,0x01,0x01,0x01,0x01,0x01,0x00,0x00,0x00,0x00,0x00,0x00,0x00,0x00,0x00,0x00,0x00,0x00,0x00,0x00,
  0x00,0x00,0x00,0x00,0x00,0x00,0x00,0x00,0x00,0x00,0x00,0x00,0x00,0x00,0x00,0x00,0x00,0x00,0x00,0x00,0x00,0x02,0x00,0x79,
  0xdd,0xf1,0xca,0x44,0x00,0x02,0x00,0x00,0x00,0x00,0x00,0x00,0x00,0x00,0x00,0x00,0x00,0x00,0x00,0x00,0x00,0x00,0x00,0x00,
  0x00,0x00,0x00,0x00,0x00,0x00,0x00,0x00,0x00,0x00,0x00,0x00,0x00,0x00,0x00,0x00,0x00,0x00,0x00,0x02,0x02,0x00,0x00,0x00,
  0x00,0x00,0x00,0x00,0x00,0x00,0x00,0x00,0x00,0x00,0x00,0x00,0x00,0x00,0x00,0x00,0x00,0x00,0x00,0x00,0x00,0x00,0x00,0x00,
  0x00,0x00,0x00,0x00,0x00,0x00,0x00,0x00,0x00,0x00,0x00,0x00,0x00,0x00,0x00,0x00,0x00,0x00,0x00,0x00,0x00,0x00,0x00,0x00,
  0x00,0x00,0x00,0x00,0x00,0x00,0x00,0x00,0x00,0x00,0x00,0x00,0x00,0x03,0x00,0x60,0xff,0xff,0xff,0xff,0xf3,0x1e,0x00,0x02,
  0x00,0x00,0x00,0x00,0x00,0x00,0x00,0x00,0x00,0x00,0x00,0x00,0x00,0x00,0x00,0x00,0x00,0x00,0x00,0x00,0x00,0x02,0x00,0x21,
  0x63,0x62,0x63,0x63,0x63,0x63,0x63,0x63,0x63,0x5e,0x45,0x19,0x00,0x00,0x02,0x00,0x00,0x00,0x00,0x00,0x00,0x00,0x00,0x00,
  0x00,0x00,0x00,0x00,0x00,0x00,0x00,0x00,0x00,0x00,0x00,0x00,0x00,0x00,0x00,0x12,0x1a,0x1a,0x1a,0x1a,0x09,0x00,0x00,0x00,
  0x00,0x00,0x00,0x00,0x00,0x00,0x00,0x00,0x00,0x00,0x00,0x00,0x00,0x00,0x00,0x00,0x00,0x00,0x00,0x00,0x00,0x00,0x00,0x00,
  0x00,0x00,0x00,0x00,0x00,0x00,0x04,0x00,0xac,0xfa,0xf8,0xfe,0xf9,0xff,0x55,0x00,0x04,0x00,0x00,0x00,0x00,0x00,0x00,0x00,
  0x00,0x00,0x00,0x00,0x00,0x00,0x00,0x00,0x00,0x00,0x00,0x00,0x00,0x00,0x04,0x00,0x5b,0xff,0xff,0xff,0xff,0xff,0xff,0xff,
  0xff,0xff,0xff,0xff,0xef,0xa5,0x23,0x00,0x02,0x00,0x00,0x00,0x00,0x00,0x00,0x00,0x00,0x00,0x00,0x00,0x00,0x00,0x00,0x00,
  0x00,0x00,0x00,0x00,0x00,0x00,0x03,0x00,0xaf,0xf8,0xf5,0xf4,0xf8,0x53,0x00,0x04,0x00,0x00,0x00,0x00,0x00,0x00,0x00,0x00,
  0x00,0x00,0x00,0x00,0x00,0x00,0x00,0x00,0x00,0x00,0x00,0x00,0x00,0x00,0x00,0x00,0x00,0x00,0x00,0x00,0x00,0x00,0x00,0x04,
  0x00,0x7c,0xff,0xfc,0xfc,0xff,0xff,0x2e,0x00,0x03,0x00,0x00,0x00,0x00,0x00,0x00,0x00,0x00,0x00,0x00,0x00,0x00,0x00,0x00,
  0x00,0x00,0x00,0x00,0x00,0x00,0x00,0x04,0x00,0x54,0xfb,0xf7,0xfb,0xfb,0xfa,0xf6,0xf7,0xf7,0xf7,0xfa,0xfd,0xff,0xff,0xe9,
  0x30,0x00,0x03,0x00,0x00,0x00,0x00,0x00,0x01,0x02,0x03,0x03,0x02,0x00,0x00,0x01,0x02,0x02,0x02,0x02,0x01,0x00,0x00,0x04,
  0x02,0xb6,0xff,0xfe,0xfd,0xff,0x57,0x02,0x06,0x01,0x00,0x00,0x00,0x00,0x00,0x00,0x00,0x01,0x02,0x03,0x03,0x02,0x01,0x00,
  0x00,0x00,0x00,0x00,0x00,0x00,0x02,0x02,0x02,0x02,0x02,0x00,0x00,0x00,0x02,0x03,0x01,0x01,0x0d,0xad,0xfe,0xff,0xf2,0x72,
  0x00,0x02,0x00,0x00,0x00,0x00,0x00,0x02,0x03,0x03,0x02,0x01,0x00,0x00,0x02,0x02,0x02,0x02,0x02,0x00,0x00,0x00,0x00,0x00,
  0x04,0x00,0x55,0xff,0xfb,0xff,0xff,0xff,0xff,0xff,0xff,0xff,0xff,0xfe,0xfe,0xf9,0xff,0xcd,0x05,0x02,0x00,0x00,0x00,0x01,
  0x03,0x00,0x00,0x00,0x00,0x00,0x02,0x02,0x00,0x00,0x00,0x00,0x00,0x00,0x00,0x00,0x00,0x00,0xb1,0xfe,0xfb,0xfa,0xfe,0x4f,
  0x00,0x00,0x00,0x00,0x00,0x00,0x00,0x00,0x03,0x02,0x00,0x00,0x00,0x00,0x00,0x00,0x03,0x01,0x00,0x00,0x00,0x00,0x00,0x00,
  0x00,0x00,0x00,0x00,0x00,0x01,0x02,0x00,0x00,0x00,0x01,0x00,0x00,0x23,0x37,0x13,0x00,0x01,0x00,0x00,0x00,0x00,0x03,0x01,
  0x00,0x00,0x00,0x00,0x00,0x03,0x00,0x00,0x00,0x00,0x00,0x00,0x00,0x00,0x00,0x00,0x00,0x04,0x00,0x55,0xff,0xfb,0xfe,0xff,
  0xde,0x8f,0x91,0x90,0x9e,0xe8,0xff,0xfe,0xff,0xfd,0xff,0x3a,0x00,0x03,0x00,0x01,0x00,0x00,0x08,0x2f,0x47,0x3d,0x1a,0x00,
  0x00,0x0f,0x23,0x23,0x23,0x23,0x19,0x00,0x00,0x1a,0x23,0xbe,0xff,0xfc,0xfc,0xff,0x6c,0x23,0x27,0x17,0x00,0x01,0x00,0x01,
  0x01,0x00,0x00,0x19,0x37,0x47,0x3f,0x24,0x02,0x00,0x00,0x02,0x00,0x00,0x00,0x02,0x21,0x23,0x23,0x23,0x21,0x07,0x00,0x00,
  0x1e,0x3d,0x06,0x00,0x0d,0x24,0x19,0x15,0x1d,0x1b,0x00,0x00,0x00,0x00,0x02,0x00,0x00,0x23,0x41,0x45,0x29,0x00,0x00,0x04,
  0x21,0x23,0x23,0x23,0x22,0x04,0x00,0x00,0x00,0x00,0x04,0x00,0x55,0xff,0xfb,0xfc,0xff,0xae,0x00,0x00,0x00,0x00,0x21,0xe7,
  0xfe,0xfe,0xfb,0xfe,0x5d,0x00,0x04,0x01,0x00,0x06,0x7a,0xdb,0xff,0xff,0xff,0xf1,0xab,0x1e,0x48,0xfe,0xfa,0xfb,0xfe,0xb3,
  0x00,0x00,0xa9,0xfe,0xfb,0xff,0xff,0xff,0xff,0xfe,0xfa,0xfe,0xa9,0x00,0x04,0x01,0x00,0x00,0x54,0xb9,0xf0,0xff,0xff,0xff,
  0xfb,0xd2,0x7b,0x0f,0x00,0x02,0x01,0x00,0x10,0xee,0xfe,0xfc,0xfe,0xf6,0x0e,0x1c,0xa6,0xf4,0xf6,0x14,0x00,0x56,0xfe,0xfc,
  0xfe,0xff,0xb4,0x00,0x03,0x00,0x02,0x00,0x4d,0xc1,0xf8,0xff,0xff,0xfc,0xca,0x4f,0x03,0xef,0xfe,0xfc,0xfe,0xf3,0x1a,0x00,
  0x01,0x00,0x00,0x04,0x00,0x55,0xff,0xfb,0xfc,0xff,0xb6,0x07,0x0a,0x06,0x09,0x00,0xab,0xff,0xfb,0xfc,0xff,0x58,0x00,0x05,
  0x01,0x13,0xc2,0xff,0xff,0xff,0xfd,0xfd,0xff,0xff,0xdf,0x89,0xff,0xfe,0xfd,0xff,0xb4,0x00,0x00,0xaa,0xff,0xfb,0xff,0xff,
  0xff,0xff,0xff,0xfb,0xff,0xaa,0x00,0x05,0x01,0x0d,0xab,0xff,0xff,0xff,0xfc,0xfa,0xfb,0xff,0xff,0xff,0xd8,0x35,0x00,0x03,
  0x00,0x10,0xf0,0xff,0xfe,0xff,0xec,0x40,0xdf,0xff,0xff,0xed,0x14,0x00,0x56,0xff,0xfc,0xfd,0xff,0xb4,0x00,0x03,0x03,0x00,
  0x86,0xff,0xff,0xff,0xfe,0xfd,0xfe,0xff,0xff,0x85,0xe7,0xff,0xfe,0xff,0xf5,0x1a,0x00,0x01,0x00,0x00,0x04,0x00,0x55,0xff,
  0xfb,0xfc,0xff,0xb1,0x00,0x00,0x00,0x00,0x00,0xc8,0xff,0xfc,0xfc,0xff,0x2c,0x00,0x04,0x03,0xba,0xff,0xf9,0xfd,0xfe,0xfc,
  0xff,0xff,0xfb,0xff,0xff,0xfe,0xff,0xfb,0xfe,0xb4,0x00,0x00,0xaa,0xff,0xfb,0xff,0xff,0xff,0xff,0xff,0xfc,0xff,0xaa,0x00,
  0x04,0x04,0xb8,0xff,0xfa,0xfc,0xfc,0xff,0xff,0xff,0xff,0xfc,0xfb,0xff,0xed,0x27,0x01,0x00,0x10,0xef,0xfe,0xfd,0xfe,0xf2,
  0xe7,0xff,0xf9,0xfd,0xee,0x14,0x00,0x56,0xfe,0xfb,0xfb,0xfe,0xb4,0x00,0x05,0x00,0x6b,0xff,0xfb,0xfc,0xfe,0xfc,0xff,0xff,
  0xfe,0xfb,0xff,0xfc,0xfe,0xfe,0xfe,0xf4,0x1a,0x00,0x01,0x00,0x00,0x04,0x00,0x55,0xff,0xfb,0xfd,0xff,0xc1,0x2d,0x30,0x2f,
  0x3b,0x99,0xff,0xfd,0xfd,0xff,0xac,0x00,0x05,0x00,0x5e,0xff,0xfa,0xff,0xff,0xff,0xff,0xef,0xe6,0xff,0xff,0xfd,0xff,0xff,
  0xfc,0xff,0xb4,0x00,0x00,0xa8,0xfe,0xfa,0xff,0xff,0xff,0xff,0xfd,0xf7,0xfe,0xa8,0x00,0x00,0x6f,0xff,0xfa,0xfe,0xff,0xff,
  0xd2,0xae,0xc3,0xfc,0xff,0xff,0xfb,0xff,0xbe,0x01,0x00,0x10,0xef,0xff,0xfe,0xff,0xff,0xff,0xfa,0xff,0xff,0xf4,0x14,0x00,
  0x56,0xff,0xfb,0xfc,0xff,0xb4,0x00,0x01,0x1b,0xf2,0xfd,0xfd,0xff,0xfe,0xff,0xfa,0xe3,0xf9,0xff,0xfd,0xff,0xff,0xfe,0xff,
  0xf4,0x1a,0x00,0x01,0x00,0x00,0x04,0x00,0x55,0xff,0xfb,0xff,0xff,0xff,0xff,0xff,0xff,0xff,0xff,0xff,0xfe,0xfc,0xb8,0x15,
  0x01,0x03,0x02,0xc9,0xfe,0xfc,0xfe,0xfe,0xf4,0x69,0x1a,0x12,0x40,0xcc,0xff,0xfd,0xff,0xfc,0xff,0xb4,0x00,0x02,0x1c,0x28,
  0xbf,0xff,0xfc,0xfc,0xff,0x6e,0x25,0x2c,0x1a,0x00,0x0a,0xe1,0xfd,0xfc,0xfe,0xfc,0x66,0x02,0x00,0x00,0x39,0xe4,0xfe,0xfd,
  0xfc,0xff,0x3b,0x00,0x13,0xef,0xff,0xfe,0xff,0xfe,0xff,0xff,0xfa,0xeb,0xdb,0x13,0x00,0x56,0xff,0xfb,0xfc,0xff,0xb4,0x00,
  0x00,0x79,0xff,0xfb,0xff,0xfd,0xff,0x9b,0x28,0x10,0x26,0x96,0xff,0xfd,0xff,0xfe,0xff,0xf4,0x1a,0x00,0x01,0x00,0x00,0x04,
  0x00,0x55,0xff,0xfb,0xff,0xff,0xfd,0xfa,0xfa,0xfa,0xf9,0xf9,0xfd,0xfe,0xb1,0x0e,0x00,0x05,0x00,0x22,0xf8,0xff,0xfe,0xfd,
  0xff,0x5a,0x00,0x00,0x00,0x00,0x12,0xe0,0xfe,0xfd,0xfc,0xff,0xb4,0x00,0x03,0x00,0x00,0xb2,0xff,0xfc,0xfb,0xff,0x4f,0x00,
  0x00,0x00,0x00,0x3e,0xff,0xfe,0xfb,0xff,0xa5,0x00,0x00,0x00,0x02,0x00,0x6e,0xff,0xfb,0xfb,0xfe,0x83,0x00,0x14,0xef,0xff,
  0xfe,0xfe,0xfe,0xf5,0x72,0x25,0x16,0x13,0x05,0x00,0x55,0xff,0xfb,0xfc,0xff,0xb4,0x00,0x00,0xbe,0xfe,0xfc,0xfc,0xff,0xa8,
  0x00,0x00,0x00,0x00,0x00,0xa1,0xff,0xfc,0xfe,0xff,0xf4,0x1a,0x00,0x01,0x00,0x00,0x04,0x00,0x55,0xff,0xfb,0xff,0xff,0xff,
  0xff,0xff,0xff,0xff,0xff,0xff,0xfe,0xfb,0xd8,0x3d,0x00,0x00,0x45,0xff,0xfe,0xfd,0xff,0xd9,0x01,0x03,0x02,0x01,0x07,0x00,
  0x81,0xff,0xfb,0xfc,0xff,0xb4,0x00,0x03,0x04,0x02,0xb5,0xff,0xfc,0xfb,0xff,0x56,0x02,0x06,0x05,0x00,0x69,0xfe,0xfb,0xfe,
  0xff,0xe4,0xd4,0xd3,0xd2,0xd3,0xd4,0xde,0xfc,0xfc,0xf8,0xfc,0xa7,0x00,0x13,0xef,0xff,0xfe,0xfc,0xff,0x72,0x00,0x00,0x00,
  0x00,0x04,0x00,0x55,0xff,0xfb,0xfc,0xff,0xb5,0x00,0x0a,0xdf,0xff,0xfd,0xfe,0xfe,0x39,0x02,0x05,0x01,0x05,0x02,0x30,0xfd,
  0xfe,0xfd,0xff,0xf4,0x1a,0x00,0x01,0x00,0x00,0x04,0x00,0x55,0xff,0xfb,0xfd,0xff,0xd7,0x76,0x78,0x76,0x78,0xa8,0xfc,0xff,
  0xfd,0xff,0xf1,0x29,0x00,0x54,0xff,0xfb,0xfc,0xff,0xb6,0x01,0x02,0x00,0x00,0x04,0x01,0x59,0xff,0xfb,0xfc,0xff,0xb4,0x00,
  0x03,0x03,0x00,0xb4,0xff,0xfc,0xfb,0xff,0x55,0x00,0x04,0x04,0x00,0x7c,0xff,0xfb,0xff,0xff,0xff,0xff,0xff,0xff,0xff,0xff,
  0xff,0xff,0xff,0xff,0xff,0xbb,0x00,0x13,0xef,0xff,0xfd,0xff,0xfb,0x27,0x03,0x04,0x01,0x01,0x04,0x00,0x55,0xff,0xfb,0xfc,
  0xff,0xb5,0x00,0x12,0xed,0xff,0xfd,0xff,0xf6,0x1d,0x00,0x02,0x00,0x01,0x00,0x15,0xf1,0xff,0xfd,0xff,0xf4,0x1a,0x00,0x01,
  0x00,0x00,0x04,0x00,0x55,0xff,0xfb,0xfc,0xff,0xae,0x00,0x00,0x00,0x00,0x00,0x6c,0xff,0xfc,0xf9,0xff,0xa6,0x00,0x52,0xff,
  0xfc,0xfc,0xff,0xc1,0x00,0x02,0x00,0x00,0x04,0x02,0x62,0xff,0xfb,0xfc,0xff,0xb4,0x00,0x03,0x03,0x00,0xb4,0xff,0xfc,0xfb,
  0xff,0x56,0x00,0x04,0x04,0x00,0x77,0xff,0xfb,0xfe,0xff,0xdc,0xc4,0xc4,0xc3,0xc3,0xc4,0xc6,0xc8,0xc8,0xc5,0xc8,0x84,0x00,
  0x13,0xef,0xff,0xfd,0xff,0xf4,0x1b,0x00,0x01,0x00,0x00,0x04,0x00,0x55,0xff,0xfb,0xfc,0xff,0xb5,0x00,0x0f,0xe9,0xff,0xfd,
  0xff,0xfa,0x24,0x02,0x02,0x00,0x01,0x02,0x1b,0xf6,0xff,0xfd,0xff,0xf4,0x1a,0x00,0x01,0x00,0x00,0x04,0x00,0x55,0xff,0xfb,
  0xfc,0xff,0xb6,0x08,0x0a,0x07,0x09,0x06,0x15,0xf7,0xff,0xfd,0xfe,0xe3,0x01,0x35,0xff,0xff,0xfe,0xff,0xf0,0x15,0x00,0x06,
  0x04,0x06,0x00,0xa6,0xff,0xfc,0xfc,0xff,0xb4,0x00,0x03,0x03,0x00,0xb4,0xff,0xfc,0xfb,0xff,0x53,0x04,0x08,0x07,0x00,0x5a,
  0xff,0xfc,0xfb,0xff,0x86,0x00,0x00,0x00,0x00,0x00,0x00,0x00,0x00,0x00,0x00,0x00,0x00,0x10,0xef,0xff,0xfd,0xff,0xf4,0x1a,
  0x00,0x01,0x00,0x00,0x04,0x00,0x55,0xff,0xfb,0xfc,0xff,0xb4,0x00,0x04,0xd2,0xff,0xfd,0xfc,0xff,0x60,0x00,0x07,0x03,0x07,
  0x00,0x52,0xff,0xfc,0xfe,0xff,0xf4,0x1a,0x00,0x01,0x00,0x00,0x04,0x00,0x55,0xff,0xfb,0xfc,0xff,0xb0,0x00,0x00,0x00,0x00,
  0x00,0x42,0xfd,0xfd,0xfe,0xff,0xee,0x0b,0x0b,0xeb,0xfe,0xfe,0xfc,0xff,0xa8,0x04,0x00,0x00,0x00,0x54,0xfa,0xfd,0xff,0xfc,
  0xff,0xb4,0x00,0x03,0x03,0x00,0xb3,0xff,0xfc,0xfb,0xff,0x60,0x00,0x00,0x00,0x00,0x25,0xfa,0xfe,0xfd,0xfe,0xe2,0x12,0x00,
  0x00,0x00,0x17,0xa5,0xab,0xab,0xaa,0xaf,0x2d,0x00,0x12,0xef,0xff,0xfd,0xff,0xf4,0x1a,0x00,0x01,0x00,0x00,0x04,0x00,0x55,
  0xff,0xfb,0xfc,0xff,0xb4,0x00,0x00,0xa3,0xfe,0xfb,0xfd,0xfe,0xe1,0x25,0x00,0x00,0x00,0x1e,0xd8,0xfe,0xfd,0xfe,0xff,0xf4,
  0x1a,0x00,0x01,0x00,0x00,0x04,0x00,0x55,0xff,0xfb,0xfd,0xff,0xc8,0x42,0x45,0x43,0x43,0x6e,0xe3,0xff,0xfd,0xfd,0xfd,0xd7,
  0x07,0x00,0xa0,0xff,0xfb,0xff,0xfe,0xff,0xc9,0x72,0x63,0xa2,0xff,0xfe,0xfe,0xff,0xfc,0xff,0xb4,0x00,0x03,0x04,0x00,0xa2,
  0xfe,0xfb,0xfe,0xff,0xe1,0x8b,0x8a,0x5a,0x00,0x00,0xb9,0xff,0xfb,0xfd,0xff,0xca,0x4a,0x29,0x46,0xc9,0xff,0xff,0xff,0xff,
  0xf0,0x11,0x00,0x11,0xef,0xff,0xfd,0xff,0xf4,0x1a,0x00,0x01,0x00,0x00,0x04,0x00,0x55,0xff,0xfb,0xfc,0xff,0xb4,0x00,0x00,
  0x4c,0xff,0xfb,0xff,0xfe,0xff,0xea,0x88,0x5f,0x83,0xe5,0xff,0xfd,0xff,0xfe,0xff,0xf4,0x1a,0x00,0x01,0x00,0x00,0x04,0x00,
  0x55,0xff,0xfb,0xff,0xff,0xff,0xff,0xff,0xff,0xff,0xff,0xff,0xff,0xff,0xf8,0xff,0x8a,0x00,0x01,0x29,0xf9,0xfc,0xfd,0xff,
  0xfd,0xff,0xff,0xff,0xff,0xfd,0xff,0xff,0xff,0xfc,0xff,0xb4,0x00,0x03,0x04,0x00,0x69,0xff,0xf9,0xff,0xff,0xff,0xff,0xff,
  0xb6,0x00,0x01,0x33,0xfb,0xfe,0xfc,0xfe,0xff,0xff,0xf8,0xff,0xff,0xfb,0xfa,0xf7,0xff,0x57,0x00,0x00,0x10,0xef,0xff,0xfd,
  0xff,0xf4,0x1a,0x00,0x01,0x00,0x00,0x04,0x00,0x55,0xff,0xfb,0xfc,0xff,0xb4,0x00,0x03,0x03,0xc4,0xff,0xfa,0xff,0xfe,0xff,
  0xff,0xff,0xff,0xff,0xff,0xff,0xff,0xfe,0xff,0xf4,0x1a,0x00,0x01,0x00,0x00,0x04,0x00,0x54,0xfb,0xf8,0xfb,0xfb,0xfb,0xf9,
  0xf9,0xf9,0xf9,0xf8,0xfa,0xfb,0xfd,0xff,0xd6,0x13,0x01,0x04,0x00,0x69,0xff,0xff,0xfb,0xfc,0xfa,0xf9,0xf8,0xfa,0xff,0xdc,
  0xfb,0xfc,0xf9,0xfb,0xb2,0x00,0x03,0x01,0x01,0x13,0xe3,0xff,0xfb,0xfb,0xfa,0xf4,0xf8,0xa5,0x00,0x06,0x00,0x61,0xff,0xff,
  0xfc,0xf9,0xfa,0xff,0xfb,0xfa,0xfb,0xff,0xff,0x8a,0x00,0x03,0x00,0x10,0xec,0xfb,0xfa,0xfb,0xf1,0x1a,0x00,0x01,0x00,0x00,
  0x04,0x00,0x54,0xfb,0xf8,0xf9,0xfb,0xb2,0x00,0x05,0x00,0x27,0xea,0xff,0xfb,0xfc,0xfb,0xf9,0xf9,0xf7,0xff,0xe7,0xef,0xfb,
  0xfa,0xfb,0xf1,0x1a,0x00,0x01,0x00,0x00,0x04,0x00,0x5a,0xff,0xff,0xff,0xff,0xff,0xff,0xff,0xff,0xff,0xff,0xff,0xff,0xff,
  0xaf,0x1a,0x00,0x01,0x00,0x03,0x00,0x64,0xee,0xff,0xff,0xff,0xff,0xff,0xff,0x8e,0x5b,0xff,0xff,0xff,0xff,0xbf,0x00,0x03,
  0x00,0x02,0x00,0x32,0xce,0xff,0xff,0xff,0xff,0xff,0xb4,0x00,0x04,0x03,0x00,0x4a,0xd5,0xff,0xff,0xff,0xff,0xff,0xff,0xff,
  0xe7,0x69,0x00,0x02,0x01,0x00,0x11,0xfe,0xff,0xff,0xff,0xff,0x1c,0x00,0x01,0x00,0x00,0x04,0x00,0x5a,0xff,0xff,0xff,0xff,
  0xbf,0x00,0x03,0x02,0x00,0x2f,0xcd,0xff,0xff,0xff,0xff,0xff,0xff,0xcc,0x35,0xf6,0xff,0xff,0xff,0xff,0x1c,0x00,0x01,0x00,
  0x00,0x03,0x00,0x3b,0xb2,0xaf,0xb2,0xb2,0xb2,0xb2,0xb2,0xb2,0xb2,0xb0,0xa1,0x76,0x35,0x00,0x00,0x01,0x00,0x00,0x00,0x02,
  0x00,0x20,0x7f,0xbc,0xd0,0xc7,0x9e,0x47,0x00,0x39,0xb2,0xaf,0xb0,0xb2,0x7e,0x00,0x02,0x00,0x00,0x02,0x00,0x04,0x4f,0x8c,
  0xab,0xaf,0xb2,0x77,0x00,0x03,0x00,0x03,0x00,0x07,0x54,0x9d,0xc2,0xd1,0xca,0xad,0x6a,0x17,0x00,0x02,0x00,0x01,0x00,0x0b,
  0xa7,0xb2,0xb0,0xb2,0xaa,0x12,0x00,0x01,0x00,0x00,0x03,0x00,0x3b,0xb2,0xaf,0xb0,0xb2,0x7e,0x00,0x02,0x00,0x02,0x00,0x06,
  0x5e,0xac,0xcc,0xce,0xb3,0x68,0x07,0x02,0xa9,0xb2,0xb0,0xb2,0xaa,0x12,0x00,0x01,0x00,0x00,0x00,0x00,0x00,0x00,0x00,0x00,
  0x00,0x00,0x00,0x00,0x00,0x00,0x00,0x00,0x00,0x00,0x01,0x01,0x00,0x00,0x00,0x00,0x00,0x03,0x00,0x00,0x00,0x01,0x00,0x00,
  0x00,0x02,0x00,0x00,0x00,0x00,0x00,0x00,0x00,0x00,0x00,0x00,0x00,0x02,0x00,0x00,0x00,0x00,0x00,0x00,0x00,0x00,0x00,0x00,
  0x00,0x03,0x00,0x00,0x00,0x00,0x02,0x00,0x00,0x00,0x00,0x03,0x00,0x00,0x00,0x00,0x00,0x00,0x00,0x00,0x00,0x00,0x00,0x00,
  0x00,0x00,0x00,0x00,0x00,0x00,0x00,0x00,0x00,0x00,0x00,0x00,0x00,0x00,0x00,0x02,0x00,0x00,0x00,0x00,0x00,0x00,0x00,0x00,
  0x02,0x00,0x00,0x00,0x00,0x00,0x00,0x00,0x00,0x00,0x00,0x00,0x00,0x01,0x04,0x04,0x04,0x04,0x04,0x04,0x04,0x04,0x04,0x04,
  0x04,0x04,0x03,0x00,0x00,0x00,0x00,0x00,0x00,0x00,0x00,0x02,0x04,0x02,0x00,0x00,0x04,0x03,0x00,0x01,0x04,0x04,0x04,0x04,
  0x03,0x00,0x00,0x00,0x00,0x00,0x00,0x01,0x03,0x04,0x04,0x04,0x04,0x02,0x00,0x00,0x00,0x00,0x00,0x01,0x04,0x04,0x01,0x00,
  0x00,0x03,0x04,0x01,0x00,0x00,0x00,0x00,0x00,0x00,0x03,0x04,0x04,0x04,0x03,0x00,0x00,0x00,0x00,0x00,0x00,0x00,0x01,0x04,
  0x04,0x04,0x04,0x03,0x00,0x00,0x00,0x00,0x00,0x01,0x04,0x03,0x00,0x00,0x03,0x04,0x01,0x00,0x03,0x04,0x04,0x04,0x03,0x00,
  0x00,0x00,0x00,
};
const lv_img_dsc_t txt_grp_title_bateria = {
  .header.cf = LV_IMG_CF_ALPHA_8BIT,
  .header.always_zero = 0,
  .header.reserved = 0,
  .header.w = 113,
  .header.h = 27,
  .data_size = 3051,
  .data = txt_grp_title_bateria_map,
};

static const uint8_t txt_grp_title_semfio_map[] = {
  0x00,0x00,0x00,0x00,0x00,0x00,0x00,0x00,0x00,0x00,0x00,0x00,0x00,0x00,0x00,0x00,0x00,0x00,0x00,0x00,0x00,0x00,0x00,0x00,
  0x00,0x00,0x00,0x00,0x00,0x00,0x00,0x00,0x00,0x00,0x00,0x00,0x00,0x00,0x00,0x00,0x00,0x00,0x00,0x00,0x00,0x00,0x00,0x00,
  0x00,0x00,0x00,0x00,0x00,0x00,0x00,0x00,0x00,0x00,0x00,0x00,0x00,0x00,0x00,0x00,0x00,0x00,0x00,0x00,0x00,0x00,0x00,0x00,
  0x00,0x00,0x00,0x00,0x00,0x00,0x00,0x00,0x00,0x00,0x00,0x00,0x00,0x00,0x00,0x00,0x00,0x00,0x00,0x00,0x03,0x00,0x00,0x00,
  0x03,0x00,0x00,0x00,0x00,0x00,0x00,0x00,0x00,0x00,0x00,0x00,0x00,0x00,0x00,0x00,0x00,0x00,0x00,0x00,0x00,0x00,0x00,0x00,
  0x00,0x00,0x00,0x00,0x00,0x00,0x00,0x00,0x00,0x00,0x00,0x00,0x00,0x00,0x00,0x00,0x00,0x00,0x00,0x00,0x00,0x00,0x00,0x00,
  0x00,0x00,0x00,0x00,0x00,0x00,0x00,0x00,0x00,0x00,0x00,0x00,0x00,0x00,0x00,0x00,0x00,0x00,0x00,0x00,0x00,0x00,0x00,0x00,
  0x00,0x00,0x00,0x00,0x00,0x00,0x00,0x00,0x00,0x00,0x00,0x00,0x00,0x00,0x00,0x00,0x00,0x00,0x00,0x00,0x00,0x00,0x00,0x00,
  0x00,0x00,0x00,0x00,0x00,0x00,0x00,0x00,0x00,0x00,0x00,0x00,0x00,0x00,0x00,0x00,0x00,0x00,0x00,0x00,0x05,0x14,0x00,0x00,
  0x01,0x00,0x00,0x00,0x00,0x00,0x00,0x00,0x00,0x00,0x00,0x00,0x00,0x00,0x00,0x00,0x00,0x00,0x00,0x00,0x00,0x00,0x00,0x00,
  0x00,0x00,0x00,0x00,0x01,0x03,0x04,0x03,0x03,0x03,0x03,0x04,0x02,0x00,0x00,0x00,0x00,0x00,0x00,0x00,0x00,0x00,0x00,0x00,
  0x00,0x00,0x00,0x00,0x00,0x00,0x00,0x00,0x00,0x00,0x00,0x00,0x00,0x00,0x00,0x00,0x00,0x00,0x00,0x00,0x00,0x00,0x00,0x00,
  0x00,0x00,0x00,0x00,0x00,0x00,0x00,0x00,0x00,0x00,0x00,0x00,0x00,0x00,0x00,0x00,0x00,0x00,0x00,0x00,0x00,0x00,0x00,0x00,
  0x00,0x00,0x03,0x04,0x04,0x04,0x04,0x04,0x04,0x04,0x04,0x04,0x04,0x04,0x04,0x02,0x01,0x00,0x6d,0xd9,0xf1,0xcf,0x4e,0x00,
  0x02,0x00,0x00,0x00,0x00,0x00,0x00,0x00,0x00,0x00,0x00,0x00,0x00,0x00,0x00,0x00,0x00,0x00,0x00,0x00,0x00,0x00,0x00,0x00,
  0x00,0x00,0x02,0x00,0x00,0x00,0x00,0x00,0x00,0x00,0x00,0x00,0x03,0x01,0x00,0x00,0x00,0x00,0x00,0x00,0x00,0x00,0x00,0x00,
  0x00,0x00,0x00,0x00,0x00,0x00,0x00,0x00,0x00,0x00,0x00,0x00,0x00,0x00,0x00,0x00,0x00,0x00,0x00,0x00,0x00,0x00,0x00,0x00,
  0x00,0x00,0x00,0x00,0x00,0x00,0x00,0x00,0x00,0x00,0x00,0x00,0x00,0x00,0x00,0x00,0x00,0x00,0x00,0x00,0x00,0x00,0x00,0x00,
  0x00,0x00,0x00,0x00,0x00,0x00,0x00,0x00,0x00,0x00,0x00,0x00,0x00,0x00,0x00,0x00,0x4f,0xff,0xff,0xff,0xff,0xfa,0x28,0x00,
  0x02,0x00,0x00,0x00,0x00,0x00,0x00,0x00,0x00,0x00,0x00,0x00,0x00,0x00,0x00,0x00,0x00,0x00,0x00,0x00,0x00,0x00,0x00,0x00,
  0x03,0x00,0x00,0x3f,0x7c,0xa5,0xb5,0xb1,0x97,0x66,0x21,0x00,0x00,0x01,0x00,0x00,0x00,0x00,0x00,0x00,0x00,0x00,0x00,0x00,
  0x00,0x00,0x00,0x00,0x00,0x00,0x00,0x00,0x00,0x00,0x00,0x00,0x00,0x00,0x00,0x00,0x00,0x00,0x00,0x00,0x00,0x00,0x00,0x00,
  0x00,0x00,0x00,0x00,0x00,0x00,0x00,0x00,0x00,0x00,0x00,0x00,0x00,0x00,0x00,0x00,0x00,0x00,0x00,0x00,0x00,0x00,0x00,0x00,
  0x55,0x63,0x62,0x63,0x63,0x63,0x63,0x63,0x63,0x63,0x63,0x62,0x63,0x2d,0x00,0x9a,0xfa,0xf8,0xfe,0xf8,0xfe,0x65,0x00,0x04,
  0x00,0x00,0x00,0x00,0x00,0x00,0x00,0x00,0x00,0x00,0x00,0x00,0x00,0x00,0x00,0x00,0x00,0x00,0x00,0x00,0x00,0x00,0x02,0x00,
  0x3c,0xc5,0xff,0xff,0xff,0xff,0xff,0xff,0xff,0xf3,0x93,0x0e,0x00,0x01,0x00,0x00,0x00,0x00,0x00,0x00,0x00,0x00,0x00,0x00,
  0x00,0x00,0x00,0x00,0x00,0x00,0x00,0x00,0x00,0x00,0x00,0x00,0x00,0x00,0x00,0x00,0x00,0x00,0x00,0x00,0x00,0x00,0x00,0x00,
  0x00,0x00,0x00,0x00,0x00,0x00,0x00,0x00,0x00,0x00,0x00,0x00,0x00,0x00,0x00,0x00,0x00,0x00,0x00,0x00,0x00,0x00,0x00,0xea,
  0xff,0xff,0xff,0xff,0xff,0xff,0xff,0xff,0xff,0xff,0xff,0xff,0x75,0x00,0x6d,0xff,0xfd,0xfc,0xff,0xff,0x3a,0x00,0x03,0x00,
  0x00,0x00,0x00,0x00,0x00,0x00,0x00,0x00,0x00,0x00,0x00,0x00,0x00,0x00,0x00,0x00,0x00,0x00,0x00,0x00,0x03,0x00,0x4e,0xfa,
  0xff,0xfd,0xfb,0xf8,0xf9,0xf8,0xfa,0xfb,0xff,0xff,0xc8,0x10,0x02,0x01,0x00,0x00,0x00,0x00,0x00,0x00,0x01,0x02,0x03,0x03,
  0x02,0x01,0x00,0x00,0x00,0x00,0x00,0x00,0x00,0x01,0x02,0x02,0x02,0x02,0x01,0x00,0x01,0x02,0x03,0x03,0x02,0x00,0x00,0x00,
  0x00,0x00,0x00,0x01,0x02,0x03,0x03,0x02,0x00,0x00,0x00,0x00,0x00,0x00,0x00,0x00,0x00,0x00,0x00,0x00,0x00,0x00,0xd6,0xfb,
  0xf9,0xfb,0xfb,0xf7,0xf6,0xf7,0xf6,0xf6,0xf6,0xf3,0xf6,0x67,0x00,0x09,0xa1,0xfc,0xff,0xf6,0x7f,0x00,0x02,0x00,0x00,0x00,
  0x00,0x00,0x00,0x01,0x02,0x03,0x03,0x02,0x01,0x00,0x00,0x00,0x00,0x00,0x00,0x00,0x00,0x00,0x01,0x00,0x18,0xee,0xff,0xfb,
  0xff,0xff,0xff,0xff,0xff,0xff,0xff,0xfe,0xf8,0xff,0x98,0x00,0x03,0x00,0x00,0x00,0x00,0x02,0x03,0x00,0x00,0x00,0x00,0x00,
  0x00,0x03,0x02,0x00,0x00,0x00,0x00,0x00,0x00,0x00,0x00,0x00,0x00,0x00,0x03,0x00,0x00,0x00,0x00,0x00,0x01,0x03,0x00,0x00,
  0x00,0x03,0x00,0x00,0x00,0x00,0x00,0x02,0x02,0x00,0x00,0x00,0x00,0x00,0x00,0x00,0x00,0x00,0x00,0x00,0x00,0xda,0xff,0xfd,
  0xff,0xff,0xff,0xff,0xff,0xff,0xff,0xff,0xff,0xff,0x72,0x00,0x00,0x00,0x1f,0x37,0x17,0x00,0x01,0x00,0x00,0x00,0x00,0x00,
  0x03,0x02,0x00,0x00,0x00,0x00,0x00,0x00,0x03,0x01,0x00,0x00,0x00,0x00,0x00,0x00,0x00,0x04,0x00,0x6e,0xff,0xfb,0xff,0xfe,
  0xfd,0x89,0x3d,0x62,0xde,0xfc,0xfb,0xfb,0xfb,0xef,0x16,0x00,0x01,0x00,0x00,0x03,0x00,0x00,0x11,0x30,0x45,0x43,0x2c,0x0b,
  0x00,0x00,0x03,0x00,0x00,0x00,0x00,0x1b,0x23,0x23,0x23,0x23,0x0c,0x00,0x00,0x29,0x46,0x41,0x20,0x00,0x00,0x02,0x01,0x00,
  0x00,0x07,0x30,0x47,0x3d,0x1c,0x00,0x00,0x02,0x00,0x00,0x00,0x00,0x00,0x00,0x00,0x00,0x00,0x00,0x00,0xda,0xff,0xfd,0xff,
  0xff,0xa3,0x8f,0x90,0x8f,0x8f,0x8f,0x8d,0x8f,0x3c,0x00,0x0c,0x25,0x1a,0x15,0x1c,0x1d,0x00,0x00,0x00,0x00,0x01,0x01,0x00,
  0x00,0x16,0x35,0x47,0x40,0x25,0x03,0x00,0x00,0x02,0x00,0x00,0x00,0x00,0x00,0x00,0x04,0x00,0xa1,0xfe,0xfb,0xfc,0xff,0xb7,
  0x00,0x00,0x00,0x3d,0xff,0xff,0xff,0xff,0xff,0x42,0x00,0x03,0x00,0x02,0x00,0x37,0xa4,0xe5,0xff,0xff,0xff,0xff,0xde,0x96,
  0x26,0x00,0x03,0x00,0x02,0x00,0xc3,0xfe,0xfb,0xfc,0xfe,0x37,0x41,0xc9,0xfc,0xff,0xff,0xf6,0xb9,0x3e,0x00,0x02,0x00,0x6d,
  0xd8,0xff,0xff,0xff,0xf2,0xb3,0x37,0x00,0x02,0x00,0x00,0x00,0x00,0x00,0x00,0x00,0x00,0x00,0x00,0xda,0xff,0xfd,0xff,0xff,
  0x1d,0x00,0x00,0x00,0x00,0x00,0x00,0x00,0x00,0x00,0x42,0xfe,0xfd,0xfe,0xff,0xc2,0x00,0x02,0x00,0x01,0x00,0x00,0x4c,0xb3,
  0xed,0xff,0xff,0xff,0xfc,0xd5,0x80,0x14,0x00,0x03,0x00,0x00,0x00,0x00,0x00,0x04,0x00,0xaa,0xff,0xfb,0xfc,0xff,0xb6,0x00,
  0x02,0x07,0x07,0x4f,0x52,0x51,0x50,0x52,0x17,0x00,0x01,0x03,0x00,0x7c,0xfc,0xff,0xff,0xfd,0xfa,0xfb,0xfe,0xff,0xff,0xf2,
  0x5e,0x00,0x03,0x02,0x00,0xc5,0xff,0xfd,0xff,0xfd,0xa9,0xfe,0xff,0xfe,0xfd,0xfe,0xff,0xff,0xfd,0x5c,0x01,0xaf,0xff,0xff,
  0xfd,0xfd,0xfe,0xff,0xff,0xfa,0x56,0x00,0x02,0x00,0x00,0x00,0x00,0x00,0x00,0x00,0x00,0x00,0xda,0xff,0xfd,0xff,0xff,0x33,
  0x07,0x09,0x07,0x07,0x07,0x05,0x04,0x05,0x00,0x43,0xff,0xfd,0xfd,0xff,0xc2,0x00,0x02,0x01,0x01,0x0b,0xa5,0xff,0xff,0xff,
  0xfe,0xfc,0xfd,0xff,0xff,0xff,0xe0,0x45,0x00,0x02,0x00,0x00,0x00,0x00,0x04,0x00,0x8d,0xfe,0xfb,0xff,0xfd,0xfc,0x80,0x10,
  0x00,0x00,0x00,0x00,0x00,0x00,0x00,0x00,0x00,0x02,0x00,0x7b,0xff,0xfe,0xfb,0xfb,0xff,0xff,0xff,0xff,0xfb,0xfb,0xff,0xff,
  0x53,0x00,0x05,0x00,0xc4,0xfe,0xfb,0xff,0xfe,0xff,0xfd,0xff,0xff,0xfe,0xfd,0xfe,0xfb,0xff,0xf0,0xb5,0xff,0xf9,0xff,0xff,
  0xfd,0xfd,0xfe,0xfb,0xff,0xf6,0x27,0x01,0x02,0x00,0x00,0x00,0x00,0x00,0x00,0x00,0x00,0xda,0xff,0xfd,0xff,0xff,0x24,0x00,
  0x00,0x00,0x00,0x00,0x00,0x00,0x03,0x00,0x43,0xfe,0xfb,0xfb,0xfe,0xc2,0x00,0x02,0x03,0x05,0xb8,0xff,0xfb,0xfc,0xfc,0xfe,
  0xff,0xff,0xfc,0xfd,0xfa,0xff,0xf8,0x3e,0x00,0x03,0x00,0x00,0x00,0x03,0x00,0x3d,0xff,0xfb,0xfe,0xff,0xff,0xff,0xe6,0x95,
  0x42,0x09,0x00,0x00,0x06,0x03,0x01,0x03,0x00,0x32,0xfe,0xfb,0xfd,0xfe,0xff,0xe2,0xb2,0xb9,0xef,0xff,0xff,0xfc,0xfe,0xea,
  0x15,0x01,0x00,0xc4,0xff,0xfc,0xff,0xff,0xfd,0xff,0xef,0xe5,0xff,0xff,0xff,0xff,0xfe,0xff,0xff,0xfe,0xff,0xed,0xe6,0xff,
  0xff,0xff,0xff,0xfb,0xff,0x99,0x00,0x04,0x00,0x00,0x00,0x00,0x00,0x00,0x00,0x00,0xda,0xff,0xfd,0xff,0xff,0x52,0x2d,0x2e,
  0x2d,0x2c,0x2d,0x0c,0x00,0x04,0x00,0x43,0xff,0xfc,0xfc,0xff,0xc2,0x00,0x05,0x00,0x79,0xff,0xf9,0xff,0xfe,0xff,0xff,0xe4,
  0xf3,0xff,0xff,0xff,0xfb,0xff,0xdf,0x0d,0x01,0x01,0x00,0x00,0x00,0x02,0x00,0x93,0xff,0xff,0xfb,0xfd,0xfc,0xff,0xff,0xff,
  0xd5,0x7c,0x1c,0x00,0x02,0x00,0x03,0x00,0xa4,0xff,0xfb,0xfd,0xff,0x98,0x0e,0x00,0x00,0x1f,0xc1,0xfe,0xfd,0xfb,0xff,0x72,
  0x00,0x00,0xc4,0xff,0xfc,0xff,0xfe,0xfc,0x73,0x19,0x11,0x3f,0xd6,0xff,0xfd,0xff,0xfd,0xfc,0xf7,0x68,0x17,0x12,0x46,0xdf,
  0xfe,0xfd,0xfd,0xfe,0xdb,0x06,0x00,0x01,0x00,0x00,0x00,0x00,0x00,0x00,0x00,0xda,0xff,0xfd,0xff,0xff,0xff,0xff,0xff,0xff,
  0xff,0xff,0x46,0x00,0x06,0x00,0x43,0xff,0xfc,0xfc,0xff,0xc2,0x00,0x01,0x13,0xec,0xfd,0xfd,0xfd,0xff,0xc5,0x39,0x11,0x1d,
  0x80,0xfe,0xfe,0xff,0xfb,0xff,0x6d,0x00,0x04,0x00,0x00,0x00,0x01,0x02,0x00,0x84,0xf7,0xff,0xff,0xfe,0xfa,0xf9,0xfd,0xff,
  0xff,0xee,0x6f,0x00,0x03,0x00,0x0c,0xe6,0xfe,0xfc,0xff,0xdc,0x00,0x00,0x00,0x02,0x00,0x31,0xff,0xfe,0xfb,0xfe,0xba,0x00,
  0x00,0xc4,0xff,0xfc,0xfb,0xff,0x98,0x00,0x00,0x00,0x00,0x35,0xfb,0xfd,0xff,0xfb,0xff,0x85,0x00,0x00,0x00,0x00,0x47,0xfe,
  0xfd,0xfe,0xff,0xf2,0x1c,0x00,0x02,0x00,0x00,0x00,0x00,0x00,0x00,0x00,0xda,0xff,0xfd,0xff,0xff,0xfc,0xfc,0xfc,0xfc,0xfa,
  0xfc,0x44,0x00,0x06,0x00,0x43,0xff,0xfc,0xfc,0xff,0xc2,0x00,0x00,0x54,0xff,0xfc,0xfd,0xfe,0xe2,0x10,0x00,0x00,0x00,0x00,
  0x8e,0xff,0xfb,0xfc,0xfe,0xbf,0x00,0x02,0x00,0x00,0x00,0x00,0x00,0x01,0x00,0x2a,0x8b,0xdc,0xff,0xff,0xff,0xfc,0xfc,0xfb,
  0xff,0xff,0x7d,0x00,0x00,0x2b,0xfe,0xff,0xfe,0xff,0xf0,0xd2,0xd3,0xd2,0xd2,0xd3,0xd6,0xfc,0xfc,0xfa,0xfc,0xd9,0x03,0x00,
  0xc5,0xff,0xfc,0xfc,0xff,0x4d,0x03,0x05,0x02,0x03,0x04,0xdc,0xff,0xfd,0xfd,0xff,0x3a,0x03,0x05,0x02,0x03,0x0f,0xe9,0xff,
  0xfd,0xff,0xfb,0x24,0x00,0x02,0x00,0x00,0x00,0x00,0x00,0x00,0x00,0xda,0xff,0xfd,0xff,0xff,0xff,0xff,0xff,0xff,0xff,0xff,
  0x48,0x00,0x06,0x00,0x43,0xff,0xfc,0xfc,0xff,0xc2,0x00,0x00,0x85,0xfe,0xfb,0xfb,0xff,0x90,0x00,0x06,0x01,0x04,0x03,0x28,
  0xfb,0xfe,0xfd,0xff,0xe6,0x0b,0x00,0x01,0x00,0x00,0x00,0x02,0x04,0x06,0x00,0x00,0x0b,0x40,0x89,0xd7,0xff,0xff,0xff,0xfd,
  0xfc,0xff,0x31,0x00,0x3e,0xff,0xfe,0xff,0xff,0xff,0xff,0xff,0xff,0xff,0xff,0xff,0xff,0xff,0xff,0xff,0xee,0x0a,0x00,0xc5,
  0xff,0xfc,0xfd,0xff,0x43,0x00,0x03,0x00,0x00,0x00,0xd2,0xff,0xfc,0xfe,0xff,0x31,0x00,0x02,0x01,0x00,0x0a,0xdf,0xff,0xfd,
  0xff,0xfb,0x24,0x00,0x02,0x00,0x00,0x00,0x00,0x00,0x00,0x00,0xda,0xff,0xfd,0xff,0xff,0xd1,0xc8,0xc8,0xc8,0xc6,0xc8,0x36,
  0x00,0x05,0x00,0x43,0xff,0xfc,0xfc,0xff,0xc2,0x00,0x00,0x99,0xff,0xfb,0xfb,0xff,0x6e,0x01,0x04,0x00,0x01,0x00,0x11,0xed,
  0xff,0xfd,0xff,0xf4,0x17,0x00,0x02,0x00,0x00,0x00,0x00,0x00,0x00,0x00,0x00,0x00,0x00,0x00,0x06,0x66,0xf6,0xfe,0xfe,0xfb,
  0xff,0x81,0x00,0x3b,0xff,0xff,0xfe,0xff,0xeb,0xc4,0xc3,0xc3,0xc3,0xc3,0xc6,0xc8,0xc8,0xc6,0xc8,0xaa,0x03,0x00,0xc5,0xff,
  0xfc,0xfd,0xff,0x43,0x00,0x03,0x00,0x00,0x00,0xd3,0xff,0xfc,0xfe,0xff,0x31,0x00,0x02,0x01,0x00,0x0a,0xe0,0xff,0xfd,0xff,
  0xfb,0x24,0x00,0x02,0x00,0x00,0x00,0x00,0x00,0x00,0x00,0xda,0xff,0xfd,0xff,0xff,0x26,0x00,0x00,0x00,0x00,0x00,0x00,0x00,
  0x03,0x00,0x43,0xff,0xfc,0xfc,0xff,0xc2,0x00,0x00,0x94,0xff,0xfb,0xfb,0xff,0x76,0x02,0x04,0x00,0x01,0x01,0x17,0xf2,0xff,
  0xfd,0xff,0xf1,0x14,0x00,0x01,0x00,0x02,0x00,0x41,0x63,0x5f,0x5f,0x64,0x3c,0x03,0x08,0x04,0x00,0x84,0xff,0xfb,0xfb,0xfe,
  0x9c,0x00,0x22,0xf8,0xff,0xfc,0xff,0xc7,0x00,0x00,0x00,0x00,0x00,0x00,0x00,0x00,0x00,0x00,0x00,0x02,0x00,0xc4,0xff,0xfc,
  0xfd,0xff,0x43,0x00,0x03,0x00,0x00,0x00,0xd3,0xff,0xfc,0xfe,0xff,0x31,0x00,0x02,0x01,0x00,0x0a,0xe0,0xff,0xfd,0xff,0xfb,
  0x24,0x00,0x02,0x00,0x00,0x00,0x00,0x00,0x00,0x00,0xda,0xff,0xfd,0xff,0xff,0x2e,0x02,0x04,0x02,0x02,0x02,0x00,0x00,0x03,
  0x00,0x43,0xff,0xfc,0xfc,0xff,0xc2,0x00,0x00,0x75,0xfe,0xfb,0xfc,0xff,0xb1,0x00,0x05,0x04,0x07,0x00,0x47,0xff,0xfd,0xfd,
  0xff,0xd9,0x05,0x00,0x01,0x00,0x04,0x00,0xa6,0xff,0xff,0xff,0xff,0xd9,0x00,0x00,0x00,0x00,0x7c,0xff,0xfb,0xfb,0xfe,0x8e,
  0x00,0x05,0xd0,0xfe,0xfc,0xfd,0xfb,0x40,0x00,0x00,0x00,0x00,0x8f,0xac,0xaa,0xa9,0xad,0x53,0x00,0x00,0xc4,0xff,0xfc,0xfd,
  0xff,0x43,0x00,0x03,0x00,0x00,0x00,0xd3,0xff,0xfc,0xfe,0xff,0x31,0x00,0x02,0x01,0x00,0x0a,0xe0,0xff,0xfd,0xff,0xfb,0x24,
  0x00,0x02,0x00,0x00,0x00,0x00,0x00,0x00,0x00,0xda,0xff,0xfd,0xff,0xff,0x2d,0x00,0x02,0x00,0x00,0x00,0x00,0x00,0x03,0x00,
  0x43,0xff,0xfc,0xfc,0xff,0xc2,0x00,0x00,0x3a,0xff,0xfd,0xfe,0xfd,0xfa,0x4e,0x00,0x00,0x00,0x14,0xcd,0xfe,0xfd,0xfb,0xfe,
  0xa2,0x00,0x04,0x00,0x00,0x04,0x00,0x60,0xff,0xf8,0xfc,0xfa,0xff,0xa2,0x33,0x29,0x62,0xed,0xfe,0xfe,0xfc,0xff,0x54,0x00,
  0x00,0x74,0xff,0xfa,0xfe,0xff,0xe8,0x61,0x2a,0x34,0xa1,0xff,0xff,0xff,0xff,0xff,0x36,0x00,0x00,0xc4,0xff,0xfc,0xfd,0xff,
  0x43,0x00,0x03,0x00,0x00,0x00,0xd3,0xff,0xfc,0xfe,0xff,0x31,0x00,0x02,0x01,0x00,0x0a,0xe0,0xff,0xfd,0xff,0xfb,0x24,0x00,
  0x02,0x00,0x00,0x00,0x00,0x00,0x00,0x00,0xda,0xff,0xfd,0xff,0xff,0x2d,0x00,0x02,0x00,0x00,0x00,0x00,0x00,0x03,0x00,0x43,
  0xff,0xfc,0xfc,0xff,0xc2,0x00,0x02,0x04,0xcc,0xff,0xfc,0xfe,0xff,0xfb,0x98,0x61,0x7b,0xdc,0xff,0xfe,0xff,0xfb,0xff,0x3d,
  0x00,0x03,0x00,0x00,0x01,0x01,0x10,0xe2,0xff,0xfa,0xff,0xfe,0xff,0xff,0xfa,0xff,0xff,0xff,0xfb,0xff,0xd9,0x0a,0x01,0x01,
  0x0c,0xd8,0xff,0xfa,0xfe,0xff,0xff,0xfa,0xff,0xff,0xfc,0xfb,0xf5,0xff,0x91,0x00,0x04,0x00,0xc4,0xff,0xfc,0xfd,0xff,0x43,
  0x00,0x03,0x00,0x00,0x00,0xd3,0xff,0xfc,0xfe,0xff,0x31,0x00,0x02,0x01,0x00,0x0a,0xe0,0xff,0xfd,0xff,0xfb,0x24,0x00,0x02,
  0x00,0x00,0x00,0x00,0x00,0x00,0x00,0xda,0xff,0xfd,0xff,0xff,0x2d,0x00,0x02,0x00,0x00,0x00,0x00,0x00,0x03,0x00,0x43,0xff,
  0xfc,0xfc,0xff,0xc2,0x00,0x04,0x00,0x41,0xff,0xfd,0xfd,0xff,0xff,0xff,0xff,0xff,0xff,0xfd,0xfe,0xf9,0xff,0x9f,0x00,0x02,
  0x00,0x00,0x00,0x00,0x02,0x00,0x3d,0xf4,0xff,0xfc,0xfb,0xf9,0xfc,0xfe,0xf9,0xfb,0xfc,0xff,0xf5,0x39,0x00,0x02,0x02,0x00,
  0x2e,0xe7,0xff,0xfd,0xfa,0xf9,0xfe,0xfc,0xf9,0xfb,0xff,0xff,0xb9,0x09,0x02,0x03,0x00,0xc1,0xfb,0xf9,0xfa,0xfb,0x42,0x00,
  0x03,0x00,0x00,0x00,0xd0,0xfb,0xf9,0xfa,0xfb,0x30,0x00,0x02,0x01,0x00,0x0a,0xdd,0xfb,0xfa,0xfb,0xf8,0x24,0x00,0x02,0x00,
  0x00,0x00,0x00,0x00,0x00,0x00,0xd7,0xfb,0xfa,0xfb,0xfb,0x2c,0x00,0x02,0x00,0x00,0x00,0x00,0x00,0x03,0x00,0x42,0xfb,0xf9,
  0xf9,0xfb,0xbf,0x00,0x02,0x03,0x00,0x6c,0xff,0xff,0xfc,0xfb,0xf9,0xfa,0xf9,0xfa,0xfb,0xff,0xff,0xb8,0x0a,0x02,0x01,0x00,
  0x00,0x00,0x00,0x00,0x02,0x00,0x33,0xc2,0xff,0xff,0xff,0xff,0xff,0xff,0xff,0xff,0xca,0x37,0x00,0x02,0x00,0x00,0x02,0x00,
  0x24,0xb7,0xff,0xff,0xff,0xff,0xff,0xff,0xff,0xf7,0x8d,0x08,0x00,0x01,0x02,0x00,0xd0,0xff,0xff,0xff,0xff,0x47,0x00,0x03,
  0x00,0x00,0x00,0xe0,0xff,0xff,0xff,0xff,0x34,0x00,0x02,0x01,0x00,0x0b,0xee,0xff,0xff,0xff,0xff,0x26,0x00,0x02,0x00,0x00,
  0x00,0x00,0x00,0x00,0x00,0xe7,0xff,0xff,0xff,0xff,0x30,0x00,0x02,0x00,0x00,0x00,0x00,0x00,0x03,0x00,0x47,0xff,0xff,0xff,
  0xff,0xce,0x00,0x02,0x00,0x03,0x00,0x4f,0xd7,0xff,0xff,0xff,0xff,0xff,0xff,0xff,0xf1,0x85,0x06,0x00,0x01,0x00,0x00,0x00,
  0x00,0x00,0x00,0x00,0x02,0x00,0x00,0x42,0x8b,0xba,0xce,0xd1,0xc0,0x9a,0x4e,0x01,0x00,0x03,0x00,0x00,0x00,0x00,0x02,0x00,
  0x00,0x3f,0x8d,0xbc,0xcf,0xce,0xb8,0x7e,0x2a,0x00,0x00,0x01,0x00,0x01,0x00,0x89,0xb2,0xb0,0xb0,0xb2,0x2f,0x00,0x02,0x00,
  0x00,0x00,0x93,0xb2,0xb0,0xb1,0xb2,0x22,0x00,0x01,0x01,0x00,0x07,0x9c,0xb2,0xb0,0xb2,0xaf,0x19,0x00,0x01,0x00,0x00,0x00,
  0x00,0x00,0x00,0x00,0x98,0xb2,0xb0,0xb2,0xb2,0x1f,0x00,0x01,0x00,0x00,0x00,0x00,0x00,0x02,0x00,0x2f,0xb2,0xb0,0xb0,0xb2,
  0x87,0x00,0x01,0x00,0x00,0x03,0x00,0x07,0x54,0x9d,0xc2,0xd0,0xca,0xaf,0x72,0x21,0x00,0x00,0x01,0x00,0x00,0x00,0x00,0x00,
  0x00,0x00,0x00,0x00,0x02,0x00,0x00,0x00,0x00,0x00,0x01,0x00,0x00,0x00,0x00,0x02,0x00,0x00,0x00,0x00,0x00,0x00,0x02,0x01,
  0x00,0x00,0x00,0x01,0x00,0x00,0x00,0x00,0x03,0x01,0x00,0x00,0x00,0x00,0x00,0x00,0x00,0x00,0x00,0x00,0x00,0x00,0x00,0x00,
  0x00,0x00,0x00,0x00,0x00,0x00,0x00,0x00,0x00,0x00,0x00,0x00,0x00,0x00,0x00,0x00,0x00,0x00,0x00,0x00,0x00,0x00,0x00,0x00,
  0x00,0x00,0x00,0x00,0x00,0x00,0x00,0x00,0x00,0x00,0x00,0x00,0x00,0x00,0x00,0x00,0x00,0x00,0x00,0x00,0x00,0x00,0x00,0x00,
  0x00,0x00,0x00,0x00,0x00,0x03,0x00,0x00,0x00,0x00,0x01,0x00,0x00,0x00,0x00,0x03,0x01,0x00,0x00,0x00,0x00,0x00,0x00,0x00,
  0x00,0x00,0x00,0x00,0x01,0x03,0x04,0x02,0x00,0x00,0x01,0x04,0x03,0x01,0x00,0x00,0x00,0x00,0x00,0x00,0x00,0x00,0x00,0x03,
  0x04,0x02,0x00,0x00,0x03,0x04,0x02,0x00,0x00,0x00,0x00,0x00,0x00,0x03,0x04,0x04,0x04,0x04,0x01,0x00,0x00,0x00,0x00,0x00,
  0x03,0x04,0x04,0x04,0x04,0x01,0x00,0x00,0x00,0x00,0x00,0x03,0x04,0x04,0x04,0x04,0x01,0x00,0x00,0x00,0x00,0x00,0x00,0x00,
  0x00,0x00,0x03,0x04,0x04,0x04,0x04,0x01,0x00,0x00,0x00,0x00,0x00,0x00,0x00,0x00,0x00,0x01,0x04,0x04,0x04,0x04,0x03,0x00,
  0x00,0x00,0x00,0x00,0x00,0x01,0x04,0x04,0x01,0x00,0x00,0x03,0x04,0x02,0x00,0x00,0x00,0x00,0x00,0x00,0x00,
};
const lv_img_dsc_t txt_grp_title_semfio = {
  .header.cf = LV_IMG_CF_ALPHA_8BIT,
  .header.always_zero = 0,
  .header.reserved = 0,
  .header.w = 119,
  .header.h = 27,
  .data_size = 3213,
  .data = txt_grp_title_semfio_map,
};

static const uint8_t txt_grp_sub_vocal_map[] = {
  0x00,0x00,0x00,0x00,0x00,0x00,0x00,0x01,0x02,0x01,0x00,0x00,0x00,0x00,0x00,0x00,0x00,0x00,0x00,0x00,0x00,0x00,0x00,0x00,
  0x00,0x00,0x00,0x00,0x00,0x00,0x00,0x00,0x00,0x00,0x00,0x00,0x00,0x00,0x00,0x00,0x00,0x00,0x00,0x00,0x00,0x00,0x00,0x00,
  0x00,0x00,0x00,0x00,0x00,0x00,0x00,0x00,0x00,0x01,0x00,0x00,0x00,0x00,0x00,0x00,0x00,0x00,0x00,0x00,0x00,0x00,0x00,0x00,
  0x00,0x00,0x01,0x00,0x00,0x00,0x00,0x00,0x00,0x00,0x00,0x00,0x00,0x00,0x00,0x00,0x00,0x00,0x00,0x00,0x00,0x00,0x00,0x00,
  0x00,0x00,0x00,0x00,0x00,0x00,0x00,0x00,0x00,0x00,0x00,0x00,0x00,0x00,0x00,0x00,0x00,0x00,0x00,0x00,0x00,0x00,0x00,0x00,
  0x00,0x01,0x00,0x02,0x16,0x00,0x00,0x00,0x00,0x00,0x00,0x00,0x00,0x00,0x00,0x00,0x00,0x00,0x00,0x00,0x00,0x01,0x00,0x0f,
  0x27,0x18,0x00,0x00,0x00,0x00,0x00,0x00,0x00,0x00,0x00,0x00,0x01,0x00,0x00,0x00,0x00,0x00,0x00,0x00,0x00,0x00,0x00,0x00,
  0x01,0x00,0x00,0x00,0x01,0x00,0x00,0x01,0x00,0x00,0x00,0x00,0x00,0x00,0x00,0x00,0x01,0x00,0x00,0x00,0x01,0x02,0x00,0xaa,
  0xf4,0x46,0x00,0x03,0x00,0x00,0x01,0x00,0x00,0x00,0x00,0x00,0x00,0x00,0x00,0x00,0x01,0x02,0x0c,0xd2,0xff,0xa1,0x00,0x03,
  0x00,0x00,0x00,0x00,0x00,0x01,0x03,0x00,0x00,0x02,0x03,0x00,0x00,0x00,0x02,0x03,0x00,0x00,0x04,0x01,0x00,0x00,0x00,0x00,
  0x00,0x03,0x02,0x00,0x01,0x03,0x00,0x00,0x00,0x00,0x03,0x02,0x00,0x01,0x03,0x00,0x00,0x01,0x00,0xb3,0xfa,0x4c,0x00,0x04,
  0x03,0x00,0x00,0x02,0x02,0x00,0x00,0x00,0x00,0x00,0x00,0x00,0x04,0x00,0x9f,0xfc,0xfe,0xa5,0x00,0x03,0x00,0x00,0x00,0x00,
  0x01,0x00,0x00,0x00,0x00,0x00,0x00,0x02,0x00,0x02,0x00,0x00,0x00,0x00,0x00,0x00,0x01,0x00,0x00,0x01,0x02,0x00,0x00,0x00,
  0x00,0x00,0x01,0x00,0x00,0x02,0x00,0x00,0x00,0x00,0x00,0x00,0x01,0x01,0x00,0x08,0x21,0x00,0x00,0x00,0x00,0x00,0x00,0x00,
  0x00,0x01,0x00,0x00,0x00,0x00,0x00,0x03,0x00,0x57,0xff,0x62,0xfc,0xa7,0x00,0x03,0x00,0x00,0x00,0x01,0x00,0x17,0x90,0xde,
  0xe9,0xb9,0x47,0x00,0x02,0x00,0x24,0x9d,0xe5,0xe3,0x80,0x4b,0xdc,0x5c,0x00,0x9d,0xd8,0x5d,0xc5,0xeb,0xc4,0x5a,0x00,0x01,
  0x02,0x00,0x3c,0xb2,0xea,0xd9,0x62,0x6d,0xdc,0x33,0x00,0x87,0xd5,0x1d,0x00,0x0e,0x89,0xdc,0xea,0xb0,0x30,0x00,0x01,0x00,
  0x00,0x00,0x02,0x01,0x1a,0xf8,0x96,0x06,0xff,0xa5,0x00,0x03,0x00,0x00,0x01,0x01,0x16,0xd8,0xff,0xa7,0x97,0xec,0xff,0x65,
  0x01,0x25,0xe6,0xff,0xaf,0x97,0xe6,0xf2,0xff,0x71,0x00,0xb7,0xff,0xf9,0xaa,0x97,0xef,0xff,0x5a,0x00,0x00,0x44,0xfc,0xfd,
  0xa0,0x9f,0xf0,0xf2,0xff,0x41,0x00,0xa5,0xff,0x22,0x00,0xad,0xff,0xa9,0x9e,0xff,0xfe,0x1e,0x01,0x02,0x00,0x01,0x03,0x00,
  0xc2,0xed,0x0b,0x1a,0xff,0xa6,0x04,0x04,0x00,0x00,0x04,0x00,0x86,0xff,0x53,0x00,0x00,0x18,0xae,0x96,0x00,0x9f,0xff,0x54,
  0x00,0x00,0x0a,0xcb,0xfd,0x6a,0x00,0xad,0xfd,0x57,0x00,0x00,0x23,0xf6,0xcd,0x00,0x03,0xd1,0xf6,0x2d,0x00,0x00,0x23,0xe9,
  0xfd,0x3d,0x00,0x9e,0xfd,0x1d,0x00,0xf0,0xe0,0x00,0x00,0x43,0xab,0x2f,0x00,0x02,0x00,0x03,0x00,0x75,0xfe,0x32,0x00,0x0b,
  0xff,0x9e,0x00,0x00,0x00,0x00,0x01,0x00,0xcd,0xee,0x05,0x03,0x05,0x00,0x00,0x00,0x00,0xe2,0xdd,0x00,0x03,0x08,0x00,0x59,
  0xff,0x69,0x00,0xb4,0xff,0x14,0x03,0x05,0x00,0xd4,0xed,0x00,0x18,0xff,0xac,0x00,0x06,0x07,0x00,0x8e,0xff,0x3b,0x00,0x9f,
  0xff,0x21,0x00,0x79,0xff,0xe4,0x91,0x34,0x00,0x00,0x01,0x00,0x03,0x00,0x33,0xff,0xde,0x6d,0x73,0x7f,0xff,0xcc,0x72,0x1c,
  0x00,0x01,0x01,0x00,0xd2,0xea,0x04,0x04,0x05,0x01,0x00,0x00,0x00,0xe6,0xd8,0x00,0x04,0x08,0x02,0x50,0xff,0x69,0x00,0xb4,
  0xff,0x17,0x00,0x02,0x01,0xcf,0xed,0x00,0x1a,0xff,0xa5,0x00,0x06,0x08,0x00,0x84,0xff,0x3b,0x00,0x9f,0xff,0x20,0x00,0x00,
  0x29,0x95,0xe0,0xff,0xba,0x12,0x01,0x01,0x04,0x00,0x59,0xea,0xe8,0xfd,0xfb,0xfc,0xfe,0xfb,0xfb,0x3a,0x00,0x03,0x03,0x00,
  0x99,0xff,0x37,0x00,0x00,0x03,0x7c,0x74,0x00,0xad,0xff,0x3b,0x00,0x00,0x00,0xb0,0xfe,0x69,0x00,0xb4,0xfe,0x16,0x00,0x02,
  0x00,0xd0,0xec,0x01,0x05,0xde,0xeb,0x17,0x00,0x00,0x09,0xd7,0xfe,0x3d,0x00,0x9f,0xfe,0x1b,0x08,0x7b,0x4c,0x00,0x00,0x68,
  0xff,0x64,0x00,0x04,0x00,0x00,0x05,0x13,0x11,0x10,0x0d,0x26,0xff,0xab,0x0d,0x06,0x00,0x00,0x02,0x01,0x26,0xf0,0xef,0x72,
  0x60,0xc2,0xff,0x81,0x00,0x36,0xf8,0xf7,0x7d,0x62,0xbf,0xfe,0xff,0x6e,0x00,0xb5,0xff,0x16,0x00,0x02,0x00,0xd1,0xed,0x04,
  0x00,0x5a,0xff,0xe0,0x6c,0x69,0xd5,0xfd,0xff,0x3f,0x00,0xa0,0xff,0x1e,0x04,0xde,0xff,0x8e,0x5e,0xbb,0xff,0x49,0x00,0x03,
  0x00,0x00,0x00,0x00,0x00,0x00,0x00,0x15,0xfc,0xa2,0x00,0x02,0x00,0x00,0x00,0x02,0x00,0x34,0xc0,0xff,0xff,0xe5,0x6a,0x00,
  0x03,0x00,0x43,0xcb,0xff,0xff,0xb0,0x69,0xfc,0x69,0x00,0xb2,0xfc,0x16,0x00,0x02,0x00,0xce,0xe9,0x01,0x01,0x00,0x61,0xdf,
  0xff,0xfa,0x91,0x89,0xfc,0x3b,0x00,0x9d,0xfc,0x20,0x00,0x19,0xaa,0xfd,0xff,0xea,0x74,0x00,0x02,0x00,0x00,0x00,0x00,0x01,
  0x01,0x01,0x01,0x04,0x1e,0x14,0x01,0x01,0x00,0x00,0x00,0x00,0x02,0x00,0x00,0x14,0x1a,0x03,0x00,0x01,0x00,0x02,0x00,0x00,
  0x19,0x14,0x00,0x01,0x1e,0x0c,0x00,0x15,0x1e,0x03,0x00,0x00,0x00,0x18,0x1c,0x00,0x00,0x01,0x00,0x03,0x1b,0x0f,0x00,0x0b,
  0x1e,0x07,0x00,0x13,0x1e,0x03,0x00,0x00,0x00,0x11,0x1b,0x06,0x00,0x00,0x00,0x00,0x00,0x00,0x00,0x00,0x00,0x00,0x00,0x00,
  0x00,0x00,0x00,0x00,0x00,0x00,0x00,0x00,0x00,0x02,0x01,0x00,0x00,0x00,0x03,0x00,0x00,0x00,0x03,0x00,0x00,0x00,0x03,0x00,
  0x00,0x00,0x00,0x00,0x00,0x00,0x00,0x00,0x00,0x00,0x00,0x00,0x00,0x00,0x03,0x00,0x00,0x00,0x03,0x00,0x00,0x00,0x00,0x00,
  0x00,0x00,0x00,0x02,0x02,0x00,0x00,0x00,0x03,0x00,0x00,0x00,
};
const lv_img_dsc_t txt_grp_sub_vocal = {
  .header.cf = LV_IMG_CF_ALPHA_8BIT,
  .header.always_zero = 0,
  .header.reserved = 0,
  .header.w = 68,
  .header.h = 15,
  .data_size = 1020,
  .data = txt_grp_sub_vocal_map,
};

static const uint8_t txt_grp_sub_instrumentos_map[] = {
  0x00,0x00,0x00,0x02,0x03,0x03,0x03,0x03,0x03,0x03,0x00,0x00,0x00,0x00,0x00,0x00,0x00,0x00,0x00,0x00,0x00,0x00,0x00,0x00,
  0x00,0x00,0x00,0x00,0x00,0x00,0x00,0x00,0x00,0x00,0x00,0x00,0x00,0x00,0x00,0x00,0x00,0x00,0x00,0x00,0x00,0x00,0x00,0x00,
  0x00,0x00,0x00,0x00,0x00,0x00,0x00,0x00,0x00,0x01,0x00,0x00,0x00,0x00,0x00,0x00,0x00,0x00,0x00,0x00,0x00,0x00,0x00,0x00,
  0x00,0x00,0x00,0x00,0x00,0x00,0x00,0x00,0x00,0x00,0x00,0x00,0x00,0x00,0x00,0x00,0x00,0x00,0x00,0x00,0x00,0x00,0x00,0x00,
  0x00,0x00,0x00,0x00,0x00,0x00,0x00,0x00,0x00,0x00,0x00,0x00,0x00,0x00,0x00,0x00,0x00,0x00,0x00,0x00,0x00,0x00,0x00,0x00,
  0x00,0x01,0x00,0x02,0x16,0x00,0x00,0x00,0x00,0x00,0x00,0x00,0x00,0x00,0x00,0x00,0x00,0x01,0x00,0x31,0x49,0x46,0x46,0x46,
  0x48,0x3a,0x00,0x00,0x00,0x00,0x00,0x00,0x00,0x00,0x00,0x01,0x00,0x00,0x00,0x00,0x00,0x00,0x00,0x00,0x01,0x00,0x00,0x00,
  0x01,0x00,0x00,0x00,0x01,0x00,0x00,0x01,0x00,0x00,0x00,0x00,0x00,0x00,0x00,0x00,0x01,0x00,0x00,0x00,0x00,0x02,0x00,0xaa,
  0xf4,0x46,0x00,0x03,0x00,0x00,0x01,0x00,0x00,0x00,0x00,0x00,0x00,0x03,0x00,0xb8,0xff,0xff,0xff,0xff,0xff,0xdc,0x00,0x00,
  0x00,0x00,0x00,0x00,0x00,0x03,0x02,0x00,0x00,0x03,0x02,0x00,0x00,0x00,0x03,0x02,0x00,0x01,0x03,0x00,0x00,0x00,0x00,0x00,
  0x00,0x03,0x02,0x00,0x01,0x03,0x00,0x00,0x00,0x00,0x03,0x01,0x00,0x02,0x02,0x00,0x00,0x01,0x00,0xb3,0xfa,0x4c,0x00,0x04,
  0x03,0x00,0x00,0x02,0x02,0x00,0x00,0x00,0x00,0x03,0x00,0xb4,0xfd,0x3b,0x26,0x23,0x28,0x25,0x00,0x00,0x00,0x00,0x00,0x00,
  0x02,0x00,0x00,0x00,0x00,0x00,0x00,0x01,0x00,0x02,0x00,0x00,0x00,0x00,0x00,0x01,0x01,0x00,0x00,0x01,0x02,0x00,0x00,0x00,
  0x00,0x00,0x01,0x00,0x00,0x00,0x00,0x00,0x00,0x00,0x00,0x02,0x01,0x01,0x00,0x08,0x21,0x00,0x00,0x00,0x00,0x00,0x00,0x00,
  0x00,0x01,0x00,0x00,0x00,0x03,0x00,0xb6,0xfe,0x00,0x00,0x10,0x00,0x00,0x01,0x00,0x00,0x00,0x00,0x01,0x00,0x3f,0xb4,0xe9,
  0xe1,0x98,0x1d,0x00,0x03,0x00,0x4e,0xbd,0xea,0xd1,0x51,0x8b,0xdd,0x1c,0x00,0x9c,0xd8,0x5d,0xc5,0xeb,0xc4,0x5a,0x00,0x01,
  0x01,0x00,0x65,0xcb,0xeb,0xc3,0x3c,0xb6,0xc6,0x04,0x00,0x86,0xd5,0x1d,0x00,0x0e,0x89,0xdc,0xea,0xb0,0x30,0x00,0x01,0x00,
  0x00,0x03,0x00,0xb4,0xf4,0x98,0xf5,0xff,0xdb,0x53,0x00,0x02,0x00,0x00,0x03,0x00,0x4b,0xff,0xec,0x96,0xa8,0xff,0xf0,0x27,
  0x00,0x61,0xff,0xf1,0x9a,0xa7,0xf4,0xf6,0xff,0x25,0x00,0xb4,0xff,0xf9,0xaa,0x97,0xef,0xff,0x5b,0x00,0x00,0x8d,0xff,0xdd,
  0x94,0xb9,0xf7,0xfc,0xe2,0x07,0x00,0xa3,0xff,0x22,0x00,0xad,0xff,0xa9,0x9e,0xff,0xfe,0x1e,0x01,0x02,0x00,0x03,0x00,0xbd,
  0xff,0xe4,0x6b,0x6e,0xe9,0xfe,0x2e,0x00,0x02,0x01,0x01,0x05,0xdd,0xe9,0x15,0x00,0x00,0x4d,0xb9,0x53,0x09,0xf0,0xe3,0x1a,
  0x00,0x00,0x3a,0xf8,0xf6,0x23,0x00,0xab,0xfd,0x57,0x00,0x00,0x23,0xf6,0xcf,0x00,0x2c,0xff,0xc0,0x06,0x00,0x00,0x64,0xff,
  0xd5,0x07,0x00,0x9c,0xfd,0x1d,0x00,0xf0,0xe0,0x00,0x00,0x43,0xab,0x2f,0x00,0x02,0x00,0x02,0x00,0x70,0xa2,0x22,0x00,0x00,
  0x3f,0xff,0x85,0x00,0x04,0x02,0x00,0x22,0xff,0x9d,0x00,0x07,0x03,0x00,0x00,0x00,0x35,0xff,0x86,0x00,0x08,0x06,0x00,0xb4,
  0xff,0x21,0x00,0xb2,0xff,0x14,0x03,0x05,0x00,0xd4,0xef,0x00,0x63,0xfe,0x52,0x00,0x08,0x02,0x00,0xe4,0xe1,0x05,0x00,0x9d,
  0xff,0x21,0x00,0x79,0xff,0xe4,0x91,0x34,0x00,0x00,0x01,0x00,0x00,0x00,0x00,0x00,0x00,0x00,0x0a,0x07,0x18,0xfd,0xa1,0x00,
  0x04,0x02,0x00,0x26,0xff,0x95,0x01,0x07,0x04,0x00,0x00,0x00,0x38,0xff,0x7f,0x00,0x08,0x07,0x00,0xab,0xff,0x20,0x00,0xb2,
  0xff,0x17,0x00,0x02,0x01,0xcf,0xf0,0x00,0x66,0xfe,0x4b,0x02,0x08,0x04,0x00,0xdf,0xe2,0x05,0x00,0x9d,0xff,0x20,0x00,0x00,
  0x29,0x95,0xe0,0xff,0xba,0x12,0x01,0x01,0x01,0x01,0x02,0xa9,0xbc,0x09,0x00,0x00,0x47,0xff,0x7f,0x00,0x04,0x01,0x00,0x0a,
  0xec,0xd9,0x01,0x00,0x00,0x2b,0x87,0x42,0x10,0xf8,0xd5,0x07,0x00,0x00,0x1b,0xed,0xfa,0x23,0x00,0xb2,0xfe,0x16,0x00,0x02,
  0x00,0xd0,0xee,0x00,0x33,0xff,0xac,0x00,0x00,0x00,0x41,0xfe,0xd7,0x07,0x00,0x9d,0xfe,0x1b,0x08,0x7b,0x4c,0x00,0x00,0x68,
  0xff,0x64,0x00,0x04,0x00,0x03,0x00,0x7a,0xff,0xc9,0x61,0x6d,0xed,0xf2,0x22,0x01,0x02,0x00,0x03,0x00,0x68,0xff,0xc4,0x60,
  0x71,0xf0,0xff,0x38,0x00,0x7c,0xff,0xce,0x65,0x72,0xe3,0xfd,0xf8,0x24,0x00,0xb3,0xff,0x16,0x00,0x02,0x00,0xd1,0xed,0x02,
  0x00,0xaa,0xff,0xb4,0x5f,0x84,0xf2,0xfd,0xda,0x07,0x00,0x9e,0xff,0x1e,0x04,0xde,0xff,0x8e,0x5e,0xbb,0xff,0x49,0x00,0x03,
  0x00,0x00,0x01,0x00,0x71,0xe5,0xff,0xff,0xc8,0x3c,0x00,0x02,0x00,0x00,0x00,0x02,0x00,0x67,0xe2,0xff,0xff,0xc4,0x35,0x00,
  0x03,0x00,0x76,0xe9,0xff,0xf5,0x7c,0xa7,0xfd,0x20,0x00,0xb0,0xfc,0x16,0x00,0x02,0x00,0xce,0xe9,0x02,0x01,0x0a,0x91,0xf5,
  0xff,0xeb,0x64,0xd3,0xe2,0x05,0x00,0x9b,0xfc,0x20,0x00,0x19,0xaa,0xfd,0xff,0xea,0x74,0x00,0x02,0x00,0x00,0x00,0x00,0x00,
  0x00,0x03,0x1a,0x16,0x00,0x00,0x01,0x00,0x00,0x00,0x00,0x00,0x01,0x00,0x01,0x1a,0x15,0x00,0x00,0x01,0x00,0x01,0x00,0x07,
  0x1b,0x0a,0x00,0x11,0x1e,0x04,0x00,0x15,0x1e,0x03,0x00,0x00,0x00,0x18,0x1c,0x00,0x00,0x00,0x00,0x0d,0x1b,0x04,0x00,0x19,
  0x1b,0x01,0x00,0x12,0x1e,0x03,0x00,0x00,0x00,0x11,0x1b,0x06,0x00,0x00,0x00,0x00,0x00,0x00,0x00,0x00,0x03,0x00,0x00,0x00,
  0x01,0x02,0x00,0x00,0x00,0x00,0x00,0x00,0x00,0x03,0x00,0x00,0x00,0x01,0x03,0x00,0x00,0x00,0x03,0x00,0x00,0x00,0x03,0x00,
  0x00,0x00,0x00,0x00,0x00,0x00,0x00,0x00,0x00,0x00,0x00,0x00,0x00,0x01,0x03,0x00,0x00,0x00,0x03,0x00,0x00,0x00,0x00,0x00,
  0x00,0x00,0x00,0x02,0x02,0x00,0x00,0x00,0x03,0x00,0x00,0x00,
};
const lv_img_dsc_t txt_grp_sub_instrumentos = {
  .header.cf = LV_IMG_CF_ALPHA_8BIT,
  .header.always_zero = 0,
  .header.reserved = 0,
  .header.w = 68,
  .header.h = 15,
  .data_size = 1020,
  .data = txt_grp_sub_instrumentos_map,
};

static const uint8_t txt_grp_sub_bateria_map[] = {
  0x00,0x00,0x01,0x03,0x03,0x03,0x03,0x03,0x03,0x03,0x00,0x00,0x00,0x00,0x00,0x00,0x00,0x00,0x00,0x00,0x00,0x00,0x00,0x00,
  0x00,0x00,0x00,0x00,0x00,0x00,0x00,0x00,0x00,0x00,0x00,0x00,0x00,0x00,0x00,0x00,0x00,0x00,0x00,0x00,0x00,0x00,0x00,0x00,
  0x00,0x00,0x00,0x00,0x00,0x00,0x00,0x00,0x01,0x00,0x00,0x00,0x00,0x00,0x00,0x00,0x00,0x00,0x00,0x00,0x00,0x00,0x00,0x00,
  0x00,0x00,0x00,0x00,0x00,0x00,0x00,0x00,0x00,0x00,0x00,0x00,0x00,0x00,0x00,0x00,0x00,0x00,0x00,0x00,0x00,0x00,0x00,0x00,
  0x00,0x00,0x00,0x00,0x00,0x00,0x00,0x00,0x00,0x00,0x00,0x00,0x00,0x00,0x00,0x00,0x00,0x00,0x00,0x00,0x00,0x00,0x00,0x01,
  0x00,0x04,0x14,0x00,0x00,0x00,0x00,0x00,0x00,0x00,0x00,0x00,0x00,0x00,0x01,0x00,0x18,0x48,0x45,0x46,0x46,0x47,0x48,0x3f,
  0x03,0x00,0x00,0x00,0x00,0x00,0x00,0x00,0x00,0x00,0x00,0x00,0x00,0x00,0x00,0x00,0x00,0x01,0x00,0x00,0x00,0x01,0x00,0x00,
  0x00,0x00,0x00,0x00,0x01,0x00,0x00,0x00,0x00,0x00,0x00,0x00,0x00,0x01,0x00,0x00,0x00,0x01,0x01,0x02,0xb7,0xf3,0x3c,0x00,
  0x03,0x00,0x00,0x01,0x00,0x00,0x00,0x00,0x00,0x04,0x00,0x5d,0xff,0xff,0xff,0xff,0xff,0xff,0xf2,0x09,0x00,0x01,0x00,0x00,
  0x00,0x02,0x03,0x00,0x00,0x03,0x02,0x00,0x00,0x00,0x03,0x02,0x00,0x01,0x03,0x00,0x00,0x00,0x00,0x00,0x00,0x03,0x01,0x00,
  0x02,0x03,0x00,0x00,0x00,0x00,0x03,0x02,0x00,0x01,0x03,0x00,0x00,0x01,0x02,0xc0,0xf9,0x41,0x00,0x04,0x03,0x00,0x00,0x02,
  0x02,0x00,0x00,0x00,0x01,0x00,0x0e,0x29,0x29,0x2a,0x2a,0x30,0xee,0xb8,0x01,0x02,0x00,0x00,0x00,0x02,0x00,0x00,0x00,0x00,
  0x00,0x00,0x02,0x00,0x02,0x00,0x00,0x00,0x00,0x00,0x00,0x01,0x00,0x00,0x01,0x01,0x00,0x00,0x00,0x00,0x00,0x01,0x00,0x00,
  0x02,0x00,0x00,0x00,0x00,0x00,0x00,0x01,0x01,0x00,0x0b,0x1f,0x00,0x00,0x00,0x00,0x00,0x00,0x00,0x00,0x01,0x00,0x00,0x00,
  0x00,0x00,0x00,0x00,0x00,0x00,0x57,0xff,0x3d,0x00,0x03,0x00,0x00,0x01,0x00,0x33,0xaa,0xe7,0xe4,0xa4,0x2b,0x00,0x03,0x00,
  0x3d,0xb2,0xea,0xda,0x65,0x69,0xdc,0x36,0x00,0xc0,0xc2,0x62,0xcf,0xeb,0xba,0x49,0x00,0x01,0x02,0x00,0x4a,0xba,0xeb,0xd4,
  0x57,0x7e,0xdd,0x25,0x00,0x95,0xd5,0x15,0x00,0x12,0x8e,0xdd,0xe9,0xad,0x2e,0x00,0x02,0x00,0x00,0x00,0x01,0x02,0x03,0x04,
  0x06,0xe1,0xce,0x00,0x02,0x00,0x00,0x03,0x00,0x3b,0xf8,0xf5,0x9a,0xa0,0xff,0xff,0x3a,0x00,0x48,0xfd,0xfd,0xa0,0x9f,0xf0,
  0xf2,0xff,0x44,0x00,0xda,0xff,0xf3,0x9f,0x9b,0xfa,0xff,0x41,0x00,0x00,0x5a,0xff,0xf5,0x9b,0xa4,0xf3,0xf4,0xff,0x31,0x00,
  0xb6,0xff,0x17,0x00,0xb6,0xff,0xa6,0x9f,0xff,0xfb,0x1c,0x01,0x02,0x00,0x00,0x00,0x00,0x04,0x00,0x54,0xff,0x4f,0x00,0x04,
  0x00,0x00,0x02,0x02,0xc8,0xf8,0x21,0x00,0x00,0x3a,0xb7,0x6c,0x03,0xd6,0xf6,0x2d,0x00,0x00,0x21,0xe7,0xfd,0x41,0x00,0xd2,
  0xfc,0x37,0x00,0x00,0x3e,0xff,0xaf,0x00,0x0d,0xe9,0xe9,0x1f,0x00,0x00,0x30,0xf3,0xfc,0x2f,0x00,0xae,0xfd,0x13,0x00,0xf9,
  0xd8,0x00,0x00,0x47,0xac,0x2d,0x00,0x02,0x00,0x00,0x00,0x00,0x02,0x02,0xd4,0xdd,0x03,0x01,0x01,0x00,0x02,0x00,0x14,0xfe,
  0xb5,0x00,0x06,0x03,0x00,0x00,0x00,0x1c,0xff,0xab,0x00,0x06,0x07,0x00,0x88,0xff,0x3e,0x00,0xdc,0xe8,0x00,0x04,0x04,0x05,
  0xf1,0xd1,0x00,0x32,0xff,0x90,0x00,0x07,0x07,0x00,0xa4,0xff,0x2c,0x00,0xaf,0xff,0x17,0x00,0x81,0xff,0xe1,0x8f,0x33,0x00,
  0x00,0x01,0x00,0x00,0x00,0x00,0x03,0x00,0x48,0xff,0x63,0x00,0x04,0x00,0x00,0x02,0x00,0x16,0xff,0xad,0x00,0x06,0x04,0x00,
  0x00,0x00,0x1e,0xff,0xa3,0x00,0x06,0x08,0x00,0x7f,0xff,0x3e,0x00,0xdd,0xe3,0x03,0x00,0x00,0x08,0xed,0xd1,0x00,0x34,0xff,
  0x87,0x00,0x08,0x08,0x00,0x9b,0xff,0x2c,0x00,0xaf,0xff,0x16,0x00,0x00,0x2d,0x98,0xe2,0xff,0xb7,0x11,0x01,0x01,0x00,0x00,
  0x00,0x02,0x00,0xc9,0xea,0x09,0x01,0x01,0x00,0x00,0x00,0x01,0x04,0xda,0xeb,0x0b,0x00,0x00,0x1c,0x84,0x55,0x06,0xe2,0xeb,
  0x17,0x00,0x00,0x08,0xd4,0xfe,0x40,0x00,0xdc,0xe4,0x02,0x00,0x00,0x07,0xee,0xcf,0x00,0x11,0xf2,0xdc,0x0b,0x00,0x00,0x13,
  0xe5,0xfe,0x2e,0x00,0xaf,0xfe,0x11,0x0d,0x7d,0x48,0x00,0x00,0x6d,0xff,0x60,0x00,0x04,0x00,0x00,0x03,0x00,0x3e,0xff,0x78,
  0x00,0x04,0x00,0x00,0x00,0x00,0x03,0x00,0x55,0xff,0xd1,0x63,0x69,0xe2,0xff,0x4f,0x00,0x5f,0xff,0xe0,0x6c,0x68,0xd4,0xfd,
  0xff,0x42,0x00,0xde,0xe5,0x02,0x00,0x00,0x07,0xef,0xd0,0x00,0x00,0x73,0xff,0xd3,0x66,0x6d,0xde,0xfd,0xff,0x30,0x00,0xb0,
  0xff,0x14,0x08,0xe8,0xff,0x89,0x5f,0xbf,0xff,0x46,0x00,0x03,0x00,0x00,0x02,0x01,0xb9,0xed,0x12,0x01,0x01,0x00,0x00,0x00,
  0x00,0x00,0x02,0x00,0x59,0xd9,0xff,0xff,0xd0,0x47,0x00,0x04,0x00,0x62,0xdf,0xff,0xfb,0x93,0x85,0xfc,0x3e,0x00,0xdb,0xe1,
  0x02,0x00,0x00,0x07,0xeb,0xcd,0x00,0x03,0x00,0x71,0xe7,0xff,0xf7,0x84,0x9a,0xfc,0x2b,0x00,0xad,0xfc,0x17,0x00,0x1d,0xae,
  0xfe,0xff,0xe9,0x71,0x00,0x02,0x00,0x00,0x00,0x00,0x01,0x20,0x16,0x00,0x00,0x00,0x00,0x00,0x00,0x00,0x00,0x00,0x01,0x00,
  0x00,0x18,0x17,0x00,0x00,0x02,0x00,0x01,0x00,0x03,0x1b,0x0f,0x00,0x0a,0x1e,0x07,0x00,0x1a,0x1b,0x00,0x00,0x00,0x01,0x1c,
  0x18,0x00,0x00,0x01,0x00,0x06,0x1b,0x0c,0x00,0x0f,0x1e,0x05,0x00,0x15,0x1e,0x02,0x00,0x00,0x00,0x12,0x1a,0x05,0x00,0x00,
  0x00,0x00,0x00,0x00,0x00,0x00,0x00,0x00,0x01,0x00,0x00,0x00,0x00,0x00,0x00,0x00,0x00,0x00,0x03,0x00,0x00,0x00,0x00,0x03,
  0x00,0x00,0x00,0x03,0x00,0x00,0x00,0x03,0x00,0x00,0x00,0x00,0x00,0x00,0x00,0x00,0x00,0x00,0x00,0x00,0x00,0x00,0x00,0x03,
  0x00,0x00,0x00,0x03,0x00,0x00,0x00,0x00,0x00,0x00,0x00,0x00,0x02,0x02,0x00,0x00,0x00,0x03,0x00,0x00,0x00,
};
const lv_img_dsc_t txt_grp_sub_bateria = {
  .header.cf = LV_IMG_CF_ALPHA_8BIT,
  .header.always_zero = 0,
  .header.reserved = 0,
  .header.w = 67,
  .header.h = 15,
  .data_size = 1005,
  .data = txt_grp_sub_bateria_map,
};

static const uint8_t txt_grp_sub_semfio_map[] = {
  0x00,0x00,0x00,0x00,0x02,0x04,0x04,0x03,0x00,0x00,0x00,0x00,0x00,0x00,0x00,0x00,0x00,0x00,0x00,0x00,0x00,0x00,0x00,0x00,
  0x00,0x00,0x00,0x00,0x00,0x00,0x00,0x00,0x00,0x00,0x00,0x00,0x00,0x00,0x00,0x00,0x00,0x00,0x00,0x00,0x00,0x00,0x00,0x00,
  0x00,0x00,0x00,0x00,0x00,0x00,0x00,0x00,0x01,0x00,0x00,0x00,0x00,0x00,0x00,0x00,0x00,0x00,0x00,0x00,0x00,0x00,0x02,0x00,
  0x00,0x00,0x00,0x01,0x00,0x00,0x00,0x00,0x00,0x00,0x00,0x00,0x00,0x00,0x00,0x00,0x00,0x00,0x00,0x00,0x00,0x00,0x00,0x00,
  0x00,0x00,0x00,0x00,0x00,0x00,0x00,0x00,0x00,0x00,0x00,0x00,0x00,0x00,0x00,0x00,0x00,0x00,0x00,0x00,0x00,0x00,0x00,0x01,
  0x00,0x02,0x16,0x00,0x00,0x00,0x00,0x00,0x00,0x00,0x00,0x00,0x00,0x00,0x00,0x00,0x01,0x00,0x26,0x68,0x73,0x3d,0x00,0x00,
  0x01,0x00,0x00,0x00,0x00,0x00,0x00,0x00,0x00,0x01,0x00,0x00,0x00,0x00,0x00,0x00,0x00,0x00,0x00,0x00,0x00,0x01,0x00,0x00,
  0x00,0x01,0x00,0x00,0x01,0x00,0x00,0x00,0x00,0x00,0x00,0x00,0x00,0x01,0x00,0x00,0x00,0x00,0x02,0x00,0xaa,0xf4,0x46,0x00,
  0x03,0x00,0x00,0x01,0x00,0x00,0x00,0x00,0x00,0x00,0x02,0x00,0x6a,0xfd,0xff,0xfc,0xff,0xa4,0x05,0x01,0x01,0x00,0x00,0x00,
  0x00,0x01,0x03,0x00,0x00,0x02,0x03,0x00,0x00,0x00,0x02,0x03,0x00,0x00,0x04,0x01,0x00,0x00,0x00,0x00,0x00,0x03,0x02,0x00,
  0x01,0x03,0x00,0x00,0x00,0x00,0x03,0x01,0x00,0x02,0x02,0x00,0x00,0x02,0x00,0xb2,0xfa,0x4c,0x00,0x04,0x03,0x00,0x00,0x02,
  0x02,0x00,0x00,0x00,0x02,0x00,0x24,0xff,0xd2,0x22,0x11,0x94,0xff,0x57,0x00,0x03,0x00,0x00,0x00,0x01,0x00,0x00,0x00,0x00,
  0x00,0x00,0x02,0x00,0x02,0x00,0x00,0x00,0x00,0x00,0x00,0x01,0x00,0x00,0x01,0x02,0x00,0x00,0x00,0x00,0x00,0x01,0x00,0x00,
  0x00,0x00,0x00,0x00,0x00,0x00,0x02,0x01,0x01,0x00,0x08,0x21,0x00,0x00,0x00,0x00,0x00,0x00,0x00,0x00,0x01,0x00,0x00,0x03,
  0x00,0x48,0xe3,0x56,0x00,0x00,0x27,0xfc,0x91,0x00,0x04,0x00,0x00,0x01,0x00,0x16,0x8f,0xde,0xe9,0xb9,0x48,0x00,0x02,0x00,
  0x23,0x9d,0xe5,0xe3,0x82,0x4a,0xdc,0x5d,0x00,0x9c,0xd9,0x5d,0xc4,0xeb,0xc4,0x5a,0x00,0x01,0x01,0x00,0x64,0xcb,0xeb,0xc3,
  0x3d,0xb5,0xc7,0x04,0x00,0x86,0xd5,0x1d,0x00,0x0e,0x89,0xdc,0xea,0xb0,0x30,0x00,0x01,0x00,0x00,0x00,0x04,0x0c,0x02,0x05,
  0x02,0x42,0xff,0x79,0x00,0x04,0x00,0x01,0x01,0x15,0xd6,0xff,0xa8,0x96,0xec,0xff,0x66,0x01,0x24,0xe5,0xff,0xaf,0x97,0xe6,
  0xf2,0xff,0x72,0x00,0xb6,0xff,0xfa,0xaa,0x96,0xef,0xff,0x5c,0x00,0x00,0x8c,0xff,0xdd,0x94,0xb8,0xf7,0xfc,0xe3,0x08,0x00,
  0xa3,0xff,0x22,0x00,0xad,0xff,0xa9,0x9e,0xff,0xfe,0x1e,0x01,0x02,0x00,0x00,0x00,0x00,0x01,0x04,0x00,0xbd,0xfc,0x25,0x00,
  0x02,0x00,0x04,0x00,0x84,0xff,0x54,0x00,0x00,0x17,0xae,0x97,0x00,0x9e,0xff,0x55,0x00,0x00,0x09,0xc9,0xfd,0x6b,0x00,0xac,
  0xfd,0x58,0x00,0x00,0x22,0xf6,0xd0,0x00,0x2b,0xff,0xc1,0x06,0x00,0x00,0x64,0xff,0xd5,0x07,0x00,0x9c,0xfd,0x1e,0x00,0xf0,
  0xe0,0x00,0x00,0x43,0xab,0x2f,0x00,0x02,0x00,0x00,0x00,0x02,0x03,0x00,0x8a,0xff,0x76,0x00,0x03,0x00,0x00,0x02,0x00,0xcb,
  0xef,0x06,0x03,0x05,0x00,0x00,0x00,0x00,0xe1,0xde,0x00,0x02,0x08,0x00,0x57,0xff,0x6a,0x00,0xb3,0xff,0x15,0x03,0x05,0x00,
  0xd3,0xf0,0x00,0x62,0xfe,0x53,0x00,0x08,0x02,0x00,0xe4,0xe1,0x06,0x00,0x9d,0xff,0x22,0x00,0x79,0xff,0xe4,0x91,0x34,0x00,
  0x00,0x01,0x00,0x00,0x00,0x02,0x00,0x00,0x91,0xff,0x97,0x01,0x06,0x00,0x00,0x00,0x01,0x00,0xd0,0xec,0x05,0x04,0x05,0x01,
  0x00,0x00,0x00,0xe4,0xda,0x00,0x04,0x08,0x02,0x4e,0xff,0x6a,0x00,0xb3,0xff,0x18,0x00,0x02,0x01,0xce,0xf1,0x00,0x66,0xfe,
  0x4c,0x02,0x08,0x04,0x00,0xdf,0xe3,0x05,0x00,0x9d,0xff,0x20,0x00,0x00,0x28,0x95,0xe0,0xff,0xba,0x12,0x01,0x01,0x00,0x01,
  0x00,0x0b,0xa8,0xff,0x77,0x00,0x00,0x00,0x00,0x00,0x00,0x04,0x00,0x97,0xff,0x39,0x00,0x00,0x02,0x7c,0x75,0x00,0xab,0xff,
  0x3c,0x00,0x00,0x00,0xaf,0xfe,0x6a,0x00,0xb3,0xfe,0x17,0x00,0x02,0x00,0xcf,0xee,0x00,0x33,0xff,0xad,0x00,0x00,0x00,0x41,
  0xfe,0xd7,0x07,0x00,0x9d,0xfe,0x1b,0x08,0x7b,0x4d,0x00,0x00,0x68,0xff,0x64,0x00,0x04,0x01,0x01,0x1f,0xcb,0xff,0xba,0x4c,
  0x58,0x58,0x4b,0x01,0x00,0x00,0x02,0x01,0x25,0xef,0xf1,0x73,0x60,0xc1,0xff,0x82,0x00,0x34,0xf8,0xf7,0x7d,0x62,0xbf,0xfe,
  0xff,0x6f,0x00,0xb4,0xff,0x17,0x00,0x02,0x00,0xd0,0xee,0x03,0x00,0xa9,0xff,0xb4,0x5f,0x84,0xf2,0xfc,0xda,0x08,0x00,0x9e,
  0xff,0x1e,0x04,0xde,0xff,0x8e,0x5e,0xbb,0xff,0x49,0x00,0x03,0x04,0x00,0x5f,0xff,0xf6,0xfc,0xff,0xff,0xff,0xe7,0x02,0x00,
  0x01,0x00,0x02,0x00,0x33,0xbf,0xff,0xff,0xe5,0x6b,0x00,0x03,0x00,0x42,0xca,0xff,0xff,0xb1,0x68,0xfc,0x6b,0x00,0xb1,0xfc,
  0x17,0x00,0x02,0x00,0xcd,0xea,0x02,0x01,0x0a,0x90,0xf4,0xff,0xeb,0x64,0xd2,0xe2,0x05,0x00,0x9b,0xfc,0x20,0x00,0x19,0xaa,
  0xfd,0xff,0xea,0x74,0x00,0x02,0x00,0x00,0x00,0x0a,0x1c,0x1e,0x1e,0x1c,0x1b,0x1b,0x18,0x00,0x00,0x00,0x00,0x00,0x01,0x00,
  0x00,0x14,0x1a,0x03,0x00,0x01,0x00,0x02,0x00,0x00,0x18,0x14,0x00,0x01,0x1e,0x0c,0x00,0x15,0x1e,0x03,0x00,0x00,0x00,0x18,
  0x1c,0x00,0x00,0x00,0x00,0x0d,0x1b,0x04,0x00,0x19,0x1b,0x01,0x00,0x12,0x1e,0x03,0x00,0x00,0x00,0x11,0x1b,0x06,0x00,0x00,
  0x00,0x00,0x00,0x00,0x00,0x00,0x00,0x00,0x00,0x00,0x00,0x00,0x00,0x00,0x00,0x00,0x00,0x00,0x02,0x01,0x00,0x00,0x00,0x03,
  0x00,0x00,0x00,0x03,0x00,0x00,0x00,0x03,0x00,0x00,0x00,0x00,0x00,0x00,0x00,0x00,0x00,0x00,0x00,0x00,0x00,0x00,0x01,0x03,
  0x00,0x00,0x00,0x03,0x00,0x00,0x00,0x00,0x00,0x00,0x00,0x00,0x02,0x02,0x00,0x00,0x00,0x03,0x00,0x00,0x00,
};
const lv_img_dsc_t txt_grp_sub_semfio = {
  .header.cf = LV_IMG_CF_ALPHA_8BIT,
  .header.always_zero = 0,
  .header.reserved = 0,
  .header.w = 67,
  .header.h = 15,
  .data_size = 1005,
  .data = txt_grp_sub_semfio_map,
};

static const uint8_t txt_grp_hint_map[] = {
  0x00,0x00,0x00,0x03,0x03,0x00,0x00,0x00,0x00,0x00,0x00,0x00,0x00,0x00,0x00,0x00,0x00,0x00,0x00,0x00,0x00,0x00,0x00,0x00,
  0x00,0x00,0x00,0x00,0x00,0x00,0x00,0x00,0x00,0x00,0x00,0x00,0x00,0x00,0x00,0x00,0x00,0x00,0x00,0x00,0x00,0x00,0x00,0x00,
  0x00,0x00,0x00,0x00,0x00,0x00,0x00,0x00,0x00,0x00,0x00,0x00,0x00,0x00,0x00,0x00,0x00,0x00,0x00,0x00,0x00,0x02,0x04,0x00,
  0x00,0x00,0x00,0x00,0x00,0x00,0x00,0x00,0x00,0x00,0x00,0x00,0x00,0x00,0x00,0x00,0x00,0x00,0x00,0x00,0x00,0x00,0x00,0x00,
  0x00,0x00,0x00,0x00,0x00,0x00,0x00,0x00,0x00,0x00,0x00,0x00,0x00,0x00,0x00,0x00,0x00,0x00,0x00,0x00,0x00,0x00,0x00,0x00,
  0x00,0x00,0x00,0x00,0x00,0x00,0x00,0x00,0x00,0x00,0x00,0x00,0x00,0x00,0x00,0x00,0x00,0x00,0x00,0x00,0x00,0x00,0x00,0x00,
  0x00,0x00,0x00,0x00,0x00,0x00,0x00,0x00,0x00,0x00,0x00,0x00,0x00,0x00,0x00,0x00,0x00,0x00,0x00,0x00,0x00,0x00,0x00,0x00,
  0x03,0x01,0x00,0x00,0x00,0x00,0x00,0x00,0x00,0x00,0x00,0x00,0x00,0x00,0x00,0x00,0x00,0x00,0x00,0x00,0x00,0x00,0x00,0x00,
  0x00,0x00,0x00,0x00,0x00,0x00,0x00,0x00,0x00,0x00,0x00,0x00,0x00,0x00,0x00,0x00,0x00,0x00,0x00,0x00,0x00,0x00,0x00,0x00,
  0x00,0x00,0x00,0x00,0x00,0x00,0x00,0x00,0x00,0x00,0x00,0x00,0x00,0x00,0x00,0x00,0x00,0x00,0x00,0x00,0x00,0x00,0x00,0x00,
  0x00,0x00,0x00,0x00,0x00,0x00,0x00,0x00,0x00,0x00,0x00,0x00,0x00,0x00,0x00,0x00,0x00,0x00,0x00,0x00,0x00,0x00,0x00,0x00,
  0x00,0x00,0x00,0x00,0x00,0x00,0x00,0x00,0x00,0x00,0x00,0x00,0x00,0x00,0x00,0x00,0x00,0x00,0x00,0x00,0x00,0x00,0x00,0x00,
  0x00,0x00,0x00,0x00,0x00,0x00,0x00,0x00,0x00,0x00,0x00,0x00,0x00,0x00,0x00,0x00,0x00,0x00,0x00,0x00,0x00,0x00,0x00,0x00,
  0x00,0x00,0x00,0x00,0x00,0x00,0x00,0x00,0x00,0x00,0x00,0x00,0x00,0x00,0x00,0x00,0x00,0x00,0x00,0x00,0x00,0x00,0x00,0x00,
  0x00,0x00,0x00,0x00,0x00,0x00,0x00,0x00,0x00,0x00,0x00,0x00,0x00,0x00,0x00,0x00,0x00,0x00,0x00,0x00,0x00,0x00,0x00,0x00,
  0x00,0x00,0x00,0x00,0x00,0x00,0x00,0x00,0x00,0x00,0x00,0x00,0x00,0x00,0x00,0x00,0x00,0x00,0x00,0x00,0x00,0x00,0x00,0x00,
  0x00,0x00,0x00,0x00,0x00,0x00,0x00,0x00,0x00,0x00,0x00,0x00,0x00,0x00,0x00,0x00,0x00,0x00,0x00,0x00,0x00,0x00,0x00,0x00,
  0x00,0x00,0x00,0x00,0x00,0x00,0x00,0x00,0x00,0x00,0x00,0x01,0x05,0x00,0x00,0x00,0x00,0x00,0x00,0x00,0x00,0x00,0x00,0x00,
  0x00,0x00,0x00,0x00,0x00,0x00,0x00,0x00,0x00,0x00,0x00,0x00,0x00,0x00,0x00,0x00,0x00,0x00,0x00,0x00,0x00,0x00,0x00,0x00,
  0x00,0x00,0x00,0x00,0x00,0x00,0x00,0x00,0x00,0x09,0x00,0x00,0x00,0x00,0x00,0x00,0x00,0x00,0x00,0x00,0x00,0x01,0x03,0x49,
  0x3d,0x04,0x03,0x00,0x00,0x02,0x04,0x04,0x02,0x00,0x00,0x00,0x00,0x02,0x04,0x04,0x01,0x01,0x04,0x00,0x00,0x04,0x01,0x00,
  0x00,0x00,0x04,0x02,0x00,0x00,0x01,0x04,0x04,0x03,0x00,0x00,0x00,0x03,0x02,0x00,0x00,0x00,0x00,0x03,0x03,0x02,0x04,0x04,
  0x01,0x00,0x02,0x04,0x04,0x01,0x00,0x00,0x00,0x04,0x01,0x00,0x00,0x00,0x04,0x03,0x01,0x27,0x59,0x04,0x03,0x00,0x00,0x01,
  0x04,0x04,0x03,0x00,0x00,0x00,0x00,0x00,0x00,0x00,0x00,0x00,0x00,0x00,0x00,0x00,0x00,0x00,0x00,0x00,0x00,0x00,0x00,0x00,
  0x00,0x00,0x00,0x00,0x00,0x00,0x00,0x00,0x01,0x03,0x04,0x03,0x00,0x00,0x00,0x00,0x01,0x04,0x04,0x03,0x00,0x00,0x00,0x00,
  0x02,0x04,0x04,0x01,0x01,0x04,0x00,0x02,0x04,0x00,0x00,0x00,0x01,0x04,0x00,0x00,0x04,0x01,0x03,0x02,0x00,0x00,0x01,0x04,
  0x04,0x03,0x00,0x00,0x01,0x04,0x01,0x00,0x00,0x00,0x00,0x00,0x01,0x03,0x04,0x03,0x00,0x05,0x01,0x0a,0xae,0x2d,0x02,0x06,
  0x04,0x01,0x00,0x00,0x02,0x04,0x01,0x08,0x01,0x96,0xea,0x05,0x01,0x05,0x01,0x03,0x02,0x00,0x00,0x00,0x00,0x00,0x01,0x03,
  0x04,0x03,0x01,0x00,0x00,0x00,0x02,0x04,0x04,0x01,0x01,0x04,0x00,0x00,0x04,0x01,0x03,0x04,0x03,0x00,0x00,0x00,0x00,0x01,
  0x03,0x04,0x03,0x00,0x07,0x01,0x3c,0xfb,0x3c,0x00,0x04,0x03,0x04,0x03,0x00,0x00,0x00,0x00,0x00,0x05,0x00,0xc2,0x9e,0x00,
  0x00,0x00,0x02,0x00,0x00,0x00,0x00,0x03,0x00,0x00,0x02,0x00,0x00,0x00,0x00,0x00,0x00,0x00,0x00,0x00,0x00,0x00,0x00,0x00,
  0x00,0x00,0x00,0x02,0x00,0x00,0x00,0x00,0x01,0x00,0x00,0x00,0x00,0x00,0x00,0x00,0x00,0x00,0x00,0x00,0x00,0x00,0x00,0x03,
  0x00,0x00,0x00,0x00,0x01,0x00,0x00,0x00,0x00,0x00,0x00,0x00,0x00,0x00,0x00,0x56,0xf5,0x00,0x00,0x01,0x02,0x00,0x00,0x00,
  0x00,0x01,0x00,0x00,0x00,0x00,0x00,0x00,0x00,0x00,0x00,0x00,0x00,0x00,0x00,0x01,0x01,0x00,0x00,0x00,0x00,0x00,0x00,0x00,
  0x00,0x00,0x00,0x00,0x00,0x01,0x00,0x00,0x00,0x00,0x01,0x00,0x00,0x02,0x00,0x00,0x00,0x00,0x01,0x00,0x00,0x02,0x00,0x00,
  0x00,0x00,0x00,0x00,0x00,0x00,0x00,0x00,0x00,0x00,0x00,0x00,0x00,0x00,0x00,0x00,0x00,0x00,0x00,0x02,0x00,0x00,0x00,0x00,
  0x01,0x00,0x00,0x00,0x00,0x00,0x00,0x00,0x00,0x01,0x00,0x00,0x00,0x00,0x00,0x00,0x00,0x11,0xff,0x45,0x00,0x00,0x00,0x00,
  0x02,0x00,0x00,0x00,0x00,0x00,0x00,0x44,0x70,0x02,0x00,0x00,0x00,0x00,0x00,0x00,0x00,0x00,0x00,0x01,0x00,0x00,0x00,0x00,
  0x00,0x01,0x00,0x02,0x00,0x00,0x00,0x00,0x00,0x00,0x00,0x00,0x00,0x00,0x00,0x00,0x00,0x01,0x00,0x00,0x01,0x00,0x00,0x00,
  0x00,0x00,0x00,0x00,0x1a,0x78,0x1c,0x01,0x00,0x00,0x00,0x00,0x01,0x00,0x00,0x00,0x02,0x02,0x55,0xd9,0xc6,0x7e,0x2c,0x01,
  0x00,0x30,0x76,0x70,0x25,0x00,0x01,0x01,0x00,0x1c,0x6d,0x76,0x1f,0x1a,0x63,0x00,0x06,0x67,0x1b,0x00,0x00,0x00,0x61,0x27,
  0x00,0x00,0x1a,0x6a,0x7b,0x3f,0x00,0x01,0x01,0x4f,0x31,0x00,0x01,0x02,0x00,0x51,0x38,0x24,0x79,0x5f,0x0b,0x00,0x25,0x75,
  0x69,0x13,0x00,0x00,0x06,0x67,0x1b,0x00,0x00,0x00,0x63,0x21,0x21,0xab,0xeb,0x7d,0x54,0x01,0x00,0x1a,0x6a,0x7b,0x3f,0x00,
  0x00,0x00,0x00,0x00,0x00,0x00,0x00,0x00,0x00,0x00,0x00,0x00,0x02,0x00,0x00,0x02,0x00,0x00,0x00,0x00,0x00,0x00,0x00,0x00,
  0x00,0x00,0x01,0x00,0x09,0x5d,0x7c,0x40,0x00,0x01,0x02,0x00,0x1a,0x6a,0x7b,0x3f,0x00,0x00,0x02,0x00,0x1c,0x6d,0x76,0x1e,
  0x1a,0x65,0x00,0x27,0x61,0x00,0x00,0x00,0x1b,0x67,0x04,0x05,0x65,0x17,0x55,0x40,0x01,0x00,0x1a,0x6a,0x7b,0x3f,0x00,0x00,
  0x11,0x59,0x11,0x00,0x01,0x00,0x01,0x00,0x04,0x57,0x7d,0x46,0x00,0x66,0x19,0x09,0xf3,0x30,0x2b,0x7b,0x67,0x13,0x00,0x00,
  0x29,0x5b,0x14,0x69,0x10,0x30,0x3e,0x00,0x08,0x65,0x17,0x55,0x40,0x00,0x02,0x00,0x01,0x00,0x03,0x56,0x7c,0x56,0x03,0x00,
  0x02,0x00,0x1c,0x6d,0x76,0x1f,0x1a,0x63,0x00,0x06,0x66,0x15,0x49,0x7c,0x45,0x00,0x01,0x01,0x00,0x04,0x57,0x7d,0x46,0x00,
  0x66,0x16,0x10,0x55,0x03,0x00,0x09,0x5d,0x7c,0x40,0x00,0x01,0x00,0x00,0x03,0x01,0x6e,0xe9,0xda,0xa7,0x3c,0x00,0x8c,0xf0,
  0xb4,0xbc,0xf1,0x6f,0x00,0x00,0x51,0xf4,0xc9,0xaf,0xca,0xb9,0xec,0x00,0x0f,0xff,0x44,0x00,0x01,0x00,0xf7,0x67,0x00,0x56,
  0xf0,0xc1,0xb3,0xec,0xa8,0x03,0x06,0xfa,0xa2,0x00,0x04,0x04,0x00,0xbd,0xe6,0xbd,0xab,0xe0,0xd0,0x5f,0xd4,0xac,0xd3,0xe6,
  0x28,0x00,0x12,0xff,0x44,0x00,0x01,0x00,0xfa,0x5b,0x2a,0xcc,0xf2,0xac,0x74,0x00,0x54,0xf0,0xc1,0xb3,0xec,0xa7,0x03,0x01,
  0x01,0x00,0x00,0x00,0x00,0x00,0x00,0x00,0x00,0x00,0x00,0x17,0x16,0x00,0x00,0x00,0x00,0x00,0x00,0x00,0x00,0x00,0x00,0x01,
  0x01,0x14,0xce,0xd0,0xb3,0xf9,0x93,0x01,0x00,0x53,0xf0,0xc1,0xb3,0xec,0xa7,0x05,0x00,0x52,0xf4,0xc9,0xaf,0xca,0xb9,0xef,
  0x00,0x63,0xf8,0x00,0x01,0x00,0x44,0xff,0x0b,0x0d,0xfe,0xd1,0xbc,0x56,0x00,0x54,0xf0,0xc1,0xb3,0xec,0xaa,0x00,0x40,0xff,
  0x42,0x00,0x03,0x02,0x01,0x19,0xd2,0xe2,0xac,0xcb,0xac,0xff,0x40,0x04,0xeb,0xab,0xce,0xad,0xd3,0xec,0x3c,0x00,0x63,0xff,
  0xc3,0xb2,0x12,0xa2,0xcf,0x00,0x16,0xfd,0xd1,0xbc,0x54,0x00,0x03,0x02,0x01,0x19,0xd1,0xd5,0xa8,0xd7,0xd5,0x20,0x00,0x53,
  0xf4,0xc9,0xaf,0xcb,0xb9,0xec,0x00,0x11,0xfd,0xcf,0xb9,0xb1,0xfb,0x9b,0x00,0x02,0x19,0xd2,0xe2,0xac,0xcb,0xac,0xff,0x37,
  0x37,0xff,0x0e,0x11,0xcf,0xd0,0xb3,0xf9,0x93,0x00,0x02,0x00,0x00,0x04,0x00,0xb5,0x93,0x00,0x00,0x50,0xff,0x2e,0x00,0x00,
  0x4a,0xff,0x2e,0x09,0xf9,0x7f,0x00,0x00,0x1b,0xe2,0xda,0x00,0x0e,0xf0,0x3e,0x00,0x01,0x00,0xe3,0x57,0x0a,0xf2,0x44,0x00,
  0x00,0x00,0xdf,0x68,0x00,0x25,0x13,0x00,0x01,0x04,0x00,0xae,0xe6,0x11,0x00,0x08,0xdd,0xf7,0x20,0x00,0x00,0xcd,0xae,0x00,
  0x12,0xf0,0x3e,0x00,0x01,0x00,0xe2,0x61,0x00,0x54,0xe4,0x00,0x00,0x16,0xed,0x44,0x00,0x00,0x00,0xdf,0x68,0x00,0x04,0x00,
  0x00,0x00,0x00,0x00,0x00,0x00,0x03,0x00,0x4a,0xee,0xed,0x48,0x00,0x02,0x00,0x00,0x00,0x00,0x00,0x00,0x00,0x04,0x00,0x59,
  0xff,0x00,0x00,0x44,0xc6,0x03,0x13,0xee,0x44,0x00,0x00,0x00,0xe1,0x64,0x07,0xfa,0x7f,0x00,0x00,0x1b,0xe2,0xdc,0x00,0x5a,
  0xe3,0x00,0x01,0x00,0x3e,0xf1,0x0b,0x07,0xfa,0x90,0x00,0x00,0x15,0xed,0x44,0x00,0x00,0x00,0xdf,0x66,0x02,0x2b,0x05,0x00,
  0x00,0x03,0x00,0xb1,0xd1,0x07,0x00,0x00,0x9d,0xfc,0x33,0x02,0xfa,0xcd,0x0f,0x00,0x00,0xa1,0xe6,0x00,0x52,0xfd,0x3b,0x00,
  0x00,0x99,0xb9,0x00,0x10,0xfa,0x90,0x00,0x00,0x00,0x00,0x03,0x00,0xb1,0xc4,0x00,0x00,0x01,0xc2,0x89,0x0a,0xfa,0x7f,0x00,
  0x00,0x1a,0xe2,0xda,0x00,0x0b,0xfa,0x9b,0x00,0x00,0x3d,0xff,0x34,0x00,0xb3,0xd1,0x07,0x00,0x00,0x9d,0xfc,0x2a,0x32,0xf6,
  0x00,0x54,0xff,0x00,0x00,0x44,0xc4,0x06,0x00,0x01,0x00,0x04,0x03,0xbc,0x9c,0x04,0x01,0xae,0xae,0x00,0x07,0x05,0x00,0xce,
  0x7a,0x3c,0xf6,0x04,0x01,0x09,0x00,0x72,0xe8,0x00,0x0e,0xf4,0x40,0x00,0x01,0x01,0xe9,0x4e,0x3a,0xf6,0x86,0x8f,0x93,0x86,
  0xe1,0xbc,0x00,0x00,0x00,0x00,0x00,0x04,0x00,0xbc,0xa0,0x00,0x0b,0x00,0x9b,0xbf,0x00,0x0a,0x00,0x77,0xd7,0x00,0x10,0xf4,
  0x40,0x00,0x01,0x01,0xe6,0x61,0x01,0x63,0xe6,0x07,0x03,0x4e,0xf4,0x86,0x8f,0x93,0x86,0xe1,0xbc,0x00,0x04,0x00,0x00,0x00,
  0x00,0x00,0x00,0x00,0x04,0x00,0xaf,0xff,0xff,0xaf,0x00,0x04,0x00,0x00,0x00,0x00,0x00,0x00,0x00,0x02,0x01,0x1f,0xde,0xb4,
  0x58,0x0b,0x00,0x00,0x4e,0xf4,0x86,0x8f,0x93,0x86,0xe2,0xac,0x3b,0xf6,0x04,0x01,0x09,0x00,0x72,0xeb,0x00,0x5c,0xe7,0x01,
  0x01,0x00,0x40,0xf5,0x0a,0x09,0xf8,0x3d,0x02,0x02,0x4e,0xf4,0x86,0x8f,0x93,0x86,0xe1,0xbd,0x00,0x00,0x00,0x00,0x01,0x00,
  0x08,0xf3,0x4f,0x00,0x09,0x00,0x1a,0xfc,0x38,0x00,0xfd,0x4e,0x00,0x09,0x00,0x1b,0xfe,0x1e,0x53,0xee,0x00,0x05,0x00,0x9b,
  0xbc,0x00,0x12,0xf6,0x3d,0x02,0x05,0x00,0x01,0x00,0x09,0xf2,0x49,0x00,0x08,0x00,0x06,0x0d,0x4f,0xf3,0x04,0x01,0x09,0x00,
  0x72,0xe8,0x00,0x0d,0xf8,0x3e,0x01,0x04,0x00,0xe9,0x5a,0x00,0xf7,0x4f,0x00,0x09,0x00,0x1a,0xfc,0x30,0x32,0xf8,0x09,0x1b,
  0xdf,0xb4,0x58,0x0b,0x00,0x01,0x00,0x00,0x00,0x04,0x00,0xba,0x9c,0x03,0x01,0xb9,0x9e,0x02,0x08,0x07,0x00,0xbf,0x85,0x46,
  0xed,0x00,0x04,0x08,0x03,0x61,0xe8,0x00,0x0e,0xf4,0x3d,0x03,0x04,0x00,0xeb,0x4d,0x44,0xf4,0x99,0xa0,0xa0,0x9e,0x7e,0x4f,
  0x00,0x05,0x02,0x00,0x00,0x04,0x00,0xbb,0x9a,0x01,0x07,0x01,0x9b,0xba,0x01,0x07,0x01,0x76,0xd5,0x00,0x10,0xf4,0x3d,0x03,
  0x04,0x00,0xe8,0x61,0x00,0x60,0xe6,0x07,0x02,0x57,0xf3,0x99,0xa0,0xa0,0x9e,0x7e,0x4f,0x00,0x02,0x00,0x00,0x00,0x00,0x00,
  0x00,0x00,0x03,0x00,0x4f,0xf3,0xf2,0x4e,0x00,0x03,0x00,0x00,0x00,0x00,0x00,0x00,0x00,0x00,0x01,0x00,0x04,0x7e,0xc0,0xde,
  0x63,0x00,0x59,0xf3,0x99,0xa0,0xa0,0x9e,0x80,0x41,0x53,0xeb,0x00,0x04,0x08,0x03,0x61,0xeb,0x00,0x5e,0xe5,0x00,0x04,0x03,
  0x3d,0xf6,0x0a,0x0a,0xf4,0x40,0x00,0x00,0x57,0xf3,0x99,0xa0,0xa0,0x9e,0x7e,0x4f,0x01,0x05,0x01,0x00,0x01,0x00,0x0c,0xf4,
  0x42,0x04,0x08,0x04,0x11,0xf9,0x3a,0x01,0xfa,0x41,0x04,0x08,0x04,0x13,0xf7,0x27,0x51,0xe8,0x01,0x02,0x00,0x9b,0xbc,0x00,
  0x13,0xf3,0x40,0x00,0x03,0x00,0x01,0x00,0x0c,0xf3,0x40,0x04,0x06,0x04,0x00,0x00,0x5b,0xe9,0x00,0x04,0x08,0x03,0x61,0xe7,
  0x00,0x0e,0xf3,0x3f,0x00,0x01,0x01,0xe6,0x59,0x00,0xf8,0x42,0x04,0x08,0x04,0x11,0xfa,0x32,0x32,0xf7,0x12,0x00,0x05,0x7e,
  0xc0,0xde,0x60,0x00,0x02,0x00,0x00,0x04,0x00,0xbe,0x93,0x00,0x00,0x7a,0xe6,0x00,0x00,0x00,0x11,0xfc,0x4a,0x16,0xff,0x3e,
  0x00,0x00,0x00,0xba,0xe3,0x01,0x05,0xf4,0x62,0x00,0x00,0x12,0xfb,0x4d,0x1a,0xfb,0x0d,0x00,0x00,0x00,0x72,0x35,0x00,0x00,
  0x00,0x00,0x00,0x04,0x00,0xb9,0x9a,0x00,0x07,0x00,0x99,0xb9,0x00,0x07,0x00,0x75,0xd3,0x00,0x06,0xf3,0x62,0x00,0x00,0x12,
  0xfa,0x5a,0x00,0x63,0xe3,0x00,0x00,0x29,0xf6,0x0d,0x00,0x00,0x00,0x72,0x35,0x00,0x02,0x00,0x00,0x00,0x00,0x00,0x00,0x00,
  0x00,0x00,0x00,0x1e,0x1d,0x00,0x00,0x00,0x00,0x00,0x00,0x00,0x00,0x00,0x00,0x02,0x00,0x3d,0x58,0x00,0x00,0x5a,0xff,0x04,
  0x26,0xf7,0x0d,0x00,0x00,0x00,0x74,0x2f,0x1f,0xff,0x3e,0x00,0x00,0x00,0xbb,0xe6,0x00,0x47,0xfe,0x0c,0x00,0x00,0x68,0xfd,
  0x07,0x0b,0xf2,0x3f,0x00,0x00,0x29,0xf6,0x0d,0x00,0x00,0x00,0x72,0x34,0x00,0x00,0x00,0x00,0x00,0x02,0x00,0xd4,0x9b,0x00,
  0x00,0x00,0x60,0xfe,0x33,0x00,0xfd,0x98,0x00,0x00,0x00,0x61,0xfc,0x05,0x59,0xe5,0x00,0x02,0x00,0x99,0xba,0x00,0x13,0xf1,
  0x3f,0x00,0x03,0x00,0x00,0x02,0x00,0xd7,0x8c,0x00,0x00,0x00,0x73,0x6b,0x1d,0xff,0x3e,0x00,0x00,0x00,0xba,0xe1,0x00,0x0e,
  0xf1,0x3f,0x00,0x01,0x00,0xe4,0x5d,0x00,0xd7,0x9b,0x00,0x00,0x00,0x60,0xfe,0x2a,0x33,0xf6,0x06,0x3b,0x59,0x00,0x00,0x5a,
  0xfd,0x09,0x00,0x01,0x00,0x04,0x00,0x9f,0xe3,0x53,0x1b,0x0d,0xd6,0xc8,0x5a,0x68,0xe0,0xb3,0x02,0x00,0x92,0xf7,0x74,0x56,
  0xa6,0xe0,0xd6,0x06,0x00,0x8c,0xf8,0x6a,0x5c,0xba,0xff,0x5d,0x00,0x95,0xea,0x6f,0x57,0xba,0xf6,0x26,0x04,0xc5,0x7d,0x00,
  0x03,0x04,0x00,0xc5,0xa3,0x00,0x07,0x00,0xa3,0xc5,0x00,0x07,0x00,0x7c,0xe0,0x00,0x00,0x8b,0xf8,0x6a,0x5c,0xba,0xff,0x5d,
  0x00,0x48,0xff,0x67,0x33,0x00,0x92,0xea,0x6f,0x57,0xba,0xf5,0x26,0x01,0x02,0x00,0x00,0x00,0x00,0x00,0x00,0x00,0x00,0x00,
  0x02,0x00,0x00,0x02,0x00,0x00,0x00,0x00,0x00,0x00,0x00,0x00,0x00,0x03,0x00,0x49,0xff,0x91,0x54,0xbc,0xcc,0x03,0x00,0x91,
  0xea,0x6f,0x57,0xba,0xf5,0x28,0x00,0x96,0xf8,0x74,0x56,0xa5,0xdd,0xd6,0x03,0x09,0xda,0xcf,0x56,0x73,0xe2,0xfd,0x0b,0x0b,
  0xff,0x42,0x00,0x05,0x00,0x91,0xea,0x6f,0x57,0xba,0xf7,0x24,0x2f,0xd4,0x32,0x00,0x02,0x03,0x00,0x42,0xfd,0x9c,0x52,0x88,
  0xd1,0xff,0x3c,0x05,0xf9,0xe2,0x9e,0x54,0x82,0xff,0x76,0x00,0x66,0xf2,0x00,0x02,0x00,0xa3,0xc6,0x00,0x14,0xff,0x42,0x00,
  0x03,0x00,0x00,0x03,0x00,0x47,0xfa,0x8d,0x4e,0x8f,0xff,0x4e,0x00,0x94,0xf7,0x74,0x57,0xa6,0xe4,0xe3,0x00,0x0f,0xff,0x42,
  0x00,0x01,0x00,0xf2,0x65,0x00,0x46,0xfd,0x9c,0x52,0x88,0xd1,0xff,0x33,0x35,0xff,0x04,0x44,0xff,0x91,0x54,0xbc,0xcd,0x03,
  0x01,0x01,0x00,0x01,0x00,0x1d,0xa8,0xcd,0x45,0x00,0x11,0x8b,0xc9,0xc3,0x72,0x01,0x00,0x02,0x00,0x69,0xc6,0xc6,0x67,0x5c,
  0xe6,0x01,0x00,0x01,0x75,0xcb,0xb7,0x4c,0xa9,0x4a,0x01,0x00,0x63,0xbe,0xcb,0x9a,0x19,0x00,0x04,0xab,0x6e,0x00,0x03,0x03,
  0x00,0x8f,0x76,0x00,0x05,0x00,0x76,0x8f,0x00,0x05,0x00,0x5a,0xa2,0x00,0x01,0x01,0x75,0xcb,0xb7,0x4c,0xa9,0x4a,0x00,0x05,
  0x7c,0xcf,0x88,0x01,0x00,0x63,0xbe,0xcb,0x9a,0x18,0x00,0x01,0x00,0x00,0x00,0x00,0x00,0x00,0x00,0x00,0x00,0x00,0x00,0x02,
  0x02,0x00,0x00,0x00,0x00,0x00,0x00,0x00,0x00,0x00,0x00,0x00,0x01,0x00,0x40,0xb3,0xcc,0x9e,0x1b,0x00,0x02,0x00,0x63,0xbe,
  0xcb,0x9a,0x18,0x00,0x03,0x00,0x63,0xc7,0xc8,0x69,0x58,0xe6,0x02,0x00,0x1d,0xa0,0xcd,0x9a,0x4f,0xb4,0x0a,0x08,0xbb,0x30,
  0x00,0x03,0x02,0x00,0x63,0xbe,0xcb,0x9a,0x1a,0x00,0x2c,0xba,0x2b,0x00,0x02,0x00,0x01,0x00,0x3a,0xb2,0xcc,0x99,0x24,0xb5,
  0x2f,0x02,0xb9,0x37,0x7f,0xca,0xbf,0x56,0x00,0x00,0x48,0xaf,0x00,0x02,0x00,0x76,0x8f,0x00,0x0e,0xba,0x30,0x00,0x02,0x00,
  0x00,0x00,0x01,0x00,0x3a,0xaf,0xca,0xad,0x35,0x00,0x03,0x00,0x68,0xc5,0xc6,0x67,0x45,0xb0,0x00,0x0b,0xba,0x30,0x00,0x01,
  0x00,0xaf,0x47,0x00,0x00,0x3a,0xb2,0xcc,0x99,0x24,0xb7,0x28,0x26,0xbc,0x0e,0x00,0x41,0xb3,0xcc,0x9e,0x1b,0x00,0x01,0x00,
  0x00,0x00,0x00,0x00,0x00,0x00,0x00,0x01,0x00,0x00,0x00,0x00,0x00,0x00,0x00,0x00,0x00,0x00,0x00,0x00,0x00,0x5d,0xe6,0x00,
  0x00,0x01,0x00,0x00,0x00,0x00,0x00,0x00,0x00,0x01,0x00,0x00,0x00,0x00,0x00,0x01,0x00,0x00,0x00,0x00,0x00,0x00,0x00,0x00,
  0x00,0x00,0x00,0x00,0x00,0x00,0x00,0x00,0x00,0x00,0x00,0x00,0x00,0x00,0x00,0x00,0x00,0x00,0x00,0x00,0x00,0x00,0x00,0x00,
  0x00,0x00,0x00,0x00,0x00,0x00,0x00,0x00,0x01,0x00,0x00,0x00,0x00,0x00,0x00,0x00,0x00,0x00,0x00,0x00,0x00,0x00,0x00,0x00,
  0x00,0x00,0x00,0x00,0x00,0x00,0x00,0x00,0x00,0x00,0x00,0x01,0x00,0x00,0x00,0x00,0x00,0x00,0x00,0x01,0x00,0x00,0x00,0x00,
  0x00,0x01,0x01,0x5b,0x05,0x00,0x00,0x00,0x7a,0xda,0x00,0x02,0x00,0x00,0x00,0x00,0x00,0x00,0x00,0x00,0x00,0x00,0x00,0x00,
  0x00,0x01,0x00,0x00,0x00,0x00,0x00,0x01,0x00,0x00,0x00,0x00,0x00,0x00,0x00,0x02,0x00,0x00,0x00,0x00,0x00,0x00,0x00,0x00,
  0x00,0x00,0x00,0x00,0x00,0x00,0x01,0x00,0x00,0x00,0x00,0x00,0x00,0x00,0x00,0x00,0x00,0x00,0x00,0x00,0x00,0x00,0x00,0x00,
  0x00,0x02,0x00,0x00,0x00,0x00,0x00,0x02,0x00,0x00,0x00,0x00,0x00,0x00,0x00,0x00,0x00,0x00,0x00,0x00,0x00,0x00,0x00,0x00,
  0x00,0x00,0x02,0x00,0x00,0x00,0x00,0x00,0x00,0x00,0x00,0x00,0x00,0x01,0x00,0x00,0x00,0x00,0x00,0x00,0x00,0x00,0x00,0x00,
  0x00,0x01,0x03,0x02,0x01,0x00,0x01,0x04,0x02,0x02,0x03,0x01,0x00,0x00,0x00,0x03,0x02,0x06,0x03,0x60,0xe9,0x00,0x00,0x01,
  0x03,0x02,0x03,0x03,0x02,0x01,0x00,0x00,0x03,0x03,0x02,0x03,0x02,0x00,0x00,0x03,0x02,0x00,0x00,0x00,0x00,0x02,0x01,0x00,
  0x00,0x00,0x01,0x02,0x00,0x00,0x00,0x01,0x02,0x00,0x00,0x00,0x03,0x02,0x03,0x03,0x02,0x01,0x00,0x00,0x03,0x02,0x01,0x00,
  0x00,0x03,0x03,0x02,0x03,0x02,0x00,0x00,0x00,0x00,0x00,0x00,0x00,0x00,0x00,0x00,0x00,0x00,0x00,0x00,0x00,0x00,0x00,0x00,
  0x00,0x00,0x00,0x00,0x00,0x00,0x00,0x00,0x00,0x00,0x03,0x03,0x02,0x03,0x01,0x00,0x00,0x00,0x03,0x03,0x02,0x03,0x02,0x03,
  0x00,0xb7,0xe0,0x39,0x16,0x4e,0xf9,0x6b,0x00,0x04,0x01,0x03,0x02,0x03,0x02,0x02,0x00,0x00,0x02,0x01,0x00,0x00,0x00,0x00,
  0x03,0x03,0x02,0x03,0x02,0x00,0x01,0x03,0x01,0x00,0x00,0x00,0x00,0x00,0x03,0x03,0x02,0x03,0x02,0x02,0x01,0x00,0x02,0x01,
  0x03,0x02,0x03,0x03,0x00,0x00,0x01,0x02,0x00,0x00,0x00,0x01,0x02,0x00,0x00,0x02,0x01,0x00,0x00,0x00,0x00,0x00,0x00,0x00,
  0x03,0x03,0x02,0x03,0x02,0x00,0x00,0x00,0x03,0x02,0x02,0x03,0x01,0x02,0x00,0x00,0x02,0x01,0x00,0x00,0x00,0x02,0x01,0x00,
  0x00,0x03,0x03,0x02,0x03,0x02,0x02,0x00,0x00,0x02,0x00,0x00,0x03,0x03,0x02,0x03,0x01,0x00,0x00,0x00,0x00,0x00,0x00,0x00,
  0x00,0x00,0x00,0x00,0x00,0x00,0x00,0x00,0x00,0x00,0x00,0x00,0x00,0x00,0x00,0x04,0x00,0x5b,0xde,0x00,0x00,0x01,0x00,0x00,
  0x00,0x00,0x00,0x00,0x00,0x00,0x00,0x00,0x00,0x00,0x00,0x00,0x00,0x00,0x00,0x00,0x00,0x00,0x00,0x00,0x00,0x00,0x00,0x00,
  0x00,0x00,0x00,0x00,0x00,0x00,0x00,0x00,0x00,0x00,0x00,0x00,0x00,0x00,0x00,0x00,0x00,0x00,0x00,0x00,0x00,0x00,0x00,0x00,
  0x00,0x00,0x00,0x00,0x00,0x00,0x00,0x00,0x00,0x00,0x00,0x00,0x00,0x00,0x00,0x00,0x00,0x00,0x00,0x00,0x00,0x00,0x00,0x00,
  0x00,0x00,0x00,0x00,0x00,0x00,0x00,0x00,0x00,0x00,0x00,0x00,0x00,0x00,0x00,0x00,0x00,0x00,0x00,0x00,0x00,0x01,0x01,0x09,
  0x99,0xde,0xde,0xde,0x77,0x00,0x01,0x00,0x00,0x00,0x00,0x00,0x00,0x00,0x00,0x00,0x00,0x00,0x00,0x00,0x00,0x00,0x00,0x00,
  0x00,0x00,0x00,0x00,0x00,0x00,0x00,0x00,0x00,0x00,0x00,0x00,0x00,0x00,0x00,0x00,0x00,0x00,0x00,0x00,0x00,0x00,0x00,0x00,
  0x00,0x00,0x00,0x00,0x00,0x00,0x00,0x00,0x00,0x00,0x00,0x00,0x00,0x00,0x00,0x00,0x00,0x00,0x00,0x00,0x00,0x00,0x00,0x00,
  0x00,0x00,0x00,0x00,0x00,0x00,0x00,0x00,0x00,0x00,0x00,0x00,0x00,0x00,0x00,0x00,0x00,0x00,0x00,0x00,0x00,0x00,0x00,0x00,
  0x00,0x00,0x00,0x00,0x00,0x00,0x00,0x00,0x00,0x00,0x00,0x00,0x00,0x00,0x00,0x00,0x00,0x00,0x00,0x00,0x00,0x00,0x00,0x00,
  0x00,0x00,0x00,0x00,0x00,0x00,0x00,0x00,0x00,0x00,0x00,0x00,0x00,0x00,0x00,0x08,0x14,0x00,0x00,0x00,0x00,0x00,0x00,0x00,
  0x00,0x00,0x00,0x00,0x00,0x00,0x00,0x00,0x00,0x00,0x00,0x00,0x00,0x00,0x00,0x00,0x00,0x00,0x00,0x00,0x00,0x00,0x00,0x00,
  0x00,0x00,0x00,0x00,0x00,0x00,0x00,0x00,0x00,0x00,0x00,0x00,0x00,0x00,0x00,0x00,0x00,0x00,0x00,0x00,0x00,0x00,0x00,0x00,
  0x00,0x00,0x00,0x00,0x00,0x00,0x00,0x00,0x00,0x00,0x00,0x00,0x00,0x00,0x00,0x00,0x00,0x00,0x00,0x00,0x00,0x00,0x00,0x00,
  0x00,0x00,0x00,0x00,0x00,0x00,0x00,0x00,0x00,0x00,0x00,0x00,0x00,0x00,0x00,0x00,0x00,0x00,0x00,0x00,0x00,0x00,0x00,0x0a,
  0x1b,0x05,0x00,0x01,0x00,0x00,0x00,0x00,0x00,0x00,0x00,0x00,0x00,0x00,0x00,0x00,0x00,0x00,0x00,0x00,0x00,0x00,0x00,0x00,
  0x00,0x00,0x00,0x00,0x00,0x00,0x00,0x00,0x00,0x00,0x00,0x00,0x00,0x00,0x00,0x00,0x00,0x00,0x00,0x00,0x00,0x00,0x00,0x00,
  0x00,0x00,0x00,0x00,0x00,0x00,0x00,0x00,0x00,0x00,0x00,0x00,0x00,0x00,0x00,0x00,0x00,0x00,0x00,0x00,0x00,0x00,0x00,0x00,
  0x00,0x00,0x00,0x00,0x00,0x00,0x00,0x00,0x00,0x00,0x00,0x00,0x00,0x00,0x00,0x00,0x00,0x00,0x00,0x00,0x00,0x00,0x00,0x00,
  0x00,0x00,0x00,0x00,0x00,0x00,0x00,0x00,0x00,0x00,0x00,0x00,0x00,0x00,0x00,0x00,0x00,0x00,0x00,0x00,0x00,0x00,0x00,0x00,
  0x00,0x00,0x00,0x00,0x00,0x00,0x00,0x00,0x00,0x00,0x00,0x00,0x00,0x00,0x00,0x00,0x00,0x00,0x00,0x00,0x00,0x00,0x00,0x00,
  0x00,0x00,0x00,0x00,0x00,0x00,0x00,0x00,0x00,0x00,0x00,0x00,0x00,0x00,0x00,0x00,0x00,0x00,0x00,0x00,0x00,0x00,0x00,0x00,
  0x00,0x00,0x00,0x00,0x00,0x00,0x00,0x00,0x00,0x00,0x00,0x00,0x00,0x00,0x00,0x00,0x00,0x00,0x00,0x00,0x00,0x00,0x00,0x00,
  0x00,0x00,0x00,0x00,0x00,0x00,0x00,0x00,0x00,0x00,0x00,0x00,0x00,0x00,0x00,0x00,0x00,0x00,0x00,0x00,0x00,0x00,0x00,0x00,
  0x00,0x00,0x00,0x00,0x00,0x00,0x00,0x00,0x00,0x00,0x00,0x00,0x00,0x00,0x00,0x00,0x00,0x00,0x00,0x01,0x03,0x00,0x00,0x00,
  0x03,0x00,0x00,0x00,0x00,0x00,0x00,0x00,0x00,0x00,0x00,0x00,0x00,0x00,0x00,0x00,0x00,0x00,0x00,0x00,0x00,0x00,0x00,0x00,
  0x00,0x00,0x00,0x00,0x00,0x00,0x00,0x00,0x00,0x00,0x00,0x00,0x00,0x00,0x00,0x00,0x00,0x00,0x00,0x00,0x00,0x00,0x00,0x00,
  0x00,0x00,0x00,0x00,0x00,0x00,0x00,0x00,0x00,0x00,0x00,0x00,0x00,0x00,0x00,0x00,0x00,0x00,0x00,0x00,0x00,0x00,0x00,0x00,
  0x00,0x00,0x00,0x00,0x00,0x00,0x00,0x00,0x00,0x00,0x00,0x00,0x00,0x00,0x00,0x00,0x00,0x00,0x00,0x00,0x00,0x00,0x00,0x00,
  0x00,0x00,0x00,0x00,0x00,0x00,0x00,0x00,0x00,0x00,0x00,0x00,0x00,0x00,
};
const lv_img_dsc_t txt_grp_hint = {
  .header.cf = LV_IMG_CF_ALPHA_8BIT,
  .header.always_zero = 0,
  .header.reserved = 0,
  .header.w = 238,
  .header.h = 17,
  .data_size = 4046,
  .data = txt_grp_hint_map,
};

static const uint8_t txt_grp_all_btn_map[] = {
  0x00,0x00,0x00,0x00,0x00,0x00,0x00,0x00,0x00,0x00,0x00,0x00,0x00,0x00,0x00,0x00,0x00,0x00,0x00,0x00,0x00,0x00,0x00,0x00,
  0x00,0x00,0x00,0x03,0x05,0x00,0x00,0x00,0x00,0x00,0x00,0x00,0x00,0x00,0x00,0x00,0x00,0x00,0x00,0x00,0x00,0x00,0x00,0x00,
  0x00,0x00,0x00,0x00,0x00,0x00,0x00,0x00,0x00,0x00,0x00,0x00,0x00,0x00,0x00,0x00,0x00,0x00,0x00,0x00,0x00,0x00,0x00,0x00,
  0x00,0x00,0x00,0x00,0x00,0x00,0x00,0x00,0x00,0x00,0x00,0x00,0x00,0x00,0x00,0x00,0x00,0x00,0x00,0x00,0x00,0x00,0x00,0x00,
  0x00,0x00,0x00,0x00,0x00,0x00,0x00,0x00,0x00,0x00,0x00,0x00,0x00,0x00,0x00,0x00,0x00,0x00,0x00,0x00,0x00,0x00,0x00,0x00,
  0x00,0x00,0x00,0x00,0x00,0x00,0x00,0x00,0x00,0x00,0x00,0x01,0x00,0x00,0x00,0x00,0x00,0x00,0x00,0x00,0x00,0x00,0x00,0x00,
  0x00,0x00,0x00,0x00,0x00,0x05,0x03,0x00,0x00,0x00,0x00,0x01,0x00,0x00,0x00,0x00,0x00,0x00,0x00,0x00,0x00,0x01,0x00,0x00,
  0x00,0x00,0x00,0x00,0x00,0x00,0x00,0x00,0x05,0x03,0x00,0x00,0x00,0x00,0x00,0x00,0x00,0x00,0x00,0x00,0x00,0x00,0x00,0x00,
  0x00,0x00,0x00,0x00,0x00,0x00,0x00,0x01,0x05,0x02,0x00,0x00,0x00,0x00,0x00,0x00,0x00,0x00,0x00,0x00,0x00,0x00,0x00,0x00,
  0x00,0x00,0x00,0x00,0x00,0x00,0x00,0x00,0x00,0x00,0x00,0x00,0x00,0x00,0x00,0x00,0x00,0x00,0x00,0x00,0x00,0x00,0x00,0x00,
  0x00,0x00,0x00,0x00,0x00,0x00,0x00,0x00,0x00,0x00,0x00,0x00,0x00,0x00,0x00,0x00,0x00,0x01,0x01,0x01,0x01,0x01,0x01,0x01,
  0x00,0x00,0x00,0x00,0x00,0x00,0x00,0x00,0x00,0x00,0x00,0x00,0x00,0x00,0x00,0x00,0x00,0x00,0x00,0x00,0x00,0x00,0x00,0x00,
  0x00,0x00,0x00,0x00,0x00,0x00,0x00,0x00,0x00,0x00,0x00,0x00,0x00,0x00,0x00,0x00,0x00,0x00,0x00,0x00,0x00,0x00,0x00,0x00,
  0x00,0x00,0x00,0x00,0x00,0x00,0x00,0x00,0x00,0x00,0x00,0x00,0x00,0x00,0x00,0x00,0x00,0x00,0x00,0x00,0x00,0x00,0x00,0x00,
  0x00,0x00,0x00,0x00,0x00,0x00,0x00,0x00,0x00,0x00,0x00,0x00,0x00,0x00,0x00,0x00,0x00,0x00,0x00,0x00,0x00,0x00,0x00,0x00,
  0x00,0x00,0x00,0x00,0x00,0x00,0x00,0x00,0x18,0x00,0x00,0x00,0x00,0x00,0x00,0x00,0x00,0x00,0x00,0x00,0x00,0x01,0x00,0x06,
  0x13,0x00,0x00,0x00,0x00,0x00,0x00,0x00,0x00,0x00,0x00,0x00,0x00,0x00,0x00,0x00,0x00,0x00,0x00,0x00,0x00,0x01,0x00,0x06,
  0x13,0x00,0x00,0x00,0x00,0x00,0x00,0x00,0x00,0x00,0x00,0x00,0x13,0x06,0x00,0x01,0x00,0x00,0x00,0x00,0x00,0x00,0x00,0x00,
  0x00,0x00,0x00,0x00,0x00,0x00,0x00,0x00,0x00,0x00,0x00,0x00,0x00,0x00,0x00,0x00,0x00,0x00,0x00,0x00,0x00,0x00,0x00,0x00,
  0x00,0x00,0x00,0x00,0x00,0x00,0x00,0x00,0x00,0x00,0x00,0x00,0x00,0x00,0x00,0x00,0x00,0x00,0x00,0x00,0x00,0x00,0x00,0x00,
  0x00,0x00,0x00,0x00,0x00,0x00,0x00,0x00,0x00,0x00,0x00,0x00,0x01,0x01,0x00,0x00,0x00,0x00,0x00,0x00,0x00,0x00,0x00,0x00,
  0x00,0x00,0x00,0x00,0x00,0x00,0x00,0x00,0x00,0x00,0x00,0x00,0x00,0x00,0x00,0x00,0x00,0x00,0x00,0x01,0x00,0x00,0x00,0x00,
  0x00,0x00,0x00,0x00,0x01,0x02,0x00,0x4d,0x72,0x0c,0x00,0x01,0x00,0x00,0x00,0x01,0x00,0x00,0x00,0x00,0x00,0x00,0x00,0x01,
  0x00,0x00,0x00,0x00,0x00,0x00,0x00,0x00,0x00,0x00,0x00,0x00,0x01,0x00,0x00,0x00,0x00,0x00,0x00,0x00,0x00,0x01,0x00,0x00,
  0x00,0x00,0x00,0x00,0x00,0x00,0x00,0x00,0x00,0x01,0x00,0x00,0x00,0x00,0x00,0x00,0x00,0x00,0x01,0x00,0x00,0x00,0x01,0x00,
  0x00,0x00,0x01,0x00,0x00,0x01,0x00,0x00,0x00,0x00,0x00,0x00,0x00,0x00,0x01,0x00,0x00,0x00,0x01,0x04,0x00,0x79,0xf7,0x79,
  0x00,0x04,0x00,0x00,0x01,0x00,0x00,0x00,0x00,0x00,0x01,0x01,0x06,0xc4,0xf1,0x33,0x00,0x03,0x00,0x00,0x00,0x01,0x00,0x00,
  0x00,0x00,0x00,0x00,0x00,0x00,0x01,0x00,0x06,0x71,0x55,0x01,0x08,0xc5,0xf1,0x33,0x01,0x03,0x00,0x00,0x00,0x00,0x00,0x03,
  0x00,0x33,0xf1,0xc5,0x06,0x01,0x01,0x00,0x00,0x01,0x00,0x06,0x71,0x55,0x00,0x01,0x01,0x00,0x00,0x00,0x00,0x00,0x01,0x00,
  0x00,0x00,0x00,0x00,0x01,0x00,0x00,0x00,0x01,0x02,0x00,0x24,0x72,0x2d,0x00,0x02,0x01,0x00,0x00,0x00,0x00,0x00,0x00,0x00,
  0x00,0x01,0x00,0x00,0x00,0x00,0x00,0x00,0x00,0x00,0x01,0x00,0x00,0x00,0x00,0x00,0x00,0x01,0x00,0x00,0x01,0x00,0x00,0x00,
  0x00,0x00,0x00,0x00,0x00,0x00,0x00,0x00,0x00,0x00,0x00,0x01,0x00,0x00,0x00,0x00,0x00,0x00,0x03,0x00,0x49,0xdb,0xd8,0xd0,
  0xcb,0xd9,0xdc,0xce,0x0e,0x00,0x03,0x03,0x00,0x00,0x02,0x03,0x00,0x00,0x00,0x00,0x03,0x02,0x00,0x06,0x03,0xba,0xff,0x1d,
  0x00,0x02,0x02,0x03,0x00,0x00,0x02,0x03,0x00,0x00,0x00,0x03,0x02,0x00,0x00,0x03,0x01,0x00,0x00,0x00,0x00,0x00,0x00,0x01,
  0x04,0x01,0x00,0x01,0x04,0x01,0x00,0x00,0x00,0x04,0x01,0x00,0x01,0x03,0x00,0x00,0x00,0x00,0x00,0x00,0x00,0x03,0x02,0x00,
  0x00,0x03,0x01,0x00,0x00,0x00,0x03,0x02,0x00,0x01,0x03,0x00,0x00,0x00,0x00,0x00,0x00,0x03,0x02,0x00,0x01,0x03,0x00,0x00,
  0x00,0x00,0x03,0x02,0x00,0x01,0x03,0x00,0x00,0x04,0x00,0x81,0xfd,0x80,0x00,0x04,0x04,0x01,0x00,0x01,0x03,0x00,0x00,0x00,
  0x01,0x01,0x07,0xce,0xf8,0x37,0x00,0x02,0x00,0x04,0x01,0x00,0x02,0x02,0x00,0x00,0x00,0x01,0x04,0x00,0x00,0x03,0x10,0xff,
  0xcd,0x00,0x08,0xce,0xf8,0x37,0x00,0x02,0x01,0x00,0x00,0x00,0x01,0x02,0x00,0x37,0xf8,0xce,0x07,0x01,0x02,0x04,0x00,0x00,
  0x03,0x10,0xff,0xcc,0x00,0x02,0x00,0x00,0x00,0x00,0x00,0x00,0x00,0x00,0x00,0x00,0x02,0x03,0x00,0x00,0x04,0x01,0x00,0x04,
  0x00,0x57,0xff,0x6c,0x00,0x04,0x00,0x01,0x03,0x00,0x00,0x03,0x01,0x02,0x03,0x00,0x00,0x04,0x01,0x00,0x00,0x00,0x03,0x02,
  0x00,0x00,0x03,0x01,0x00,0x00,0x00,0x00,0x03,0x02,0x00,0x01,0x03,0x00,0x02,0x00,0x97,0xca,0x0a,0x00,0x01,0x00,0x01,0x04,
  0x01,0x00,0x01,0x03,0x00,0x00,0x00,0x00,0x03,0x00,0x37,0xa8,0x9f,0xea,0xff,0xaf,0xa4,0x9b,0x0a,0x02,0x00,0x00,0x00,0x00,
  0x00,0x00,0x02,0x00,0x00,0x01,0x00,0x00,0x00,0x00,0x00,0xaa,0xfa,0x1b,0x00,0x04,0x00,0x00,0x00,0x00,0x00,0x00,0x02,0x00,
  0x01,0x00,0x00,0x00,0x00,0x00,0x00,0x00,0x00,0x00,0x00,0x00,0x00,0x00,0x00,0x00,0x00,0x00,0x00,0x00,0x01,0x00,0x00,0x00,
  0x00,0x00,0x00,0x00,0x01,0x00,0x00,0x00,0x00,0x00,0x01,0x00,0x00,0x00,0x00,0x00,0x00,0x01,0x00,0x01,0x00,0x00,0x00,0x00,
  0x00,0x01,0x01,0x00,0x00,0x01,0x01,0x00,0x00,0x00,0x00,0x00,0x00,0x00,0x00,0x01,0x00,0x00,0x00,0x00,0x00,0x01,0x01,0x00,
  0x00,0x00,0x24,0x00,0x00,0x00,0x00,0x00,0x00,0x00,0x00,0x01,0x00,0x00,0x00,0x01,0x00,0x0d,0x1e,0x00,0x00,0x02,0x00,0x00,
  0x00,0x00,0x00,0x00,0x01,0x00,0x01,0x00,0x00,0x00,0x00,0x00,0x04,0xfa,0xba,0x00,0x00,0x0d,0x1d,0x00,0x05,0x01,0x00,0x00,
  0x00,0x00,0x00,0x00,0x04,0x00,0x1e,0x0d,0x00,0x02,0x00,0x00,0x00,0x00,0x00,0x04,0xfa,0xba,0x00,0x02,0x01,0x01,0x00,0x00,
  0x00,0x01,0x01,0x00,0x00,0x02,0x00,0x00,0x00,0x00,0x00,0x00,0x01,0x04,0x00,0x50,0xfb,0x62,0x00,0x04,0x01,0x00,0x00,0x00,
  0x00,0x00,0x00,0x00,0x00,0x00,0x00,0x00,0x00,0x00,0x00,0x01,0x00,0x00,0x00,0x00,0x00,0x00,0x01,0x00,0x01,0x01,0x00,0x00,
  0x00,0x00,0x00,0x00,0x02,0x00,0xc6,0xff,0x0b,0x00,0x01,0x01,0x00,0x00,0x00,0x00,0x00,0x00,0x00,0x00,0x00,0x00,0x00,0x00,
  0x00,0x00,0x00,0xa6,0xfc,0x0b,0x00,0x00,0x00,0x00,0x1d,0x92,0xde,0xea,0xba,0x4d,0x00,0x01,0x01,0x00,0x56,0xc2,0xeb,0xcc,
  0x4d,0xa9,0xff,0x1b,0x00,0x00,0x1d,0x92,0xde,0xea,0xba,0x4d,0x00,0x03,0x00,0x3e,0xb5,0xe8,0xdc,0x85,0x08,0x01,0x01,0x00,
  0x00,0x01,0x00,0x04,0x6c,0xcc,0xeb,0xd0,0x75,0x08,0x00,0x01,0x01,0x6a,0xcc,0xea,0xc6,0x58,0x00,0x01,0x00,0x00,0x00,0x02,
  0x00,0x52,0xbf,0xeb,0xdb,0x8a,0x10,0x00,0x02,0x00,0x56,0xc2,0xeb,0xce,0x4d,0x90,0xdd,0x1b,0x00,0x98,0xdb,0x5c,0xc1,0xec,
  0xc8,0x63,0x00,0x01,0x01,0x00,0x56,0xc2,0xeb,0xce,0x4d,0x90,0xdd,0x1b,0x00,0x58,0xd4,0x46,0x00,0x03,0x6a,0xcc,0xea,0xc6,
  0x58,0x00,0x01,0x00,0x00,0x02,0x00,0xa1,0xd5,0x08,0x08,0xdb,0xa6,0x6e,0xd8,0xe9,0xb0,0x38,0x00,0x02,0x00,0x0b,0x7f,0xd8,
  0xea,0xab,0x35,0xf8,0xbf,0x00,0x01,0xa1,0xd5,0x03,0x91,0xdc,0x23,0x00,0x05,0x00,0x6c,0xdf,0x39,0x0c,0xd6,0x92,0x00,0x01,
  0x0b,0x7f,0xd8,0xea,0xab,0x35,0xf8,0xc2,0x00,0x48,0xdc,0x56,0x00,0x06,0x00,0x56,0xdc,0x46,0x00,0x00,0x2d,0xa5,0xe7,0xe1,
  0x7b,0x4e,0xdc,0x5b,0x00,0x54,0xff,0x67,0x00,0x4b,0xdc,0x71,0x99,0xe8,0xdd,0x8a,0x09,0x21,0xae,0xe9,0xd9,0x82,0x0a,0x00,
  0x02,0x00,0x52,0xbf,0xeb,0xdc,0x8b,0x12,0x00,0x00,0x97,0xdb,0x5c,0xc1,0xec,0xc8,0x63,0x01,0x00,0x9f,0xf9,0xf8,0xee,0xdf,
  0x10,0x00,0x0a,0x7b,0xd4,0xeb,0xc9,0x61,0x00,0x01,0x00,0x00,0x00,0x00,0x01,0x07,0x03,0xae,0xff,0x1e,0x03,0x07,0x01,0x24,
  0xe4,0xff,0xa9,0x97,0xe6,0xff,0x73,0x00,0x00,0x72,0xff,0xeb,0x98,0xac,0xf6,0xf2,0xf7,0x21,0x00,0x25,0xe4,0xff,0xa9,0x97,
  0xe6,0xff,0x75,0x00,0x2b,0xf6,0xeb,0x97,0xbf,0xff,0xb1,0x01,0x03,0x00,0x00,0x02,0x04,0xad,0xff,0xc6,0x92,0xc3,0xff,0xbb,
  0x0a,0x00,0x6e,0xff,0xc5,0x97,0xe8,0xff,0x5b,0x00,0x03,0x00,0x03,0x00,0x70,0xff,0xdb,0x93,0xb3,0xff,0xe0,0x19,0x00,0x74,
  0xff,0xeb,0x98,0xab,0xf5,0xf6,0xff,0x24,0x00,0xb1,0xff,0xfb,0xae,0x95,0xe8,0xff,0x6e,0x00,0x00,0x72,0xff,0xeb,0x98,0xab,
  0xf5,0xf6,0xff,0x24,0x00,0x6a,0xff,0x57,0x00,0x71,0xff,0xc5,0x97,0xe8,0xff,0x5b,0x00,0x03,0x00,0x02,0x00,0xc5,0xff,0x08,
  0x0c,0xf7,0xff,0xeb,0x99,0xa5,0xff,0xf4,0x2b,0x01,0x09,0xbd,0xff,0xc8,0x92,0xca,0xf8,0xfc,0xbb,0x00,0x00,0xc5,0xff,0x00,
  0x4d,0xff,0x7a,0x00,0x03,0x02,0xdd,0xf2,0x07,0x19,0xff,0xb4,0x00,0x0a,0xbd,0xff,0xc8,0x92,0xca,0xf8,0xfc,0xbf,0x00,0x56,
  0xff,0x67,0x00,0x07,0x00,0x67,0xff,0x56,0x00,0x32,0xf0,0xff,0xab,0x99,0xe9,0xf1,0xff,0x6e,0x00,0x55,0xff,0x68,0x00,0x5b,
  0xff,0xff,0xcd,0x90,0xc4,0xff,0xc2,0xe2,0xc6,0x8e,0xcb,0xff,0xac,0x02,0x00,0x72,0xff,0xdc,0x94,0xad,0xff,0xd2,0x13,0x00,
  0xb1,0xff,0xfb,0xae,0x95,0xe8,0xff,0x70,0x00,0x5e,0xe4,0xfb,0x92,0x83,0x0a,0x06,0xbd,0xff,0xba,0x92,0xca,0xff,0x8f,0x00,
  0x02,0x00,0x00,0x00,0x00,0x04,0x00,0xad,0xff,0x1b,0x00,0x04,0x00,0xad,0xff,0x40,0x00,0x00,0x09,0xcb,0xfd,0x1a,0x12,0xfa,
  0xd7,0x12,0x00,0x00,0x40,0xfb,0xf7,0x21,0x00,0xaf,0xff,0x40,0x00,0x00,0x09,0xcb,0xfe,0x13,0x48,0xff,0x78,0x00,0x00,0x83,
  0x98,0x03,0x00,0x01,0x04,0x00,0x55,0xff,0x8c,0x00,0x00,0x00,0x7f,0xff,0x6c,0x00,0xb2,0xff,0x24,0x00,0x11,0xa1,0x63,0x00,
  0x03,0x01,0x00,0x18,0xfa,0xcd,0x04,0x00,0x00,0x62,0xbc,0x3d,0x12,0xfb,0xd7,0x12,0x00,0x00,0x41,0xfa,0xf5,0x22,0x00,0xa8,
  0xfd,0x5f,0x00,0x00,0x18,0xed,0xe1,0x00,0x18,0xf9,0xd7,0x12,0x00,0x00,0x41,0xfa,0xf5,0x22,0x00,0x65,0xfd,0x55,0x00,0xb2,
  0xff,0x24,0x00,0x11,0xa1,0x63,0x00,0x03,0x00,0x02,0x00,0xbd,0xfc,0x08,0x0a,0xf2,0xed,0x1a,0x00,0x00,0x5d,0xff,0x90,0x00,
  0x61,0xff,0x91,0x00,0x00,0x00,0x8b,0xff,0xb6,0x00,0x00,0xbd,0xfc,0x0b,0x03,0xe5,0xdb,0x04,0x00,0x37,0xff,0x86,0x00,0x1f,
  0xfd,0xaf,0x00,0x61,0xff,0x91,0x00,0x00,0x00,0x8b,0xff,0xb9,0x00,0x52,0xfd,0x63,0x00,0x07,0x00,0x63,0xfd,0x53,0x00,0xb8,
  0xff,0x46,0x00,0x00,0x0d,0xcf,0xfd,0x69,0x00,0x55,0xff,0x68,0x00,0x55,0xfd,0xae,0x00,0x00,0x00,0xab,0xff,0xa4,0x00,0x00,
  0x00,0xbd,0xff,0x24,0x0f,0xfb,0xb6,0x00,0x00,0x00,0x34,0xff,0x7d,0x00,0xaa,0xfd,0x5f,0x00,0x00,0x18,0xed,0xe0,0x06,0x00,
  0xb9,0xfd,0x00,0x00,0x00,0x5d,0xff,0x61,0x00,0x00,0x00,0x89,0xff,0x29,0x00,0x02,0x00,0x00,0x00,0x04,0x00,0xad,0xff,0x1b,
  0x00,0x00,0x08,0xf3,0xce,0x00,0x04,0x08,0x00,0x5d,0xff,0x4a,0x39,0xff,0x72,0x00,0x08,0x05,0x00,0xbb,0xff,0x19,0x03,0xf5,
  0xce,0x00,0x04,0x08,0x00,0x5d,0xff,0x56,0x0b,0xcf,0xff,0xc3,0x6f,0x12,0x00,0x00,0x00,0x00,0x04,0x00,0xa1,0xfd,0x24,0x01,
  0x08,0x01,0x13,0xfd,0xb6,0x00,0x47,0xf4,0xf5,0xa6,0x4d,0x00,0x00,0x01,0x00,0x03,0x00,0x4a,0xff,0x70,0x00,0x08,0x02,0x00,
  0x00,0x00,0x4a,0xff,0x72,0x00,0x08,0x05,0x00,0xba,0xff,0x1f,0x00,0xae,0xff,0x19,0x03,0x07,0x00,0xc1,0xff,0x00,0x46,0xff,
  0x72,0x00,0x08,0x05,0x00,0xba,0xff,0x1f,0x00,0x66,0xff,0x53,0x00,0x48,0xf4,0xf5,0xa6,0x4d,0x00,0x00,0x01,0x00,0x00,0x02,
  0x00,0xbe,0xfe,0x08,0x08,0xfe,0xc0,0x00,0x07,0x03,0x1a,0xfe,0xb0,0x00,0xa7,0xfd,0x22,0x01,0x08,0x01,0x14,0xff,0xbc,0x00,
  0x00,0xbe,0xfd,0x11,0x00,0x84,0xff,0x3b,0x00,0x99,0xff,0x27,0x00,0x1e,0xff,0xb0,0x00,0xa7,0xfd,0x22,0x01,0x08,0x01,0x14,
  0xff,0xbf,0x00,0x53,0xff,0x65,0x00,0x07,0x00,0x65,0xff,0x4e,0x00,0xf8,0xcb,0x00,0x04,0x08,0x00,0x5f,0xff,0x68,0x00,0x55,
  0xff,0x68,0x00,0x55,0xff,0x64,0x00,0x0b,0x01,0x64,0xfd,0x4f,0x01,0x0b,0x00,0x79,0xfe,0x33,0x3e,0xff,0xd8,0xc1,0xc6,0xc4,
  0xbf,0xff,0xc6,0x00,0xaf,0xff,0x19,0x03,0x07,0x00,0xc1,0xfc,0x0f,0x03,0xc0,0xfd,0x11,0x03,0x00,0xa2,0xfd,0xc3,0xc3,0xc7,
  0xc2,0xd4,0xff,0x67,0x00,0x04,0x00,0x00,0x00,0x04,0x00,0xad,0xff,0x1b,0x00,0x00,0x0a,0xf8,0xc4,0x00,0x05,0x08,0x02,0x55,
  0xfe,0x4e,0x3c,0xfe,0x6b,0x01,0x08,0x07,0x00,0xb2,0xff,0x18,0x03,0xf9,0xc4,0x00,0x05,0x08,0x02,0x55,0xfd,0x60,0x00,0x00,
  0x5a,0xb9,0xf9,0xfc,0x75,0x00,0x02,0x00,0x04,0x00,0xa7,0xfd,0x1e,0x04,0x07,0x04,0x0f,0xfd,0xb8,0x00,0x00,0x0e,0x7c,0xcd,
  0xff,0xdf,0x39,0x01,0x03,0x04,0x00,0x4e,0xfe,0x68,0x02,0x08,0x04,0x00,0x00,0x00,0x4e,0xfe,0x6b,0x01,0x08,0x07,0x00,0xb2,
  0xff,0x1f,0x00,0xae,0xff,0x1c,0x00,0x04,0x01,0xbe,0xff,0x00,0x49,0xfe,0x6b,0x01,0x08,0x07,0x00,0xb2,0xff,0x1f,0x00,0x66,
  0xff,0x51,0x00,0x00,0x0e,0x7c,0xcd,0xff,0xdf,0x39,0x01,0x03,0x00,0x02,0x00,0xbe,0xfe,0x08,0x08,0xfe,0xbe,0x01,0x04,0x00,
  0x1c,0xff,0xb0,0x00,0xaa,0xfd,0x1e,0x03,0x07,0x04,0x0f,0xff,0xbd,0x00,0x00,0xbe,0xfd,0x0f,0x00,0x24,0xff,0x93,0x00,0xf1,
  0xc2,0x00,0x00,0x1b,0xff,0xb0,0x00,0xaa,0xfd,0x1e,0x03,0x07,0x04,0x0f,0xff,0xc1,0x00,0x54,0xfe,0x62,0x03,0x0b,0x03,0x62,
  0xff,0x4d,0x00,0xfb,0xc6,0x00,0x05,0x08,0x02,0x55,0xff,0x68,0x00,0x55,0xff,0x68,0x00,0x55,0xff,0x64,0x00,0x07,0x00,0x64,
  0xff,0x51,0x00,0x07,0x01,0x78,0xff,0x32,0x42,0xfe,0xd6,0xc1,0xc6,0xc5,0xb9,0xa2,0x7a,0x00,0xae,0xff,0x1c,0x00,0x04,0x01,
  0xbe,0xfd,0x0f,0x00,0xbe,0xfd,0x10,0x03,0x00,0xa6,0xfd,0xc3,0xc4,0xc5,0xc5,0xae,0xa2,0x43,0x00,0x03,0x00,0x00,0x00,0x04,
  0x00,0xad,0xfe,0x1b,0x00,0x03,0x01,0xc3,0xf7,0x1e,0x00,0x00,0x00,0xb4,0xff,0x23,0x17,0xff,0xc6,0x01,0x00,0x00,0x20,0xf0,
  0xf8,0x1f,0x00,0xc6,0xf7,0x1e,0x00,0x00,0x00,0xb4,0xff,0x24,0x37,0x76,0x14,0x00,0x00,0xc8,0xff,0x14,0x00,0x02,0x04,0x00,
  0x6b,0xff,0x69,0x00,0x00,0x00,0x63,0xff,0x7a,0x00,0x67,0x68,0x00,0x00,0x26,0xff,0xb9,0x00,0x03,0x02,0x00,0x22,0xff,0xb7,
  0x00,0x00,0x00,0x3c,0x8a,0x31,0x1a,0xff,0xc6,0x01,0x00,0x00,0x20,0xf0,0xf8,0x22,0x00,0xae,0xfe,0x1b,0x00,0x04,0x00,0xbe,
  0xfe,0x05,0x1c,0xff,0xc6,0x01,0x00,0x00,0x20,0xf0,0xf8,0x22,0x00,0x66,0xfe,0x51,0x00,0x67,0x68,0x00,0x00,0x26,0xff,0xb9,
  0x00,0x03,0x00,0x02,0x00,0xbe,0xfd,0x08,0x08,0xfd,0xbe,0x00,0x04,0x00,0x1b,0xfe,0xaf,0x00,0x6e,0xff,0x78,0x00,0x00,0x00,
  0x69,0xff,0xb6,0x00,0x00,0xbe,0xfc,0x0d,0x00,0x00,0xc3,0xe3,0x59,0xff,0x56,0x00,0x00,0x1b,0xfe,0xb0,0x00,0x6e,0xff,0x78,
  0x00,0x00,0x00,0x69,0xff,0xb9,0x00,0x44,0xff,0x97,0x00,0x00,0x00,0x97,0xfe,0x52,0x00,0xc6,0xfb,0x2d,0x00,0x00,0x00,0xb6,
  0xfe,0x69,0x00,0x55,0xfe,0x68,0x00,0x55,0xfe,0x64,0x00,0x07,0x00,0x64,0xfe,0x51,0x00,0x07,0x00,0x78,0xfe,0x3a,0x15,0xff,
  0xa5,0x00,0x00,0x00,0x14,0x5e,0x27,0x00,0xae,0xfe,0x1b,0x00,0x04,0x00,0xbe,0xfc,0x0f,0x00,0xc0,0xfb,0x00,0x00,0x00,0x6d,
  0xff,0x4c,0x00,0x00,0x00,0x37,0x5e,0x07,0x00,0x01,0x00,0x00,0x00,0x04,0x00,0xae,0xff,0x1b,0x00,0x04,0x00,0x3e,0xfe,0xe6,
  0x6e,0x61,0xbe,0xff,0x90,0x00,0x00,0x8e,0xff,0xc6,0x63,0x75,0xe6,0xfc,0xf7,0x22,0x00,0x40,0xfe,0xe6,0x6e,0x61,0xbe,0xff,
  0x93,0x00,0x4a,0xff,0xe7,0x68,0x6b,0xf1,0xe5,0x0b,0x01,0x01,0x01,0x01,0x0e,0xd1,0xff,0x8d,0x5c,0x94,0xff,0xd5,0x13,0x00,
  0x9e,0xff,0xb4,0x5f,0x90,0xff,0x96,0x00,0x03,0x00,0x03,0x00,0x92,0xff,0xae,0x5d,0x7d,0xff,0xf9,0x25,0x00,0x90,0xff,0xc6,
  0x63,0x75,0xe6,0xfd,0xf7,0x23,0x00,0xaf,0xff,0x1b,0x00,0x04,0x00,0xbf,0xff,0x0f,0x00,0x90,0xff,0xc6,0x63,0x75,0xe6,0xfd,
  0xf7,0x23,0x00,0x67,0xff,0x54,0x00,0xa0,0xff,0xb4,0x5f,0x90,0xff,0x96,0x00,0x03,0x00,0x02,0x00,0xbf,0xff,0x08,0x08,0xff,
  0xbf,0x00,0x04,0x00,0x1b,0xff,0xaf,0x00,0x11,0xd6,0xff,0x9a,0x5d,0x98,0xfb,0xff,0xbb,0x00,0x00,0xbf,0xfe,0x0d,0x00,0x00,
  0x57,0xff,0xed,0xe6,0x0c,0x01,0x00,0x1b,0xff,0xaf,0x00,0x11,0xd6,0xff,0x9a,0x5d,0x98,0xfb,0xff,0xbc,0x00,0x0c,0xd9,0xff,
  0x91,0x5b,0x9e,0xff,0xff,0x58,0x00,0x45,0xff,0xef,0x78,0x63,0xc4,0xfe,0xff,0x6c,0x00,0x55,0xff,0x69,0x00,0x55,0xff,0x65,
  0x00,0x07,0x00,0x65,0xff,0x51,0x00,0x07,0x00,0x79,0xff,0x46,0x00,0x92,0xff,0xb1,0x5f,0x77,0xf4,0xfe,0x2f,0x00,0xb0,0xff,
  0x1b,0x00,0x04,0x00,0xbf,0xfe,0x10,0x00,0xb0,0xff,0x7a,0x4f,0x07,0x0f,0xd6,0xff,0x8a,0x5d,0x98,0xff,0xc3,0x07,0x02,0x01,
  0x00,0x00,0x00,0x04,0x00,0xab,0xfc,0x1b,0x00,0x02,0x02,0x00,0x43,0xc8,0xff,0xff,0xe5,0x73,0x00,0x02,0x01,0x02,0x80,0xed,
  0xff,0xf4,0x79,0xac,0xfc,0x1b,0x00,0x00,0x43,0xc8,0xff,0xff,0xe5,0x73,0x00,0x04,0x00,0x53,0xd8,0xff,0xff,0xc8,0x36,0x00,
  0x02,0x00,0x00,0x01,0x00,0x19,0xa2,0xf7,0xff,0xf5,0x9f,0x1a,0x00,0x01,0x03,0x85,0xf0,0xff,0xf9,0x9f,0x11,0x01,0x01,0x00,
  0x01,0x01,0x02,0x7e,0xeb,0xff,0xfe,0xb6,0x25,0x00,0x03,0x02,0x81,0xed,0xff,0xf3,0x77,0xac,0xfc,0x1f,0x00,0xac,0xfc,0x1b,
  0x00,0x04,0x00,0xbc,0xfa,0x0d,0x01,0x03,0x81,0xed,0xff,0xf3,0x77,0xac,0xfc,0x1f,0x00,0x65,0xfc,0x51,0x00,0x06,0x85,0xf0,
  0xff,0xf9,0x9f,0x11,0x01,0x01,0x00,0x02,0x00,0xbc,0xfb,0x08,0x08,0xfb,0xbc,0x00,0x04,0x00,0x1b,0xfc,0xab,0x00,0x00,0x1f,
  0xad,0xfe,0xff,0xdc,0x57,0xf4,0xbd,0x00,0x00,0xbc,0xfa,0x0d,0x00,0x01,0x0c,0xda,0xff,0x87,0x00,0x05,0x00,0x1b,0xfc,0xab,
  0x00,0x00,0x1f,0xad,0xfe,0xff,0xdc,0x57,0xf4,0xbd,0x00,0x00,0x27,0xba,0xff,0xff,0xc8,0x97,0xfc,0x52,0x00,0x00,0x4e,0xd2,
  0xff,0xff,0xab,0x6b,0xfc,0x68,0x00,0x54,0xfc,0x67,0x00,0x54,0xfc,0x63,0x00,0x07,0x00,0x63,0xfc,0x50,0x00,0x07,0x00,0x77,
  0xfc,0x42,0x01,0x02,0x7a,0xea,0xff,0xff,0xbe,0x2c,0x00,0x00,0xab,0xfc,0x1b,0x00,0x04,0x00,0xbc,0xfa,0x0f,0x00,0x3a,0xd6,
  0xff,0xf8,0x12,0x00,0x1c,0xa7,0xf9,0xff,0xf4,0x92,0x09,0x00,0x01,0x00,0x00,0x00,0x00,0x00,0x00,0x14,0x1e,0x03,0x00,0x00,
  0x00,0x02,0x00,0x00,0x15,0x1a,0x01,0x00,0x00,0x00,0x00,0x00,0x00,0x09,0x1b,0x0a,0x00,0x12,0x1e,0x03,0x00,0x02,0x00,0x00,
  0x15,0x1a,0x01,0x00,0x00,0x00,0x01,0x00,0x00,0x19,0x15,0x00,0x00,0x01,0x00,0x00,0x00,0x00,0x01,0x00,0x00,0x0c,0x1b,0x0b,
  0x00,0x00,0x01,0x00,0x00,0x00,0x0a,0x1b,0x0e,0x00,0x00,0x00,0x00,0x00,0x00,0x00,0x00,0x00,0x06,0x1b,0x12,0x00,0x00,0x01,
  0x00,0x00,0x00,0x09,0x1b,0x09,0x00,0x13,0x1e,0x04,0x00,0x14,0x1e,0x03,0x00,0x00,0x00,0x16,0x1e,0x01,0x00,0x00,0x00,0x09,
  0x1b,0x09,0x00,0x13,0x1e,0x04,0x00,0x0c,0x1e,0x09,0x00,0x00,0x00,0x0a,0x1b,0x0e,0x00,0x00,0x00,0x00,0x00,0x00,0x00,0x16,
  0x1e,0x01,0x01,0x1e,0x16,0x00,0x00,0x00,0x03,0x1e,0x14,0x00,0x02,0x00,0x00,0x12,0x1a,0x00,0x00,0x1f,0x16,0x00,0x00,0x16,
  0x1e,0x02,0x00,0x00,0x00,0x13,0x1d,0x07,0x01,0x01,0x00,0x03,0x1e,0x14,0x00,0x02,0x00,0x00,0x12,0x1a,0x00,0x00,0x1f,0x16,
  0x00,0x01,0x00,0x00,0x15,0x18,0x00,0x01,0x1e,0x09,0x00,0x02,0x00,0x00,0x19,0x13,0x00,0x02,0x1e,0x0c,0x00,0x0a,0x1e,0x0c,
  0x00,0x0a,0x1e,0x0c,0x00,0x01,0x00,0x0c,0x1e,0x0a,0x00,0x01,0x00,0x0e,0x1e,0x08,0x00,0x00,0x00,0x04,0x1b,0x13,0x00,0x00,
  0x02,0x00,0x14,0x1e,0x03,0x00,0x00,0x00,0x16,0x1e,0x01,0x00,0x00,0x06,0x1b,0x1a,0x01,0x01,0x00,0x00,0x0e,0x1b,0x0a,0x00,
  0x00,0x00,0x00,0x00,0x00,0x00,0x00,0x00,0x00,0x00,0x00,0x00,0x00,0x00,0x00,0x00,0x03,0x01,0x00,0x00,0x00,0x03,0x00,0x00,
  0x00,0x01,0x03,0x00,0x00,0x00,0x03,0x00,0x00,0x00,0x00,0x00,0x03,0x01,0x00,0x00,0x00,0x03,0x00,0x00,0x00,0x03,0x00,0x00,
  0x00,0x01,0x02,0x00,0x00,0x00,0x00,0x00,0x00,0x02,0x03,0x00,0x00,0x00,0x03,0x02,0x00,0x00,0x01,0x03,0x00,0x00,0x00,0x03,
  0x01,0x00,0x00,0x00,0x00,0x00,0x01,0x03,0x00,0x00,0x00,0x02,0x02,0x00,0x00,0x01,0x03,0x00,0x00,0x00,0x03,0x00,0x00,0x00,
  0x00,0x00,0x00,0x00,0x00,0x00,0x00,0x00,0x00,0x00,0x00,0x00,0x03,0x00,0x00,0x00,0x03,0x00,0x00,0x00,0x00,0x00,0x00,0x00,
  0x00,0x01,0x03,0x00,0x00,0x00,0x03,0x01,0x00,0x00,0x00,0x00,0x00,0x00,0x00,0x00,0x00,0x00,0x00,0x00,0x00,0x00,0x00,0x00,
  0x00,0x00,0x00,0x02,0x02,0x00,0x00,0x00,0x03,0x00,0x00,0x00,0x00,0x00,0x00,0x00,0x00,0x00,0x01,0x00,0x00,0x00,0x00,0x00,
  0x00,0x00,0x00,0x00,0x00,0x00,0x02,0x02,0x00,0x00,0x00,0x03,0x00,0x00,0x00,0x00,0x02,0x01,0x00,0x00,0x01,0x00,0x00,0x00,
  0x00,0x00,0x03,0x00,0x00,0x00,0x03,0x00,0x00,0x00,0x00,0x00,0x00,0x00,0x00,0x00,0x00,0x00,0x00,0x00,0x00,0x00,0x00,0x00,
  0x00,0x00,0x00,0x00,0x00,0x00,0x00,0x00,0x03,0x00,0x00,0x00,0x02,0x02,0x00,0x00,0x00,0x00,0x00,0x00,0x00,0x00,0x00,0x00,
  0x00,0x00,0x02,0x00,0x00,0x00,0x00,0x00,0x02,0x03,0x00,0x00,0x00,0x03,0x01,0x00,0x00,0x00,
};
const lv_img_dsc_t txt_grp_all_btn = {
  .header.cf = LV_IMG_CF_ALPHA_8BIT,
  .header.always_zero = 0,
  .header.reserved = 0,
  .header.w = 254,
  .header.h = 15,
  .data_size = 3810,
  .data = txt_grp_all_btn_map,
};

static const uint8_t txt_title_vocal_map[] = {
  0x00,0x00,0x01,0x01,0x01,0x01,0x01,0x00,0x00,0x00,0x00,0x00,0x00,0x00,0x00,0x01,0x01,0x01,0x01,0x00,0x00,0x00,0x00,0x00,
  0x00,0x00,0x00,0x00,0x00,0x00,0x00,0x00,0x00,0x00,0x00,0x00,0x00,0x00,0x00,0x00,0x00,0x00,0x00,0x00,0x00,0x00,0x00,0x00,
  0x00,0x00,0x00,0x00,0x00,0x00,0x00,0x00,0x00,0x00,0x00,0x00,0x00,0x00,0x00,0x00,0x00,0x00,0x00,0x00,0x00,0x00,0x00,0x00,
  0x00,0x00,0x00,0x00,0x00,0x00,0x00,0x00,0x00,0x00,0x00,0x00,0x00,0x00,0x00,0x00,0x00,0x00,0x00,0x00,0x00,0x00,0x00,0x00,
  0x00,0x00,0x00,0x00,0x00,0x00,0x00,0x00,0x00,0x00,0x00,0x00,0x00,0x00,0x00,0x00,0x00,0x00,0x00,0x00,0x00,0x00,0x00,0x00,
  0x00,0x00,0x00,0x00,0x00,0x00,0x00,0x00,0x00,0x00,0x00,0x00,0x00,0x00,0x00,0x00,0x00,0x00,0x00,0x00,0x0c,0x14,0x14,0x14,
  0x0b,0x00,0x00,0x00,0x00,0x00,0x15,0x17,0x17,0x17,0x0a,0x01,0x01,0x00,0x00,0x00,0x00,0x00,0x03,0x17,0x17,0x17,0x19,0x05,
  0x00,0x00,0x00,0x00,0x00,0x00,0x00,0x00,0x00,0x00,0x00,0x00,0x00,0x00,0x00,0x00,0x00,0x00,0x00,0x00,0x00,0x00,0x00,0x00,
  0x00,0x00,0x00,0x00,0x00,0x00,0x00,0x00,0x00,0x00,0x00,0x00,0x00,0x00,0x00,0x00,0x00,0x00,0x00,0x00,0x04,0x00,0x93,0xf5,
  0xed,0xf5,0x84,0x00,0x04,0x00,0x03,0x00,0x98,0xf5,0xef,0xf6,0xaa,0x00,0x02,0x00,0x00,0x00,0x04,0x00,0x58,0xf6,0xf2,0xf6,
  0xda,0x0d,0x00,0x01,0x00,0x00,0x00,0x00,0x00,0x00,0x00,0x00,0x00,0x00,0x00,0x00,0x00,0x00,0x00,0x00,0x00,0x00,0x00,0x00,
  0x00,0x00,0x00,0x00,0x00,0x00,0x00,0x00,0x00,0x00,0x00,0x00,0x00,0x00,0x00,0x00,0x00,0x00,0x00,0x00,0x00,0x00,0x04,0x00,
  0x9b,0xff,0xfa,0xff,0x8c,0x00,0x04,0x00,0x04,0x00,0x47,0xff,0xfe,0xff,0xf2,0x17,0x00,0x01,0x00,0x00,0x03,0x00,0xae,0xff,
  0xfa,0xff,0x98,0x00,0x03,0x00,0x00,0x00,0x02,0x04,0x03,0x03,0x04,0x03,0x01,0x00,0x00,0x00,0x00,0x00,0x00,0x00,0x01,0x03,
  0x04,0x03,0x04,0x04,0x02,0x00,0x00,0x00,0x00,0x00,0x00,0x00,0x01,0x03,0x04,0x03,0x04,0x02,0x00,0x02,0x04,0x04,0x04,0x03,
  0x04,0x00,0x98,0xfe,0xf6,0xfe,0x8a,0x00,0x04,0x00,0x01,0x00,0x07,0xdd,0xfe,0xf9,0xff,0x5c,0x01,0x04,0x00,0x01,0x00,0x14,
  0xee,0xfe,0xfc,0xff,0x3d,0x00,0x03,0x00,0x02,0x01,0x00,0x00,0x00,0x00,0x00,0x00,0x00,0x02,0x00,0x00,0x00,0x00,0x00,0x03,
  0x00,0x00,0x00,0x00,0x00,0x00,0x00,0x03,0x00,0x00,0x00,0x00,0x00,0x02,0x00,0x00,0x00,0x00,0x00,0x00,0x03,0x00,0x00,0x00,
  0x00,0x00,0x04,0x00,0x99,0xff,0xf7,0xff,0x8a,0x00,0x04,0x00,0x00,0x04,0x00,0x8d,0xff,0xf8,0xff,0xad,0x00,0x02,0x00,0x04,
  0x01,0x58,0xff,0xfa,0xff,0xd8,0x06,0x01,0x00,0x02,0x00,0x00,0x33,0x70,0x90,0x93,0x78,0x3f,0x01,0x00,0x03,0x00,0x00,0x00,
  0x02,0x00,0x09,0x4c,0x7e,0x94,0x88,0x60,0x1c,0x00,0x00,0x01,0x00,0x00,0x02,0x00,0x01,0x49,0x83,0x95,0x7c,0x37,0x00,0x39,
  0x6e,0x6b,0x6e,0x42,0x02,0x00,0x99,0xff,0xf7,0xff,0x8a,0x00,0x04,0x00,0x00,0x03,0x00,0x37,0xfe,0xfd,0xff,0xee,0x14,0x00,
  0x01,0x03,0x00,0xaa,0xfe,0xf7,0xff,0x85,0x00,0x04,0x02,0x00,0x28,0xb5,0xff,0xff,0xff,0xff,0xff,0xff,0xc8,0x3e,0x00,0x02,
  0x00,0x03,0x00,0x52,0xd8,0xff,0xff,0xff,0xff,0xff,0xef,0x81,0x00,0x01,0x01,0x02,0x00,0x24,0xc2,0xff,0xff,0xff,0xff,0xff,
  0x7d,0x92,0xff,0xff,0xff,0xa5,0x00,0x00,0x99,0xff,0xf7,0xff,0x8a,0x00,0x04,0x00,0x00,0x00,0x01,0x04,0xd1,0xff,0xfa,0xff,
  0x58,0x01,0x05,0x00,0x13,0xec,0xff,0xfd,0xfc,0x31,0x00,0x05,0x00,0x30,0xea,0xff,0xfe,0xf8,0xff,0xff,0xf9,0xfc,0xff,0xfb,
  0x4f,0x00,0x05,0x00,0x60,0xff,0xff,0xfb,0xfb,0xff,0xfd,0xfa,0xff,0xff,0x9e,0x00,0x03,0x01,0x18,0xe0,0xff,0xfb,0xf9,0xfc,
  0xff,0xff,0xff,0xea,0xfb,0xf6,0xfb,0x96,0x00,0x00,0x99,0xff,0xf7,0xff,0x8a,0x00,0x04,0x00,0x00,0x00,0x04,0x00,0x7d,0xff,
  0xf8,0xff,0xa9,0x00,0x06,0x01,0x55,0xff,0xfa,0xff,0xcb,0x01,0x02,0x02,0x0a,0xd5,0xff,0xf9,0xff,0xff,0xea,0xe6,0xff,0xff,
  0xfb,0xff,0xf1,0x20,0x01,0x25,0xf6,0xfe,0xfb,0xff,0xff,0xe0,0xf7,0xff,0xfa,0xf7,0xff,0x54,0x00,0x00,0x9e,0xff,0xf9,0xfe,
  0xff,0xfd,0xe0,0xf6,0xff,0xff,0xff,0xfb,0xff,0x99,0x00,0x00,0x99,0xff,0xf7,0xff,0x8a,0x00,0x04,0x00,0x00,0x00,0x02,0x00,
  0x2a,0xfb,0xfe,0xff,0xec,0x11,0x01,0x00,0xa7,0xfe,0xf8,0xff,0x76,0x00,0x08,0x00,0x5f,0xff,0xfa,0xfe,0xfc,0x72,0x14,0x10,
  0x5b,0xf2,0xfe,0xfa,0xff,0x8f,0x00,0x8f,0xff,0xf9,0xfe,0xe9,0x44,0x0c,0x29,0xcb,0xff,0xff,0xff,0xd6,0x00,0x1b,0xf5,0xfe,
  0xfc,0xff,0xc5,0x33,0x0d,0x26,0xad,0xff,0xfd,0xfb,0xff,0x99,0x00,0x00,0x99,0xff,0xf7,0xff,0x8a,0x00,0x04,0x00,0x00,0x00,
  0x00,0x02,0x00,0xc4,0xff,0xfa,0xff,0x55,0x00,0x14,0xeb,0xff,0xfe,0xf8,0x25,0x00,0x05,0x00,0xaa,0xfe,0xf8,0xff,0x9d,0x00,
  0x00,0x00,0x00,0x74,0xff,0xf9,0xfe,0xd1,0x04,0xcb,0xfe,0xf9,0xff,0x6e,0x00,0x03,0x00,0x1f,0x64,0x5f,0x62,0x5e,0x00,0x4e,
  0xff,0xfc,0xfe,0xef,0x19,0x00,0x01,0x00,0x06,0xda,0xff,0xfa,0xff,0x99,0x00,0x00,0x99,0xff,0xf7,0xff,0x8a,0x00,0x04,0x00,
  0x00,0x00,0x00,0x04,0x00,0x6e,0xff,0xf8,0xff,0xa8,0x00,0x56,0xff,0xfa,0xff,0xbe,0x00,0x02,0x01,0x00,0xcc,0xff,0xf9,0xff,
  0x56,0x03,0x05,0x04,0x03,0x2f,0xfe,0xfe,0xff,0xe9,0x1a,0xe2,0xff,0xfd,0xff,0x37,0x03,0x03,0x02,0x00,0x00,0x00,0x00,0x00,
  0x00,0x6c,0xfe,0xf8,0xff,0xbb,0x00,0x04,0x01,0x05,0x00,0x95,0xff,0xf7,0xff,0x99,0x00,0x00,0x99,0xff,0xf7,0xff,0x8a,0x00,
  0x04,0x00,0x00,0x00,0x00,0x02,0x00,0x1f,0xf6,0xfe,0xff,0xec,0x06,0xa0,0xfe,0xf8,0xff,0x67,0x00,0x04,0x01,0x00,0xd0,0xff,
  0xfa,0xff,0x51,0x02,0x03,0x02,0x02,0x2b,0xfd,0xff,0xff,0xec,0x1e,0xe5,0xff,0xfe,0xff,0x34,0x01,0x02,0x01,0x00,0x00,0x00,
  0x00,0x00,0x00,0x6e,0xff,0xf8,0xff,0xb3,0x00,0x03,0x00,0x05,0x02,0x8d,0xff,0xf7,0xff,0x99,0x00,0x00,0x99,0xff,0xf7,0xff,
  0x8a,0x00,0x04,0x00,0x00,0x00,0x00,0x00,0x02,0x00,0xb6,0xff,0xfb,0xff,0x5f,0xda,0xff,0xfe,0xf3,0x1a,0x00,0x02,0x02,0x00,
  0xb7,0xfe,0xf8,0xff,0x81,0x00,0x06,0x06,0x00,0x58,0xff,0xfa,0xff,0xda,0x09,0xd4,0xff,0xf9,0xff,0x55,0x00,0x08,0x00,0x06,
  0x2a,0x27,0x29,0x2b,0x00,0x58,0xff,0xfb,0xff,0xe3,0x06,0x00,0x05,0x01,0x00,0xc4,0xff,0xf9,0xff,0x99,0x00,0x00,0x99,0xff,
  0xf7,0xff,0x8a,0x00,0x04,0x00,0x00,0x00,0x00,0x00,0x04,0x00,0x5f,0xff,0xfb,0xff,0xe6,0xfa,0xfd,0xff,0xb0,0x00,0x02,0x00,
  0x04,0x00,0x7b,0xff,0xfa,0xfe,0xec,0x37,0x00,0x00,0x28,0xda,0xfe,0xf9,0xff,0xa7,0x00,0xa6,0xfe,0xf9,0xff,0xcb,0x14,0x00,
  0x03,0x9e,0xfc,0xf5,0xfa,0xd6,0x00,0x26,0xfc,0xfe,0xfc,0xff,0x98,0x08,0x00,0x00,0x75,0xff,0xfd,0xfb,0xff,0x99,0x00,0x00,
  0x99,0xff,0xf7,0xff,0x8a,0x00,0x04,0x00,0x00,0x00,0x00,0x00,0x01,0x00,0x15,0xef,0xff,0xfe,0xff,0xff,0xfc,0xff,0x58,0x01,
  0x04,0x00,0x01,0x01,0x1d,0xf2,0xfd,0xfc,0xff,0xfa,0xb5,0xb1,0xf3,0xff,0xfc,0xfb,0xff,0x39,0x00,0x41,0xff,0xfb,0xfd,0xff,
  0xe1,0xa7,0xcc,0xff,0xff,0xfa,0xff,0x77,0x00,0x02,0xbc,0xff,0xfb,0xfe,0xff,0xd7,0xa7,0xcb,0xff,0xff,0xff,0xfb,0xff,0x99,
  0x00,0x00,0x99,0xff,0xf7,0xff,0x8a,0x00,0x04,0x00,0x00,0x00,0x00,0x00,0x00,0x03,0x00,0xa7,0xfc,0xf8,0xfa,0xfa,0xfc,0xe9,
  0x11,0x00,0x01,0x00,0x00,0x03,0x00,0x61,0xff,0xff,0xfa,0xfd,0xff,0xff,0xff,0xf9,0xff,0xff,0x7f,0x00,0x04,0x00,0x93,0xff,
  0xfd,0xfa,0xff,0xff,0xff,0xfa,0xfa,0xff,0xc7,0x09,0x02,0x00,0x32,0xfa,0xff,0xfa,0xfa,0xff,0xff,0xff,0xff,0xfc,0xfc,0xf8,
  0xfc,0x97,0x00,0x00,0x97,0xfc,0xf4,0xfc,0x88,0x00,0x04,0x00,0x00,0x00,0x00,0x00,0x00,0x03,0x01,0x50,0xff,0xff,0xff,0xff,
  0xff,0xa4,0x00,0x03,0x00,0x00,0x00,0x00,0x02,0x00,0x60,0xeb,0xff,0xff,0xff,0xff,0xff,0xff,0xf2,0x75,0x00,0x02,0x01,0x02,
  0x02,0x8e,0xfe,0xff,0xff,0xff,0xff,0xff,0xff,0xb8,0x16,0x00,0x02,0x02,0x00,0x50,0xee,0xff,0xff,0xff,0xff,0xff,0xb3,0xa4,
  0xff,0xff,0xff,0xa2,0x00,0x00,0xa2,0xff,0xff,0xff,0x92,0x00,0x04,0x00,0x00,0x00,0x00,0x00,0x00,0x01,0x00,0x0d,0xa7,0xb4,
  0xb2,0xb1,0xb3,0x3b,0x01,0x03,0x00,0x00,0x00,0x00,0x00,0x02,0x00,0x1b,0x76,0xb6,0xcf,0xd0,0xba,0x7e,0x24,0x00,0x02,0x00,
  0x00,0x00,0x00,0x00,0x36,0x8e,0xc0,0xd1,0xc7,0xa2,0x50,0x00,0x00,0x01,0x00,0x00,0x02,0x00,0x23,0x8a,0xc3,0xd2,0xbd,0x74,
  0x01,0x59,0xb3,0xae,0xb3,0x6c,0x00,0x00,0x6c,0xb3,0xae,0xb3,0x61,0x00,0x03,0x00,0x00,0x00,0x00,0x00,0x00,0x00,0x00,0x00,
  0x00,0x00,0x00,0x00,0x00,0x00,0x00,0x00,0x00,0x00,0x00,0x00,0x00,0x00,0x03,0x00,0x00,0x00,0x00,0x01,0x00,0x00,0x00,0x03,
  0x00,0x00,0x00,0x00,0x00,0x02,0x00,0x00,0x00,0x02,0x00,0x00,0x00,0x00,0x01,0x00,0x00,0x00,0x00,0x02,0x00,0x00,0x00,0x02,
  0x00,0x00,0x00,0x00,0x00,0x00,0x00,0x00,0x00,0x00,0x00,0x00,0x00,0x00,0x00,0x00,0x00,0x00,0x00,0x00,0x00,0x00,0x00,0x00,
  0x00,0x01,0x03,0x04,0x04,0x03,0x04,0x02,0x00,0x00,0x00,0x00,0x00,0x00,0x00,0x00,0x00,0x02,0x04,0x03,0x00,0x00,0x02,0x04,
  0x02,0x00,0x00,0x00,0x00,0x00,0x00,0x00,0x03,0x04,0x02,0x00,0x01,0x04,0x03,0x00,0x00,0x00,0x00,0x00,0x00,0x00,0x02,0x04,
  0x01,0x00,0x02,0x04,0x01,0x02,0x04,0x03,0x04,0x02,0x00,0x00,0x02,0x04,0x03,0x04,0x02,0x00,0x00,0x00,
};
const lv_img_dsc_t txt_title_vocal = {
  .header.cf = LV_IMG_CF_ALPHA_8BIT,
  .header.always_zero = 0,
  .header.reserved = 0,
  .header.w = 74,
  .header.h = 22,
  .data_size = 1628,
  .data = txt_title_vocal_map,
};

static const uint8_t txt_title_instrumentos_map[] = {
  0x00,0x00,0x00,0x00,0x00,0x00,0x00,0x00,0x00,0x00,0x00,0x00,0x00,0x00,0x00,0x00,0x00,0x00,0x00,0x00,0x00,0x00,0x00,0x00,
  0x00,0x00,0x00,0x00,0x00,0x00,0x00,0x00,0x00,0x00,0x00,0x00,0x00,0x00,0x00,0x00,0x00,0x00,0x00,0x00,0x00,0x00,0x00,0x00,
  0x00,0x00,0x00,0x00,0x00,0x00,0x00,0x00,0x00,0x00,0x00,0x00,0x00,0x00,0x00,0x00,0x00,0x00,0x00,0x00,0x00,0x00,0x00,0x00,
  0x00,0x00,0x00,0x00,0x00,0x00,0x00,0x00,0x00,0x00,0x00,0x00,0x00,0x00,0x00,0x00,0x00,0x00,0x00,0x00,0x00,0x00,0x00,0x00,
  0x00,0x00,0x00,0x00,0x00,0x00,0x00,0x00,0x00,0x00,0x00,0x00,0x00,0x00,0x00,0x00,0x00,0x00,0x00,0x00,0x00,0x00,0x00,0x00,
  0x00,0x00,0x00,0x00,0x00,0x00,0x00,0x00,0x00,0x00,0x00,0x00,0x00,0x00,0x00,0x00,0x00,0x00,0x00,0x00,0x00,0x00,0x00,0x00,
  0x00,0x00,0x00,0x00,0x00,0x00,0x00,0x00,0x00,0x00,0x00,0x00,0x00,0x00,0x00,0x00,0x00,0x00,0x00,0x00,0x00,0x00,0x00,0x00,
  0x00,0x00,0x00,0x00,0x00,0x00,0x0e,0x15,0x14,0x15,0x0a,0x00,0x00,0x00,0x00,0x00,0x00,0x00,0x00,0x00,0x00,0x00,0x00,0x00,
  0x00,0x00,0x00,0x00,0x00,0x00,0x00,0x00,0x00,0x00,0x00,0x00,0x00,0x00,0x00,0x00,0x00,0x00,0x00,0x01,0x03,0x03,0x03,0x03,
  0x00,0x00,0x00,0x00,0x00,0x00,0x00,0x00,0x00,0x00,0x00,0x00,0x00,0x00,0x00,0x00,0x00,0x00,0x00,0x00,0x00,0x00,0x00,0x00,
  0x00,0x00,0x00,0x00,0x00,0x00,0x00,0x00,0x00,0x00,0x00,0x00,0x00,0x00,0x00,0x00,0x00,0x00,0x00,0x00,0x00,0x00,0x00,0x00,
  0x00,0x00,0x00,0x00,0x00,0x00,0x00,0x00,0x00,0x00,0x00,0x00,0x00,0x00,0x00,0x00,0x00,0x00,0x00,0x00,0x00,0x00,0x00,0x00,
  0x00,0x00,0x00,0x00,0x00,0x00,0x00,0x00,0x00,0x00,0x00,0x00,0x00,0x00,0x00,0x00,0x03,0x04,0x03,0x04,0x01,0x00,0x00,0x00,
  0x00,0x00,0x00,0x00,0x00,0x00,0x00,0x00,0x00,0x00,0x00,0x00,0x00,0x00,0x00,0x00,0x00,0x00,0x00,0x00,0x00,0x00,0x00,0x00,
  0x00,0x00,0x00,0x00,0x00,0x00,0x00,0x04,0x00,0xa6,0xf5,0xee,0xf5,0x76,0x00,0x04,0x00,0x00,0x00,0x00,0x00,0x00,0x00,0x00,
  0x00,0x00,0x00,0x00,0x00,0x00,0x00,0x00,0x00,0x00,0x00,0x00,0x00,0x00,0x00,0x00,0x00,0x00,0x00,0x00,0x02,0x00,0x26,0xd5,
  0xd3,0xd5,0xc4,0x11,0x00,0x01,0x00,0x00,0x00,0x00,0x00,0x00,0x00,0x00,0x00,0x00,0x00,0x00,0x00,0x00,0x00,0x00,0x00,0x00,
  0x00,0x00,0x00,0x00,0x00,0x00,0x00,0x00,0x00,0x00,0x00,0x00,0x00,0x00,0x00,0x00,0x00,0x00,0x00,0x00,0x00,0x00,0x00,0x00,
  0x00,0x00,0x00,0x00,0x00,0x00,0x00,0x00,0x00,0x00,0x00,0x00,0x00,0x00,0x00,0x00,0x00,0x00,0x00,0x00,0x00,0x00,0x00,0x00,
  0x00,0x00,0x00,0x00,0x00,0x00,0x00,0x00,0x00,0x00,0x00,0x00,0x00,0x00,0x00,0x00,0x00,0x00,0x00,0xb1,0xd6,0xd0,0xd6,0x44,
  0x00,0x03,0x00,0x00,0x00,0x00,0x00,0x00,0x00,0x00,0x00,0x00,0x00,0x00,0x00,0x00,0x00,0x00,0x00,0x00,0x00,0x00,0x00,0x00,
  0x00,0x00,0x00,0x00,0x00,0x00,0x00,0x00,0x00,0x00,0x04,0x00,0xaf,0xff,0xfb,0xff,0x7d,0x00,0x04,0x03,0x04,0x04,0x04,0x02,
  0x00,0x03,0x04,0x03,0x04,0x03,0x00,0x00,0x00,0x00,0x00,0x00,0x00,0x00,0x02,0x04,0x04,0x03,0x04,0x03,0x00,0x00,0x00,0x02,
  0x03,0x32,0xff,0xff,0xff,0xf4,0x1a,0x04,0x03,0x00,0x02,0x04,0x04,0x04,0x03,0x00,0x01,0x04,0x03,0x00,0x01,0x04,0x04,0x04,
  0x04,0x00,0x00,0x00,0x00,0x01,0x04,0x04,0x04,0x04,0x00,0x00,0x00,0x04,0x04,0x04,0x04,0x01,0x01,0x04,0x04,0x03,0x04,0x02,
  0x00,0x00,0x00,0x01,0x04,0x04,0x03,0x04,0x02,0x00,0x00,0x00,0x00,0x00,0x00,0x00,0x00,0x01,0x04,0x04,0x03,0x04,0x03,0x01,
  0x00,0x00,0x00,0x00,0x01,0x04,0x04,0x04,0x04,0x00,0x01,0x04,0x04,0x03,0x04,0x02,0x00,0x00,0x00,0x00,0x02,0x04,0xdc,0xff,
  0xff,0xff,0x57,0x04,0x06,0x00,0x00,0x00,0x00,0x00,0x02,0x04,0x04,0x03,0x04,0x03,0x01,0x00,0x00,0x00,0x00,0x00,0x00,0x00,
  0x01,0x04,0x04,0x03,0x04,0x04,0x01,0x00,0x00,0x00,0x00,0x00,0x00,0x04,0x00,0xac,0xfe,0xf7,0xfe,0x7b,0x00,0x04,0x00,0x00,
  0x00,0x00,0x00,0x02,0x00,0x00,0x00,0x00,0x00,0x01,0x01,0x00,0x00,0x00,0x00,0x01,0x01,0x00,0x00,0x00,0x00,0x00,0x00,0x00,
  0x01,0x00,0x02,0x00,0x1d,0xfd,0xfb,0xfd,0xe8,0x04,0x00,0x00,0x00,0x00,0x00,0x00,0x00,0x00,0x02,0x00,0x00,0x00,0x00,0x00,
  0x00,0x00,0x00,0x00,0x00,0x00,0x00,0x00,0x00,0x00,0x00,0x00,0x00,0x00,0x00,0x00,0x00,0x00,0x00,0x00,0x00,0x00,0x00,0x00,
  0x00,0x00,0x00,0x03,0x00,0x02,0x00,0x00,0x00,0x00,0x00,0x00,0x03,0x00,0x00,0x00,0x00,0x00,0x00,0x03,0x00,0x00,0x00,0x00,
  0x00,0x00,0x00,0x03,0x00,0x00,0x00,0x00,0x00,0x00,0x00,0x00,0x01,0x00,0x00,0x00,0x00,0x00,0x00,0x03,0x00,0x00,0x00,0x00,
  0x00,0xcf,0xfd,0xf8,0xfd,0x44,0x00,0x00,0x00,0x00,0x00,0x02,0x01,0x00,0x00,0x00,0x00,0x00,0x00,0x00,0x02,0x00,0x00,0x00,
  0x00,0x00,0x03,0x00,0x00,0x00,0x00,0x00,0x00,0x00,0x03,0x00,0x00,0x00,0x00,0x00,0x04,0x00,0xad,0xff,0xf8,0xff,0x7b,0x00,
  0x02,0x4c,0x6b,0x68,0x6b,0x2d,0x00,0x3e,0x7d,0x93,0x7d,0x3e,0x00,0x00,0x01,0x00,0x00,0x01,0x00,0x00,0x36,0x72,0x8f,0x8f,
  0x76,0x3e,0x00,0x00,0x02,0x01,0x57,0x85,0xfe,0xfe,0xff,0xf3,0x76,0x6b,0x36,0x00,0x3a,0x6b,0x68,0x6b,0x46,0x00,0x14,0x6c,
  0x70,0x00,0x1a,0x6b,0x6a,0x6b,0x5e,0x04,0x00,0x01,0x00,0x11,0x69,0x6b,0x6b,0x67,0x0b,0x00,0x05,0x62,0x6b,0x6a,0x6c,0x0d,
  0x07,0x5a,0x8b,0x8e,0x67,0x1b,0x00,0x04,0x00,0x09,0x58,0x8a,0x90,0x6d,0x25,0x00,0x01,0x00,0x00,0x00,0x00,0x01,0x00,0x13,
  0x57,0x83,0x93,0x80,0x52,0x0e,0x00,0x02,0x01,0x00,0x10,0x6b,0x6b,0x6b,0x67,0x00,0x09,0x5b,0x8b,0x8f,0x68,0x1b,0x00,0x02,
  0x02,0x00,0x37,0x6b,0xe4,0xff,0xfc,0xff,0x99,0x6b,0x55,0x00,0x01,0x02,0x00,0x00,0x32,0x6e,0x8d,0x90,0x76,0x3e,0x01,0x00,
  0x03,0x00,0x00,0x00,0x02,0x00,0x12,0x56,0x82,0x92,0x83,0x5c,0x17,0x00,0x01,0x00,0x00,0x00,0x00,0x04,0x00,0xad,0xff,0xf8,
  0xff,0x7b,0x00,0x00,0xc1,0xff,0xff,0xff,0x83,0x92,0xff,0xff,0xff,0xff,0xff,0xa4,0x0a,0x02,0x01,0x01,0x00,0x19,0xb3,0xff,
  0xff,0xff,0xff,0xff,0xff,0xba,0x1f,0x00,0x00,0xdd,0xff,0xfd,0xff,0xff,0xff,0xff,0xff,0x88,0x00,0x95,0xff,0xff,0xff,0xa0,
  0x40,0xe5,0xff,0xd4,0x00,0x44,0xff,0xff,0xff,0xf0,0x0b,0x00,0x03,0x00,0x2b,0xff,0xff,0xff,0xff,0x1b,0x00,0x0d,0xfa,0xff,
  0xff,0xff,0x71,0xcf,0xff,0xff,0xff,0xff,0xed,0x66,0x00,0x40,0xd6,0xff,0xff,0xff,0xff,0xf5,0x7d,0x00,0x02,0x00,0x00,0x02,
  0x00,0x75,0xe8,0xff,0xff,0xff,0xff,0xff,0xe2,0x65,0x00,0x04,0x00,0x28,0xff,0xff,0xff,0xfa,0x55,0xd4,0xff,0xff,0xff,0xff,
  0xed,0x5b,0x00,0x07,0x00,0x8c,0xff,0xfe,0xff,0xff,0xff,0xff,0xff,0xd5,0x00,0x04,0x00,0x29,0xb5,0xfe,0xff,0xff,0xff,0xff,
  0xff,0xc7,0x3f,0x00,0x03,0x00,0x02,0x00,0x65,0xe7,0xff,0xff,0xff,0xff,0xff,0xeb,0x6b,0x00,0x02,0x00,0x00,0x00,0x04,0x00,
  0xad,0xff,0xf8,0xff,0x7b,0x00,0x00,0xb1,0xfb,0xf8,0xfb,0xed,0xff,0xff,0xff,0xf9,0xfb,0xfb,0xff,0x9c,0x00,0x03,0x02,0x08,
  0xc8,0xff,0xfc,0xff,0xff,0xff,0xff,0xfa,0xff,0xd2,0x0d,0x00,0xcd,0xfc,0xfd,0xff,0xff,0xff,0xf9,0xfc,0x7e,0x00,0x89,0xfb,
  0xf5,0xfb,0xce,0xef,0xff,0xf8,0xc1,0x00,0x3e,0xfb,0xf7,0xfb,0xdb,0x0a,0x00,0x03,0x00,0x27,0xf6,0xfb,0xfb,0xf2,0x19,0x00,
  0x0c,0xe5,0xfb,0xfa,0xf8,0xfc,0xff,0xff,0xfe,0xf9,0xfb,0xff,0xff,0x80,0xee,0xff,0xff,0xff,0xf9,0xfb,0xff,0xff,0x72,0x00,
  0x03,0x02,0x00,0x94,0xff,0xff,0xfa,0xff,0xff,0xff,0xfa,0xff,0xff,0x7b,0x00,0x00,0x24,0xfb,0xfa,0xfb,0xf2,0xf7,0xff,0xff,
  0xfd,0xf9,0xfb,0xff,0xff,0x3d,0x01,0x00,0x82,0xfc,0xfb,0xff,0xff,0xff,0xfa,0xfc,0xc5,0x00,0x00,0x33,0xec,0xff,0xfe,0xf8,
  0xff,0xff,0xf9,0xfc,0xff,0xfc,0x53,0x00,0x06,0x00,0x55,0xff,0xff,0xfc,0xff,0xff,0xff,0xfa,0xff,0xff,0x60,0x00,0x03,0x00,
  0x00,0x04,0x00,0xad,0xff,0xf8,0xff,0x7b,0x00,0x00,0xb4,0xff,0xfc,0xff,0xff,0xff,0xe7,0xec,0xff,0xff,0xfe,0xfb,0xfe,0x2c,
  0x00,0x00,0x4c,0xff,0xf9,0xfe,0xe0,0x73,0x72,0xe2,0xff,0xff,0xff,0x7d,0x00,0xcc,0xfb,0xfd,0xff,0xff,0xfe,0xf5,0xfb,0x7c,
  0x00,0x8b,0xff,0xfb,0xff,0xff,0xff,0xff,0xff,0xd2,0x00,0x3f,0xff,0xfb,0xff,0xdf,0x0a,0x00,0x03,0x00,0x28,0xfa,0xff,0xff,
  0xf6,0x19,0x00,0x0c,0xe9,0xff,0xfe,0xff,0xff,0xff,0xe1,0xf3,0xff,0xfe,0xfe,0xfe,0xff,0xff,0xff,0xe4,0xef,0xff,0xfe,0xfc,
  0xfd,0xef,0x14,0x01,0x00,0x53,0xff,0xf9,0xfd,0xff,0xd4,0xb4,0xde,0xff,0xfc,0xfc,0xff,0x3b,0x00,0x28,0xff,0xff,0xff,0xff,
  0xff,0xfa,0xe1,0xfb,0xff,0xff,0xfb,0xff,0xbb,0x00,0x00,0x80,0xfb,0xfa,0xff,0xff,0xff,0xf8,0xfa,0xc3,0x00,0x0d,0xd9,0xff,
  0xfa,0xff,0xff,0xeb,0xe7,0xff,0xff,0xfb,0xff,0xf3,0x22,0x02,0x02,0xca,0xfe,0xfa,0xfe,0xa4,0x68,0xa5,0xff,0xff,0xff,0xf1,
  0x10,0x01,0x01,0x00,0x04,0x00,0xad,0xff,0xf8,0xff,0x7b,0x00,0x00,0xb4,0xff,0xfb,0xfe,0xf9,0x66,0x11,0x15,0x7f,0xff,0xfe,
  0xfb,0xff,0x70,0x00,0x00,0x70,0xfc,0xf6,0xff,0x9c,0x00,0x00,0x32,0xd4,0xd3,0xd3,0x98,0x00,0x1d,0x4c,0xff,0xfd,0xff,0xee,
  0x36,0x27,0x17,0x00,0x87,0xff,0xfb,0xfe,0xfe,0xff,0xca,0xaf,0x86,0x00,0x3e,0xff,0xfb,0xff,0xdf,0x0a,0x00,0x03,0x00,0x28,
  0xfa,0xff,0xff,0xf6,0x19,0x00,0x0c,0xe9,0xff,0xfc,0xfe,0xdf,0x3d,0x0d,0x20,0xa8,0xff,0xfd,0xfd,0xfb,0xeb,0x4d,0x0e,0x19,
  0x91,0xff,0xfd,0xfd,0xff,0x4d,0x00,0x03,0xc6,0xfd,0xfa,0xfe,0x75,0x00,0x00,0x00,0x94,0xff,0xf8,0xff,0xab,0x00,0x28,0xff,
  0xff,0xfd,0xfe,0xce,0x32,0x0d,0x2f,0xc9,0xff,0xfc,0xff,0xef,0x17,0x00,0x14,0x27,0xd9,0xff,0xfb,0xff,0x69,0x25,0x23,0x00,
  0x66,0xff,0xfa,0xfe,0xfd,0x73,0x15,0x11,0x5c,0xf2,0xfe,0xfa,0xff,0x93,0x00,0x0a,0xe4,0xfe,0xfe,0xfa,0x19,0x00,0x00,0x9e,
  0xd6,0xd3,0xd5,0x32,0x00,0x02,0x00,0x04,0x00,0xad,0xff,0xf8,0xff,0x7b,0x00,0x00,0xb4,0xff,0xf8,0xff,0xa6,0x00,0x00,0x00,
  0x00,0xc5,0xff,0xf8,0xff,0x8f,0x00,0x00,0x4d,0xff,0xf9,0xfc,0xf8,0xa8,0x60,0x20,0x00,0x00,0x00,0x00,0x02,0x00,0x26,0xff,
  0xfd,0xff,0xea,0x0e,0x00,0x02,0x00,0x86,0xff,0xfa,0xfe,0xfa,0x58,0x00,0x00,0x00,0x00,0x3d,0xff,0xfb,0xff,0xdf,0x0a,0x00,
  0x03,0x00,0x28,0xfa,0xff,0xff,0xf6,0x19,0x00,0x0c,0xe9,0xff,0xfa,0xff,0x5f,0x00,0x03,0x00,0x10,0xee,0xff,0xfa,0xff,0x7e,
  0x00,0x01,0x00,0x00,0xdb,0xff,0xfa,0xfe,0x6d,0x00,0x1f,0xf7,0xff,0xff,0xe9,0x2f,0x2e,0x34,0x2d,0x4d,0xfe,0xfd,0xfe,0xe3,
  0x03,0x23,0xff,0xff,0xfd,0xfe,0x3e,0x00,0x04,0x00,0x34,0xfd,0xfd,0xfe,0xff,0x2b,0x00,0x00,0x00,0xd3,0xff,0xfa,0xff,0x4b,
  0x00,0x00,0x00,0xb2,0xfe,0xf8,0xff,0x9b,0x00,0x00,0x00,0x00,0x72,0xff,0xf9,0xfe,0xd8,0x06,0x01,0xcc,0xff,0xf8,0xfe,0xd8,
  0x80,0x41,0x09,0x00,0x00,0x00,0x00,0x00,0x00,0x00,0x04,0x00,0xad,0xff,0xf8,0xff,0x7b,0x00,0x00,0xb4,0xff,0xf8,0xff,0x75,
  0x03,0x05,0x05,0x02,0x96,0xff,0xf7,0xff,0x93,0x00,0x04,0x07,0xbb,0xff,0xff,0xff,0xff,0xff,0xf8,0xc8,0x74,0x0c,0x00,0x03,
  0x02,0x2f,0xff,0xfd,0xff,0xeb,0x17,0x02,0x07,0x00,0x86,0xff,0xf8,0xff,0xc1,0x00,0x02,0x02,0x05,0x00,0x3d,0xff,0xfb,0xff,
  0xdf,0x0a,0x00,0x03,0x00,0x28,0xfa,0xff,0xff,0xf6,0x19,0x00,0x0c,0xe9,0xff,0xfd,0xff,0x39,0x03,0x04,0x02,0x01,0xd0,0xff,
  0xf9,0xff,0x51,0x03,0x05,0x04,0x00,0xb7,0xff,0xf8,0xff,0x73,0x00,0x3c,0xff,0xfe,0xff,0xfe,0xff,0xff,0xff,0xff,0xff,0xff,
  0xff,0xff,0xf3,0x13,0x1e,0xff,0xfe,0xff,0xf3,0x1c,0x02,0x04,0x02,0x15,0xed,0xff,0xfd,0xff,0x2e,0x00,0x04,0x02,0xd4,0xff,
  0xfa,0xff,0x52,0x02,0x05,0x00,0xd3,0xff,0xfa,0xff,0x53,0x03,0x05,0x04,0x03,0x2c,0xfd,0xfe,0xff,0xf1,0x19,0x00,0x4f,0xff,
  0xff,0xff,0xff,0xff,0xff,0xe5,0xa5,0x3f,0x00,0x01,0x00,0x00,0x00,0x04,0x00,0xad,0xff,0xf8,0xff,0x7b,0x00,0x00,0xb4,0xff,
  0xf8,0xff,0x74,0x00,0x04,0x03,0x00,0x95,0xff,0xf7,0xff,0x93,0x00,0x05,0x02,0x0e,0x8b,0xe4,0xff,0xff,0xff,0xff,0xff,0xff,
  0xce,0x19,0x02,0x00,0x2d,0xff,0xfd,0xff,0xeb,0x16,0x00,0x06,0x00,0x86,0xff,0xf7,0xff,0xa1,0x02,0x04,0x00,0x03,0x00,0x3d,
  0xff,0xfb,0xff,0xde,0x0b,0x01,0x03,0x01,0x28,0xfb,0xff,0xff,0xf6,0x19,0x00,0x0c,0xe9,0xff,0xfd,0xff,0x39,0x00,0x03,0x00,
  0x00,0xcf,0xff,0xf9,0xff,0x51,0x00,0x04,0x03,0x01,0xb7,0xff,0xf8,0xff,0x73,0x00,0x40,0xff,0xfe,0xff,0xfe,0xff,0xff,0xff,
  0xff,0xff,0xff,0xff,0xff,0xf3,0x11,0x1f,0xff,0xfe,0xff,0xf1,0x1b,0x00,0x03,0x00,0x14,0xea,0xff,0xfd,0xff,0x2e,0x00,0x03,
  0x00,0xd4,0xff,0xfa,0xff,0x52,0x00,0x03,0x00,0xd7,0xff,0xfb,0xff,0x4e,0x02,0x03,0x02,0x02,0x29,0xfc,0xff,0xff,0xf5,0x19,
  0x01,0x00,0x47,0xc0,0xfa,0xff,0xff,0xff,0xff,0xff,0xff,0x6b,0x00,0x02,0x00,0x00,0x04,0x00,0xad,0xff,0xf8,0xff,0x7b,0x00,
  0x00,0xb4,0xff,0xf8,0xff,0x74,0x00,0x04,0x03,0x00,0x95,0xff,0xf7,0xff,0x93,0x00,0x04,0x00,0x00,0x00,0x00,0x38,0x7c,0xbf,
  0xfc,0xfc,0xf7,0xff,0x97,0x00,0x00,0x2d,0xff,0xfd,0xff,0xea,0x12,0x00,0x06,0x00,0x86,0xff,0xf7,0xff,0xa1,0x00,0x03,0x00,
  0x03,0x00,0x3c,0xff,0xfc,0xff,0xf2,0x13,0x00,0x08,0x00,0x39,0xff,0xfd,0xff,0xf6,0x19,0x00,0x0c,0xe9,0xff,0xfd,0xff,0x39,
  0x00,0x03,0x00,0x00,0xcf,0xff,0xf9,0xff,0x51,0x00,0x04,0x03,0x00,0xb7,0xff,0xf8,0xff,0x73,0x00,0x29,0xfc,0xfe,0xff,0xde,
  0x23,0x29,0x2a,0x27,0x19,0x19,0x19,0x19,0x1c,0x01,0x24,0xff,0xfe,0xff,0xf1,0x1b,0x00,0x03,0x00,0x14,0xea,0xff,0xfd,0xff,
  0x2e,0x00,0x03,0x00,0xd4,0xff,0xfa,0xff,0x4d,0x00,0x05,0x00,0xbf,0xfe,0xf8,0xff,0x7d,0x00,0x06,0x06,0x00,0x54,0xff,0xfb,
  0xff,0xe1,0x0a,0x00,0x00,0x00,0x00,0x14,0x5e,0x9c,0xe2,0xff,0xf9,0xff,0xfc,0x22,0x00,0x02,0x00,0x04,0x00,0xad,0xff,0xf8,
  0xff,0x7b,0x00,0x00,0xb4,0xff,0xf8,0xff,0x74,0x00,0x04,0x03,0x00,0x95,0xff,0xf7,0xff,0x93,0x00,0x03,0x7f,0x9c,0x9b,0x99,
  0x30,0x00,0x00,0x4a,0xff,0xfb,0xfd,0xd1,0x00,0x00,0x2b,0xff,0xfe,0xfe,0xf5,0x27,0x00,0x05,0x00,0x86,0xff,0xf7,0xff,0xa1,
  0x00,0x03,0x00,0x02,0x00,0x2b,0xfc,0xff,0xfc,0xff,0x8a,0x00,0x00,0x0a,0xb2,0xff,0xfb,0xff,0xf6,0x19,0x00,0x0c,0xe9,0xff,
  0xfd,0xff,0x39,0x00,0x03,0x00,0x00,0xcf,0xff,0xf9,0xff,0x51,0x00,0x04,0x03,0x00,0xb7,0xff,0xf8,0xff,0x71,0x00,0x08,0xd9,
  0xfd,0xfb,0xfa,0x43,0x00,0x00,0x00,0x78,0x9f,0x99,0x9d,0x68,0x00,0x27,0xff,0xfe,0xff,0xf1,0x1b,0x00,0x03,0x00,0x14,0xea,
  0xff,0xfd,0xff,0x2e,0x00,0x03,0x00,0xd1,0xff,0xfa,0xff,0x6b,0x00,0x05,0x00,0x84,0xff,0xfa,0xfe,0xea,0x35,0x00,0x00,0x27,
  0xd8,0xfe,0xf9,0xfe,0xae,0x00,0x39,0x9d,0x9b,0x9e,0x7e,0x00,0x00,0x02,0xbf,0xff,0xf8,0xfe,0x55,0x00,0x04,0x00,0x04,0x00,
  0xad,0xff,0xf8,0xff,0x7b,0x00,0x00,0xb4,0xff,0xf8,0xff,0x74,0x00,0x04,0x03,0x00,0x95,0xff,0xf7,0xff,0x93,0x00,0x00,0xab,
  0xff,0xff,0xff,0xe0,0x49,0x28,0x7a,0xff,0xfa,0xfd,0xc8,0x00,0x00,0x19,0xf3,0xfd,0xfd,0xff,0xe2,0xce,0x66,0x00,0x8a,0xff,
  0xf7,0xff,0xa1,0x00,0x03,0x00,0x01,0x01,0x07,0xdc,0xfd,0xfc,0xfe,0xff,0xca,0xa5,0xd8,0xff,0xff,0xfe,0xff,0xf6,0x19,0x00,
  0x0c,0xe9,0xff,0xfd,0xff,0x39,0x00,0x03,0x00,0x00,0xcf,0xff,0xf9,0xff,0x51,0x00,0x04,0x03,0x00,0xb7,0xff,0xf8,0xff,0x71,
  0x00,0x00,0x76,0xff,0xf8,0xff,0xf6,0x91,0x73,0xb6,0xff,0xff,0xff,0xff,0x5f,0x00,0x28,0xff,0xfe,0xff,0xf1,0x1b,0x00,0x03,
  0x00,0x14,0xea,0xff,0xfd,0xff,0x2e,0x00,0x04,0x00,0xba,0xfd,0xfb,0xff,0xf2,0xcf,0x9f,0x00,0x23,0xf6,0xfd,0xfc,0xff,0xf9,
  0xb4,0xb0,0xf2,0xff,0xfd,0xfb,0xff,0x40,0x00,0x31,0xff,0xff,0xff,0xff,0x8a,0x2c,0x38,0xd4,0xff,0xf9,0xff,0x4a,0x00,0x04,
  0x00,0x04,0x00,0xab,0xfc,0xf5,0xfc,0x79,0x00,0x00,0xb2,0xfc,0xf5,0xfc,0x72,0x00,0x04,0x03,0x00,0x93,0xfc,0xf4,0xfc,0x91,
  0x00,0x02,0x22,0xeb,0xff,0xf6,0xff,0xff,0xf7,0xff,0xfb,0xfb,0xff,0x6c,0x00,0x05,0x00,0xba,0xff,0xf9,0xfb,0xfd,0xff,0x82,
  0x00,0x89,0xfc,0xf4,0xfc,0x9f,0x00,0x03,0x00,0x00,0x04,0x00,0x6f,0xff,0xfa,0xfc,0xfc,0xff,0xff,0xff,0xff,0xf8,0xfb,0xfc,
  0xf3,0x19,0x00,0x0c,0xe6,0xfc,0xfa,0xfc,0x38,0x00,0x03,0x00,0x00,0xcc,0xfc,0xf6,0xfc,0x50,0x00,0x04,0x03,0x00,0xb5,0xfc,
  0xf5,0xfc,0x6f,0x00,0x04,0x09,0xc5,0xff,0xfb,0xfe,0xff,0xff,0xff,0xf9,0xf8,0xff,0xa0,0x00,0x00,0x25,0xfc,0xfb,0xfc,0xee,
  0x1b,0x00,0x03,0x00,0x14,0xe7,0xfc,0xfa,0xfc,0x2d,0x00,0x06,0x00,0x6d,0xff,0xfa,0xfb,0xfb,0xff,0xcd,0x00,0x00,0x68,0xff,
  0xff,0xfa,0xfe,0xff,0xff,0xff,0xfa,0xff,0xff,0x85,0x00,0x05,0x00,0x8d,0xff,0xf8,0xf8,0xff,0xf9,0xff,0xff,0xf9,0xff,0xe0,
  0x0e,0x01,0x01,0x00,0x04,0x00,0xb8,0xff,0xff,0xff,0x82,0x00,0x00,0xbf,0xff,0xff,0xff,0x7b,0x00,0x04,0x03,0x00,0x9e,0xff,
  0xff,0xff,0x9c,0x00,0x07,0x00,0x3b,0xd7,0xff,0xff,0xff,0xff,0xff,0xff,0xff,0x96,0x03,0x01,0x03,0x01,0x2a,0xdb,0xff,0xff,
  0xff,0xff,0x86,0x00,0x93,0xff,0xff,0xff,0xab,0x00,0x03,0x00,0x00,0x01,0x02,0x03,0xa0,0xff,0xff,0xff,0xff,0xff,0xf1,0x81,
  0xff,0xff,0xff,0xff,0x1b,0x00,0x0d,0xf7,0xff,0xff,0xff,0x3c,0x00,0x03,0x00,0x00,0xdc,0xff,0xff,0xff,0x56,0x00,0x04,0x03,
  0x00,0xc2,0xff,0xff,0xff,0x78,0x00,0x06,0x00,0x14,0xb3,0xff,0xff,0xff,0xff,0xff,0xff,0xff,0x9a,0x07,0x03,0x00,0x27,0xff,
  0xff,0xff,0xff,0x1d,0x00,0x03,0x00,0x15,0xf8,0xff,0xff,0xff,0x31,0x00,0x03,0x01,0x08,0xad,0xff,0xff,0xff,0xff,0xd1,0x00,
  0x04,0x00,0x65,0xec,0xff,0xff,0xff,0xff,0xff,0xff,0xf4,0x79,0x00,0x02,0x02,0x02,0x04,0x92,0xfe,0xff,0xff,0xff,0xff,0xff,
  0xff,0xde,0x37,0x00,0x02,0x00,0x00,0x03,0x00,0x7a,0xb4,0xaf,0xb4,0x57,0x00,0x00,0x7f,0xb4,0xaf,0xb4,0x52,0x00,0x03,0x02,
  0x00,0x69,0xb4,0xae,0xb4,0x68,0x00,0x03,0x02,0x00,0x0b,0x61,0xaa,0xca,0xd2,0xc4,0x97,0x3f,0x00,0x01,0x00,0x00,0x01,0x00,
  0x12,0x6a,0xa2,0xaf,0xb4,0x5a,0x00,0x62,0xb4,0xae,0xb4,0x71,0x00,0x02,0x00,0x00,0x00,0x00,0x00,0x00,0x57,0xb0,0xd0,0xca,
  0x98,0x2a,0x0e,0xb1,0xb4,0xb4,0xad,0x12,0x00,0x08,0xa4,0xb4,0xb2,0xb4,0x28,0x00,0x02,0x00,0x00,0x92,0xb4,0xb0,0xb4,0x39,
  0x00,0x03,0x02,0x00,0x81,0xb4,0xaf,0xb4,0x50,0x00,0x03,0x01,0x00,0x00,0x48,0x9d,0xc6,0xd3,0xc4,0x95,0x3c,0x00,0x00,0x02,
  0x00,0x1a,0xb4,0xb3,0xb4,0xaa,0x13,0x00,0x02,0x00,0x0e,0xa5,0xb4,0xb2,0xb4,0x20,0x00,0x01,0x00,0x00,0x00,0x4f,0x94,0xaf,
  0xb4,0x8c,0x00,0x01,0x02,0x00,0x1d,0x77,0xb7,0xcf,0xd0,0xbb,0x7f,0x26,0x00,0x02,0x00,0x00,0x00,0x00,0x00,0x36,0x8c,0xbe,
  0xd1,0xce,0xb5,0x70,0x13,0x00,0x02,0x00,0x00,0x00,0x00,0x00,0x00,0x00,0x00,0x00,0x00,0x00,0x00,0x00,0x00,0x00,0x00,0x00,
  0x00,0x00,0x00,0x00,0x00,0x00,0x00,0x00,0x00,0x00,0x00,0x00,0x02,0x00,0x00,0x00,0x00,0x03,0x00,0x00,0x00,0x01,0x00,0x00,
  0x00,0x00,0x02,0x00,0x00,0x00,0x00,0x00,0x00,0x00,0x00,0x00,0x00,0x00,0x00,0x00,0x00,0x00,0x00,0x00,0x00,0x00,0x01,0x00,
  0x00,0x01,0x00,0x00,0x00,0x01,0x00,0x00,0x00,0x00,0x00,0x00,0x00,0x00,0x00,0x00,0x00,0x00,0x00,0x00,0x00,0x00,0x00,0x00,
  0x00,0x00,0x00,0x00,0x00,0x00,0x00,0x00,0x00,0x00,0x00,0x00,0x00,0x00,0x00,0x01,0x01,0x00,0x00,0x00,0x03,0x00,0x00,0x00,
  0x02,0x01,0x00,0x00,0x00,0x00,0x00,0x00,0x00,0x00,0x00,0x00,0x00,0x00,0x00,0x00,0x00,0x00,0x00,0x00,0x00,0x00,0x01,0x00,
  0x00,0x00,0x00,0x00,0x00,0x00,0x00,0x00,0x03,0x00,0x00,0x00,0x00,0x01,0x00,0x00,0x00,0x03,0x00,0x00,0x00,0x00,0x00,0x02,
  0x00,0x00,0x00,0x02,0x00,0x00,0x00,0x00,0x02,0x00,0x00,0x00,0x00,0x00,0x00,0x02,0x03,0x03,0x03,0x02,0x00,0x00,0x02,0x03,
  0x03,0x03,0x02,0x00,0x00,0x00,0x00,0x02,0x03,0x03,0x03,0x02,0x00,0x00,0x00,0x00,0x01,0x04,0x03,0x00,0x00,0x01,0x04,0x03,
  0x00,0x00,0x00,0x00,0x00,0x00,0x01,0x04,0x04,0x03,0x03,0x02,0x00,0x02,0x03,0x03,0x03,0x02,0x00,0x00,0x00,0x00,0x00,0x00,
  0x00,0x00,0x03,0x03,0x00,0x00,0x04,0x02,0x00,0x03,0x03,0x03,0x03,0x00,0x00,0x00,0x03,0x03,0x03,0x03,0x01,0x00,0x00,0x00,
  0x00,0x03,0x03,0x03,0x03,0x01,0x00,0x00,0x00,0x00,0x02,0x03,0x03,0x03,0x02,0x00,0x00,0x00,0x00,0x00,0x03,0x04,0x01,0x00,
  0x01,0x04,0x03,0x00,0x00,0x00,0x00,0x01,0x03,0x03,0x03,0x03,0x00,0x00,0x00,0x00,0x00,0x03,0x03,0x03,0x03,0x01,0x00,0x00,
  0x00,0x00,0x00,0x03,0x04,0x03,0x03,0x03,0x00,0x00,0x00,0x00,0x02,0x04,0x03,0x00,0x00,0x02,0x04,0x02,0x00,0x00,0x00,0x00,
  0x00,0x00,0x00,0x03,0x04,0x02,0x00,0x00,0x03,0x04,0x01,0x00,0x00,0x00,0x00,
};
const lv_img_dsc_t txt_title_instrumentos = {
  .header.cf = LV_IMG_CF_ALPHA_8BIT,
  .header.always_zero = 0,
  .header.reserved = 0,
  .header.w = 171,
  .header.h = 21,
  .data_size = 3591,
  .data = txt_title_instrumentos_map,
};

static const uint8_t txt_title_bateria_map[] = {
  0x00,0x00,0x00,0x00,0x00,0x00,0x00,0x00,0x00,0x00,0x00,0x00,0x00,0x00,0x00,0x00,0x00,0x00,0x00,0x00,0x00,0x00,0x00,0x00,
  0x00,0x00,0x00,0x00,0x00,0x00,0x00,0x00,0x00,0x00,0x00,0x00,0x00,0x00,0x00,0x00,0x00,0x00,0x00,0x00,0x00,0x00,0x00,0x00,
  0x00,0x00,0x00,0x00,0x00,0x00,0x00,0x00,0x00,0x00,0x00,0x00,0x00,0x00,0x00,0x00,0x00,0x00,0x00,0x00,0x00,0x00,0x03,0x00,
  0x00,0x01,0x01,0x00,0x00,0x00,0x00,0x00,0x00,0x00,0x00,0x00,0x00,0x00,0x00,0x00,0x00,0x00,0x00,0x00,0x00,0x00,0x00,0x00,
  0x00,0x00,0x00,0x00,0x00,0x00,0x00,0x00,0x00,0x00,0x00,0x00,0x00,0x00,0x00,0x00,0x00,0x00,0x00,0x00,0x00,0x00,0x00,0x00,
  0x00,0x00,0x00,0x00,0x00,0x00,0x00,0x00,0x00,0x00,0x00,0x00,0x00,0x00,0x00,0x00,0x00,0x00,0x00,0x00,0x00,0x00,0x00,0x00,
  0x00,0x00,0x00,0x00,0x00,0x00,0x00,0x00,0x00,0x00,0x00,0x00,0x00,0x00,0x00,0x00,0x00,0x00,0x00,0x00,0x00,0x0c,0x18,0x00,
  0x00,0x00,0x00,0x00,0x00,0x00,0x00,0x00,0x00,0x00,0x00,0x00,0x00,0x00,0x00,0x00,0x00,0x00,0x00,0x00,0x00,0x00,0x00,0x01,
  0x02,0x02,0x02,0x02,0x02,0x02,0x02,0x02,0x03,0x03,0x01,0x00,0x00,0x00,0x00,0x00,0x00,0x00,0x00,0x00,0x00,0x00,0x00,0x00,
  0x00,0x00,0x00,0x00,0x00,0x00,0x00,0x00,0x02,0x03,0x03,0x03,0x01,0x00,0x00,0x00,0x00,0x00,0x00,0x00,0x00,0x00,0x00,0x00,
  0x00,0x00,0x00,0x00,0x00,0x00,0x00,0x00,0x00,0x00,0x00,0x00,0x00,0x00,0x00,0x00,0x02,0x00,0x6f,0xe4,0xf5,0xbb,0x1d,0x00,
  0x02,0x00,0x00,0x00,0x00,0x00,0x00,0x00,0x00,0x00,0x00,0x00,0x00,0x00,0x00,0x00,0x00,0x00,0x00,0x00,0x00,0x00,0x00,0x00,
  0x00,0x00,0x00,0x00,0x00,0x00,0x00,0x00,0x00,0x01,0x00,0x00,0x00,0x00,0x00,0x00,0x00,0x00,0x00,0x00,0x00,0x00,0x00,0x00,
  0x00,0x00,0x00,0x00,0x00,0x00,0x00,0x00,0x00,0x00,0x00,0x00,0x00,0x00,0x00,0x00,0x00,0x00,0x00,0x00,0x00,0x00,0x00,0x00,
  0x00,0x00,0x00,0x00,0x00,0x00,0x00,0x00,0x00,0x00,0x00,0x00,0x00,0x02,0x00,0x2e,0xff,0xff,0xfd,0xff,0xa3,0x00,0x03,0x00,
  0x00,0x00,0x00,0x00,0x00,0x00,0x00,0x00,0x00,0x00,0x00,0x00,0x00,0x00,0x00,0x00,0x00,0x03,0x00,0x87,0xc7,0xc4,0xc7,0xc7,
  0xc7,0xc7,0xc6,0xbe,0x9d,0x58,0x04,0x00,0x01,0x00,0x00,0x00,0x00,0x00,0x00,0x00,0x00,0x00,0x00,0x00,0x00,0x00,0x00,0x00,
  0x00,0x00,0x01,0x00,0x7d,0xa1,0x9b,0xa1,0x3b,0x00,0x02,0x00,0x00,0x00,0x00,0x00,0x00,0x00,0x00,0x00,0x00,0x00,0x00,0x00,
  0x00,0x00,0x00,0x00,0x00,0x00,0x00,0x00,0x00,0x00,0x00,0x03,0x00,0x34,0xff,0xff,0xfa,0xff,0xad,0x00,0x03,0x00,0x00,0x00,
  0x00,0x00,0x00,0x00,0x00,0x00,0x00,0x00,0x00,0x00,0x00,0x00,0x00,0x00,0x00,0x04,0x00,0xb5,0xff,0xff,0xff,0xff,0xff,0xff,
  0xff,0xff,0xff,0xff,0xc8,0x1e,0x01,0x02,0x00,0x00,0x00,0x00,0x02,0x03,0x04,0x03,0x01,0x00,0x02,0x03,0x03,0x03,0x01,0x00,
  0x03,0x03,0xd5,0xff,0xff,0xff,0x67,0x03,0x07,0x00,0x00,0x00,0x00,0x00,0x01,0x02,0x03,0x04,0x03,0x02,0x00,0x00,0x00,0x00,
  0x00,0x01,0x03,0x03,0x03,0x03,0x00,0x00,0x02,0x03,0x02,0x01,0x88,0xf5,0xff,0xd2,0x2a,0x00,0x02,0x00,0x00,0x00,0x02,0x03,
  0x04,0x03,0x01,0x00,0x02,0x03,0x03,0x03,0x01,0x00,0x00,0x00,0x00,0x04,0x00,0xab,0xfc,0xf9,0xfc,0xff,0xff,0xff,0xff,0xff,
  0xfb,0xfa,0xff,0xbe,0x02,0x02,0x00,0x00,0x02,0x01,0x00,0x00,0x00,0x00,0x00,0x02,0x00,0x00,0x00,0x00,0x00,0x00,0x00,0x00,
  0xc3,0xfb,0xf5,0xfb,0x56,0x00,0x00,0x00,0x00,0x00,0x00,0x03,0x00,0x00,0x00,0x00,0x00,0x00,0x02,0x02,0x00,0x00,0x00,0x00,
  0x00,0x00,0x00,0x00,0x00,0x02,0x00,0x00,0x00,0x00,0x00,0x0f,0x1f,0x00,0x00,0x00,0x00,0x00,0x01,0x02,0x00,0x00,0x00,0x00,
  0x00,0x03,0x00,0x00,0x00,0x00,0x00,0x00,0x00,0x00,0x00,0x04,0x00,0xad,0xff,0xf9,0xff,0xb7,0x73,0x74,0x7d,0xd3,0xff,0xfd,
  0xfc,0xff,0x2e,0x00,0x02,0x02,0x00,0x00,0x2d,0x58,0x5f,0x3d,0x05,0x00,0x2f,0x3b,0x3a,0x3b,0x19,0x00,0x1d,0x3b,0xd4,0xff,
  0xfa,0xff,0x84,0x3b,0x34,0x00,0x00,0x00,0x02,0x00,0x01,0x31,0x55,0x62,0x4d,0x24,0x00,0x00,0x02,0x01,0x00,0x0d,0x3b,0x3b,
  0x3b,0x36,0x01,0x00,0x26,0x56,0x0d,0x00,0x37,0x35,0x31,0x3a,0x12,0x00,0x00,0x02,0x00,0x00,0x26,0x54,0x62,0x44,0x0c,0x00,
  0x28,0x3b,0x39,0x3b,0x1f,0x00,0x01,0x00,0x00,0x04,0x00,0xad,0xff,0xf8,0xff,0x73,0x00,0x00,0x00,0x1c,0xee,0xfe,0xfb,0xfe,
  0x47,0x00,0x05,0x00,0x2b,0xb8,0xfd,0xff,0xff,0xff,0xd0,0x37,0xc0,0xff,0xff,0xff,0x6e,0x00,0x7d,0xff,0xfd,0xff,0xff,0xff,
  0xff,0xff,0xdc,0x00,0x00,0x02,0x00,0x57,0xcd,0xff,0xff,0xff,0xff,0xf6,0xb3,0x31,0x00,0x05,0x00,0x3a,0xff,0xff,0xff,0xe8,
  0x11,0x94,0xf9,0xff,0x1f,0x00,0xeb,0xff,0xff,0xff,0x47,0x00,0x05,0x00,0x1c,0xa9,0xf8,0xff,0xff,0xff,0xdc,0x45,0xa0,0xff,
  0xff,0xff,0x8a,0x00,0x04,0x00,0x00,0x04,0x00,0xad,0xff,0xf8,0xff,0x7c,0x01,0x06,0x00,0x00,0xde,0xff,0xfb,0xff,0x32,0x00,
  0x01,0x2b,0xec,0xff,0xfe,0xfa,0xfb,0xfe,0xff,0xed,0xe2,0xfd,0xf9,0xfd,0x69,0x00,0x76,0xfb,0xfa,0xff,0xff,0xff,0xfb,0xfb,
  0xd1,0x00,0x03,0x00,0x86,0xff,0xff,0xfc,0xff,0xff,0xfe,0xfe,0xff,0xf4,0x47,0x00,0x00,0x37,0xfd,0xfa,0xfd,0xde,0xbb,0xff,
  0xfe,0xf7,0x1d,0x00,0xe0,0xfd,0xfa,0xfd,0x43,0x00,0x02,0x1a,0xda,0xff,0xff,0xfa,0xfa,0xfe,0xff,0xf5,0xdc,0xfd,0xf8,0xfd,
  0x84,0x00,0x04,0x00,0x00,0x04,0x00,0xad,0xff,0xf8,0xff,0x83,0x0e,0x12,0x15,0x75,0xfe,0xfc,0xff,0xcb,0x04,0x00,0x04,0xca,
  0xff,0xfa,0xfd,0xff,0xff,0xf9,0xff,0xff,0xff,0xff,0xfc,0xff,0x6a,0x00,0x7c,0xff,0xfd,0xff,0xff,0xff,0xff,0xff,0xdb,0x00,
  0x00,0x53,0xff,0xfb,0xfc,0xff,0xe9,0xd5,0xf9,0xff,0xfa,0xff,0xec,0x1b,0x00,0x3a,0xff,0xfd,0xff,0xff,0xff,0xfe,0xff,0xff,
  0x1f,0x00,0xe2,0xff,0xfc,0xff,0x44,0x00,0x00,0xad,0xff,0xf9,0xfd,0xff,0xff,0xf8,0xff,0xff,0xff,0xff,0xfb,0xff,0x85,0x00,
  0x04,0x00,0x00,0x04,0x00,0xad,0xff,0xfb,0xff,0xf5,0xeb,0xeb,0xef,0xff,0xfe,0xfa,0xc6,0x2a,0x02,0x00,0x48,0xff,0xfc,0xfd,
  0xff,0xb8,0x3e,0x26,0x5e,0xe8,0xfe,0xfd,0xfc,0xff,0x67,0x00,0x23,0x46,0xd5,0xff,0xfa,0xff,0x89,0x44,0x3b,0x00,0x04,0xd0,
  0xfe,0xfa,0xff,0x84,0x0c,0x01,0x21,0xc1,0xff,0xf8,0xff,0x86,0x00,0x3c,0xff,0xfd,0xff,0xfe,0xff,0xf3,0xd2,0xc9,0x18,0x00,
  0xe2,0xff,0xfc,0xff,0x46,0x00,0x30,0xfe,0xfd,0xfd,0xff,0xcb,0x49,0x25,0x51,0xd8,0xff,0xfd,0xfb,0xff,0x85,0x00,0x04,0x00,
  0x00,0x04,0x00,0xad,0xff,0xfb,0xff,0xff,0xff,0xff,0xff,0xfd,0xfc,0xeb,0x56,0x00,0x06,0x00,0x8f,0xfe,0xf9,0xff,0xd2,0x05,
  0x00,0x00,0x00,0x3f,0xfb,0xfd,0xfb,0xff,0x66,0x00,0x00,0x00,0xc5,0xff,0xf9,0xff,0x57,0x00,0x00,0x00,0x29,0xfd,0xfd,0xff,
  0xdb,0x13,0x13,0x19,0x0e,0x53,0xff,0xfa,0xfe,0xcd,0x00,0x39,0xff,0xfd,0xfc,0xff,0xb1,0x1f,0x04,0x00,0x00,0x04,0xe1,0xff,
  0xfc,0xff,0x47,0x00,0x72,0xff,0xfa,0xfe,0xe6,0x14,0x00,0x00,0x00,0x24,0xf1,0xfe,0xfa,0xff,0x85,0x00,0x04,0x00,0x00,0x04,
  0x00,0xad,0xff,0xfb,0xff,0xf0,0xe2,0xe3,0xe2,0xfb,0xff,0xfe,0xff,0x95,0x01,0x00,0xb1,0xff,0xf8,0xff,0x7f,0x00,0x07,0x02,
  0x04,0x00,0xd1,0xff,0xf9,0xff,0x66,0x00,0x06,0x03,0xc9,0xff,0xf9,0xff,0x61,0x03,0x09,0x00,0x4c,0xff,0xfd,0xff,0xfa,0xf4,
  0xf5,0xf4,0xf5,0xf4,0xfd,0xfb,0xfd,0xe3,0x01,0x35,0xff,0xfd,0xfe,0xf9,0x21,0x00,0x02,0x01,0x00,0x04,0xe1,0xff,0xfc,0xff,
  0x48,0x00,0x95,0xff,0xf7,0xff,0xa0,0x00,0x06,0x02,0x05,0x00,0xb5,0xff,0xf8,0xff,0x85,0x00,0x04,0x00,0x00,0x04,0x00,0xad,
  0xff,0xf8,0xff,0x7f,0x06,0x0a,0x07,0x2f,0xd1,0xfe,0xfa,0xff,0x5a,0x00,0xbb,0xff,0xf8,0xff,0x71,0x03,0x04,0x00,0x02,0x00,
  0xc3,0xff,0xf9,0xff,0x66,0x00,0x05,0x00,0xc8,0xff,0xf9,0xff,0x60,0x00,0x07,0x00,0x53,0xfe,0xfd,0xff,0xff,0xff,0xff,0xff,
  0xff,0xff,0xff,0xff,0xff,0xef,0x01,0x35,0xff,0xfc,0xff,0xe5,0x0f,0x02,0x01,0x02,0x00,0x04,0xe1,0xff,0xfc,0xff,0x48,0x00,
  0x9a,0xff,0xf7,0xff,0x90,0x03,0x04,0x00,0x04,0x02,0xa5,0xff,0xf7,0xff,0x85,0x00,0x04,0x00,0x00,0x04,0x00,0xad,0xff,0xf8,
  0xff,0x7d,0x03,0x06,0x07,0x00,0x61,0xff,0xf7,0xfd,0xb4,0x00,0xa5,0xfe,0xf8,0xff,0xa5,0x00,0x05,0x05,0x00,0x0b,0xe8,0xff,
  0xfa,0xff,0x66,0x00,0x05,0x00,0xc8,0xff,0xf9,0xff,0x5c,0x02,0x08,0x00,0x3d,0xff,0xfb,0xff,0xcf,0x36,0x3f,0x3e,0x3c,0x2c,
  0x2c,0x2b,0x2b,0x2d,0x00,0x37,0xff,0xfc,0xff,0xe3,0x0d,0x00,0x01,0x01,0x00,0x04,0xe1,0xff,0xfc,0xff,0x48,0x00,0x86,0xfe,
  0xf8,0xff,0xc3,0x00,0x03,0x05,0x01,0x00,0xd2,0xff,0xf9,0xff,0x85,0x00,0x04,0x00,0x00,0x04,0x00,0xad,0xff,0xf8,0xff,0x72,
  0x00,0x00,0x00,0x00,0x91,0xff,0xf9,0xfe,0xc4,0x00,0x6f,0xff,0xfa,0xfe,0xf8,0x50,0x00,0x00,0x03,0x96,0xff,0xfc,0xfc,0xff,
  0x66,0x00,0x05,0x00,0xc5,0xff,0xf9,0xff,0x71,0x00,0x00,0x00,0x14,0xef,0xfd,0xfd,0xee,0x1d,0x00,0x00,0x00,0x6d,0x86,0x81,
  0x86,0x4d,0x00,0x3a,0xff,0xfc,0xff,0xe3,0x0d,0x00,0x01,0x01,0x00,0x04,0xe1,0xff,0xfc,0xff,0x47,0x00,0x51,0xff,0xfc,0xfd,
  0xfe,0x6a,0x00,0x00,0x00,0x7a,0xff,0xfd,0xfb,0xff,0x85,0x00,0x04,0x00,0x00,0x04,0x00,0xad,0xff,0xfa,0xff,0xbe,0x81,0x84,
  0x81,0xac,0xfe,0xff,0xf9,0xff,0xa2,0x00,0x20,0xf6,0xfc,0xfc,0xff,0xfe,0xb4,0x96,0xcf,0xff,0xfe,0xff,0xfc,0xff,0x66,0x00,
  0x06,0x00,0xb0,0xfd,0xfb,0xff,0xee,0xc0,0x9b,0x00,0x00,0x98,0xff,0xf8,0xff,0xe5,0x79,0x65,0xb2,0xff,0xff,0xff,0xff,0x53,
  0x00,0x3c,0xff,0xfc,0xff,0xe3,0x0d,0x00,0x01,0x01,0x00,0x04,0xe1,0xff,0xfc,0xff,0x45,0x00,0x0f,0xe3,0xfe,0xfc,0xff,0xff,
  0xbe,0x94,0xc4,0xff,0xfe,0xff,0xfb,0xff,0x85,0x00,0x04,0x00,0x00,0x04,0x00,0xab,0xfc,0xf8,0xfc,0xff,0xff,0xff,0xff,0xff,
  0xfc,0xfa,0xff,0xff,0x38,0x00,0x00,0x79,0xff,0xfb,0xfb,0xfd,0xff,0xff,0xff,0xff,0xfc,0xfc,0xf9,0xfc,0x65,0x00,0x07,0x00,
  0x65,0xff,0xfa,0xfb,0xfd,0xff,0xdc,0x00,0x02,0x17,0xdf,0xff,0xfa,0xff,0xff,0xff,0xff,0xf8,0xf8,0xff,0x94,0x00,0x00,0x38,
  0xfc,0xf9,0xfc,0xe0,0x0d,0x00,0x01,0x01,0x00,0x04,0xde,0xfc,0xf9,0xfc,0x43,0x00,0x00,0x5b,0xff,0xfd,0xfb,0xfc,0xff,0xff,
  0xff,0xff,0xfd,0xfc,0xf8,0xfc,0x83,0x00,0x04,0x00,0x00,0x04,0x00,0xb7,0xff,0xff,0xff,0xff,0xff,0xff,0xff,0xff,0xff,0xff,
  0xec,0x5c,0x00,0x02,0x03,0x00,0x90,0xff,0xff,0xff,0xff,0xff,0xff,0x9b,0xcf,0xff,0xff,0xff,0x6c,0x00,0x05,0x02,0x07,0xac,
  0xff,0xff,0xff,0xff,0xde,0x00,0x02,0x00,0x25,0xc8,0xff,0xff,0xff,0xff,0xff,0xff,0xff,0x93,0x03,0x04,0x00,0x3b,0xff,0xff,
  0xff,0xf0,0x0e,0x00,0x01,0x01,0x00,0x04,0xee,0xff,0xff,0xff,0x48,0x00,0x05,0x00,0x77,0xfd,0xff,0xff,0xff,0xff,0xff,0xac,
  0xb9,0xff,0xff,0xff,0x8d,0x00,0x04,0x00,0x00,0x03,0x00,0x7f,0xbb,0xb8,0xbb,0xbb,0xbb,0xbb,0xbb,0xb7,0xa1,0x6c,0x1a,0x00,
  0x02,0x00,0x00,0x01,0x00,0x44,0xa5,0xd0,0xd5,0xb7,0x5f,0x00,0x8b,0xbb,0xb6,0xbb,0x4b,0x00,0x03,0x01,0x00,0x00,0x52,0x99,
  0xb5,0xbb,0x9b,0x00,0x00,0x02,0x00,0x03,0x59,0xaa,0xce,0xd8,0xc7,0x96,0x3b,0x00,0x00,0x03,0x00,0x29,0xbb,0xb9,0xbb,0xa6,
  0x0a,0x00,0x01,0x01,0x00,0x03,0xa5,0xbb,0xb9,0xbb,0x32,0x00,0x02,0x02,0x00,0x37,0x9c,0xcd,0xd7,0xbe,0x6f,0x00,0x72,0xbb,
  0xb5,0xbb,0x61,0x00,0x03,0x00,0x00,0x00,0x00,0x00,0x00,0x00,0x00,0x00,0x00,0x00,0x00,0x00,0x00,0x00,0x00,0x03,0x00,0x00,
  0x00,0x00,0x02,0x00,0x00,0x01,0x04,0x00,0x00,0x01,0x00,0x00,0x00,0x00,0x00,0x00,0x00,0x00,0x01,0x00,0x00,0x00,0x00,0x00,
  0x00,0x00,0x00,0x00,0x02,0x00,0x00,0x00,0x00,0x05,0x00,0x00,0x00,0x02,0x00,0x00,0x00,0x00,0x00,0x00,0x00,0x00,0x00,0x00,
  0x00,0x00,0x00,0x00,0x00,0x00,0x00,0x00,0x00,0x00,0x00,0x00,0x02,0x00,0x00,0x00,0x05,0x00,0x00,0x00,0x00,0x00,0x00,0x00,
  0x00,0x00,0x00,0x00,0x00,0x00,0x00,0x02,0x03,0x03,0x03,0x03,0x03,0x03,0x03,0x03,0x03,0x04,0x02,0x00,0x00,0x00,0x00,0x00,
  0x00,0x03,0x03,0x00,0x00,0x02,0x04,0x00,0x02,0x03,0x03,0x03,0x01,0x00,0x00,0x00,0x00,0x01,0x03,0x04,0x03,0x03,0x03,0x00,
  0x00,0x00,0x00,0x01,0x04,0x03,0x00,0x00,0x01,0x04,0x03,0x00,0x00,0x00,0x00,0x01,0x03,0x03,0x03,0x03,0x00,0x00,0x00,0x00,
  0x00,0x00,0x03,0x03,0x03,0x03,0x01,0x00,0x00,0x00,0x00,0x03,0x04,0x00,0x00,0x02,0x04,0x01,0x02,0x03,0x03,0x03,0x02,0x00,
  0x00,0x00,
};
const lv_img_dsc_t txt_title_bateria = {
  .header.cf = LV_IMG_CF_ALPHA_8BIT,
  .header.always_zero = 0,
  .header.reserved = 0,
  .header.w = 94,
  .header.h = 23,
  .data_size = 2162,
  .data = txt_title_bateria_map,
};

static const uint8_t txt_title_semfio_map[] = {
  0x00,0x00,0x00,0x00,0x00,0x00,0x00,0x00,0x00,0x00,0x00,0x00,0x00,0x00,0x00,0x00,0x00,0x00,0x00,0x00,0x00,0x00,0x00,0x00,
  0x00,0x00,0x00,0x00,0x00,0x00,0x00,0x00,0x00,0x00,0x00,0x00,0x00,0x00,0x00,0x00,0x00,0x00,0x00,0x00,0x00,0x00,0x00,0x00,
  0x00,0x00,0x00,0x00,0x00,0x00,0x00,0x00,0x00,0x00,0x00,0x00,0x00,0x00,0x00,0x00,0x00,0x00,0x00,0x00,0x00,0x00,0x00,0x00,
  0x00,0x00,0x00,0x00,0x03,0x00,0x00,0x00,0x02,0x00,0x00,0x00,0x00,0x00,0x00,0x00,0x00,0x00,0x00,0x00,0x00,0x00,0x00,0x00,
  0x00,0x00,0x00,0x00,0x00,0x00,0x00,0x00,0x00,0x00,0x00,0x01,0x01,0x00,0x00,0x00,0x00,0x00,0x00,0x00,0x00,0x00,0x00,0x00,
  0x00,0x00,0x00,0x00,0x00,0x00,0x00,0x00,0x00,0x00,0x00,0x00,0x00,0x00,0x00,0x00,0x00,0x00,0x00,0x00,0x00,0x00,0x00,0x00,
  0x00,0x00,0x00,0x00,0x00,0x00,0x00,0x00,0x00,0x00,0x00,0x00,0x00,0x00,0x00,0x00,0x00,0x00,0x00,0x00,0x00,0x00,0x00,0x00,
  0x00,0x00,0x00,0x00,0x00,0x00,0x00,0x00,0x0a,0x19,0x00,0x00,0x00,0x00,0x00,0x00,0x00,0x00,0x00,0x00,0x00,0x00,0x00,0x00,
  0x00,0x00,0x00,0x00,0x00,0x00,0x00,0x00,0x00,0x00,0x00,0x02,0x04,0x01,0x00,0x00,0x00,0x03,0x03,0x00,0x00,0x00,0x00,0x00,
  0x00,0x00,0x00,0x00,0x00,0x00,0x00,0x00,0x00,0x00,0x00,0x00,0x00,0x00,0x00,0x00,0x00,0x00,0x00,0x00,0x00,0x00,0x00,0x00,
  0x00,0x00,0x00,0x00,0x00,0x00,0x00,0x00,0x00,0x00,0x00,0x00,0x00,0x00,0x00,0x00,0x00,0x00,0x00,0x00,0x00,0x02,0x02,0x02,
  0x02,0x02,0x02,0x02,0x02,0x02,0x02,0x02,0x02,0x00,0x63,0xe0,0xf6,0xc2,0x25,0x01,0x02,0x00,0x00,0x00,0x00,0x00,0x00,0x00,
  0x00,0x00,0x00,0x00,0x00,0x00,0x00,0x00,0x00,0x00,0x00,0x00,0x00,0x03,0x00,0x00,0x00,0x09,0x0a,0x00,0x00,0x00,0x02,0x01,
  0x00,0x00,0x00,0x00,0x00,0x00,0x00,0x00,0x00,0x00,0x00,0x00,0x00,0x00,0x00,0x00,0x00,0x00,0x00,0x00,0x00,0x00,0x00,0x00,
  0x00,0x00,0x00,0x00,0x00,0x00,0x00,0x00,0x00,0x00,0x00,0x00,0x00,0x00,0x00,0x00,0x00,0x00,0x00,0x00,0x00,0x00,0x00,0x00,
  0x00,0x00,0x00,0x00,0x00,0x00,0x00,0x00,0x00,0x00,0x00,0x00,0x20,0xfd,0xff,0xfd,0xff,0xb0,0x00,0x03,0x00,0x00,0x00,0x00,
  0x00,0x00,0x00,0x00,0x00,0x00,0x00,0x00,0x00,0x00,0x00,0x00,0x00,0x00,0x00,0x01,0x00,0x31,0x90,0xca,0xdd,0xdf,0xcf,0x9d,
  0x44,0x00,0x00,0x00,0x00,0x00,0x00,0x00,0x00,0x00,0x00,0x00,0x00,0x00,0x00,0x00,0x00,0x00,0x00,0x00,0x00,0x00,0x00,0x00,
  0x00,0x00,0x00,0x00,0x00,0x00,0x00,0x00,0x00,0x00,0x00,0x00,0x00,0x00,0x00,0x00,0x00,0x00,0x00,0x00,0x00,0x00,0x00,0x00,
  0x02,0x00,0x18,0xc4,0xc7,0xc6,0xc7,0xc7,0xc7,0xc7,0xc7,0xc5,0xc7,0xa5,0x00,0x26,0xff,0xff,0xfa,0xff,0xbb,0x00,0x03,0x00,
  0x00,0x00,0x00,0x00,0x00,0x00,0x00,0x00,0x00,0x00,0x00,0x00,0x00,0x00,0x00,0x00,0x00,0x02,0x00,0x7a,0xfa,0xff,0xff,0xff,
  0xff,0xff,0xff,0xff,0x9e,0x06,0x02,0x01,0x00,0x00,0x00,0x00,0x01,0x03,0x04,0x04,0x03,0x01,0x00,0x00,0x00,0x00,0x00,0x01,
  0x03,0x03,0x03,0x03,0x00,0x01,0x03,0x04,0x03,0x02,0x00,0x00,0x00,0x00,0x01,0x03,0x04,0x03,0x02,0x00,0x00,0x00,0x00,0x00,
  0x00,0x00,0x00,0x02,0x00,0x21,0xff,0xff,0xff,0xff,0xff,0xff,0xff,0xff,0xff,0xff,0xd8,0x00,0x00,0x7b,0xf2,0xff,0xd8,0x33,
  0x01,0x02,0x00,0x00,0x00,0x01,0x02,0x03,0x04,0x03,0x02,0x00,0x00,0x00,0x00,0x00,0x00,0x00,0x00,0x03,0x00,0x5c,0xff,0xfe,
  0xfb,0xff,0xff,0xff,0xff,0xfa,0xfa,0xff,0x8a,0x00,0x03,0x00,0x00,0x01,0x03,0x00,0x00,0x00,0x00,0x00,0x00,0x03,0x01,0x00,
  0x00,0x00,0x00,0x00,0x00,0x00,0x00,0x02,0x00,0x00,0x00,0x00,0x00,0x02,0x01,0x00,0x03,0x00,0x00,0x00,0x00,0x00,0x01,0x02,
  0x00,0x00,0x00,0x00,0x00,0x00,0x02,0x00,0x1f,0xf9,0xfc,0xfb,0xfd,0xff,0xff,0xff,0xff,0xff,0xff,0xdf,0x00,0x01,0x00,0x0c,
  0x20,0x00,0x00,0x01,0x00,0x00,0x00,0x03,0x00,0x00,0x00,0x00,0x00,0x00,0x01,0x03,0x00,0x00,0x00,0x00,0x00,0x01,0x01,0x02,
  0xcd,0xfd,0xfa,0xff,0xc4,0x57,0x61,0xd3,0xff,0xff,0xff,0xf6,0x17,0x00,0x01,0x01,0x00,0x00,0x10,0x3f,0x5d,0x5f,0x44,0x14,
  0x00,0x00,0x01,0x00,0x00,0x0e,0x3b,0x3a,0x3b,0x36,0x00,0x04,0x3f,0x61,0x56,0x29,0x00,0x00,0x04,0x00,0x05,0x3e,0x61,0x57,
  0x2e,0x00,0x00,0x02,0x00,0x00,0x00,0x00,0x00,0x02,0x00,0x1f,0xfc,0xff,0xff,0xf8,0x83,0x73,0x74,0x73,0x72,0x73,0x5e,0x00,
  0x01,0x33,0x35,0x30,0x39,0x14,0x00,0x01,0x00,0x01,0x00,0x01,0x30,0x55,0x62,0x4e,0x27,0x00,0x00,0x02,0x00,0x00,0x00,0x00,
  0x01,0x00,0x11,0xee,0xff,0xfe,0xfe,0x27,0x00,0x00,0x2f,0xea,0xea,0xea,0xed,0x34,0x00,0x04,0x00,0x09,0x83,0xe4,0xff,0xff,
  0xff,0xff,0xe9,0x8c,0x0d,0x00,0x05,0x00,0x3c,0xff,0xff,0xff,0xe0,0x47,0xcf,0xff,0xff,0xff,0xfa,0xab,0x1a,0x00,0x4a,0xd1,
  0xff,0xff,0xff,0xfd,0xb9,0x27,0x00,0x02,0x00,0x00,0x00,0x00,0x02,0x00,0x1f,0xfc,0xff,0xff,0xf2,0x0e,0x00,0x00,0x00,0x00,
  0x00,0x00,0x01,0x00,0xdc,0xff,0xff,0xff,0x53,0x00,0x04,0x01,0x00,0x5e,0xce,0xff,0xff,0xff,0xff,0xf9,0xbe,0x44,0x00,0x03,
  0x00,0x00,0x00,0x01,0x00,0x0f,0xeb,0xfe,0xfc,0xff,0x6b,0x00,0x00,0x00,0x15,0x15,0x12,0x13,0x05,0x01,0x02,0x0d,0xc0,0xff,
  0xff,0xfc,0xff,0xff,0xfc,0xff,0xff,0xcb,0x15,0x03,0x00,0x39,0xfd,0xfa,0xfd,0xf1,0xf8,0xff,0xff,0xfa,0xfb,0xfe,0xff,0xc5,
  0x61,0xfe,0xff,0xff,0xfa,0xfb,0xfe,0xff,0xe3,0x1c,0x01,0x02,0x00,0x00,0x00,0x02,0x00,0x1f,0xfc,0xff,0xff,0xf3,0x1f,0x01,
  0x03,0x01,0x01,0x04,0x04,0x01,0x00,0xd1,0xfd,0xf8,0xfd,0x4f,0x00,0x05,0x01,0x99,0xff,0xff,0xfc,0xfb,0xfe,0xfa,0xfe,0xff,
  0xff,0x6f,0x00,0x02,0x00,0x00,0x00,0x02,0x01,0xc0,0xff,0xf9,0xfe,0xff,0xad,0x4e,0x0f,0x00,0x00,0x00,0x00,0x00,0x02,0x00,
  0x9b,0xff,0xf8,0xff,0xff,0xdd,0xdc,0xff,0xff,0xf8,0xff,0xab,0x00,0x00,0x3a,0xff,0xfd,0xff,0xff,0xff,0xff,0xf8,0xff,0xff,
  0xfe,0xfc,0xff,0xff,0xff,0xff,0xf8,0xff,0xff,0xfe,0xf9,0xff,0x9a,0x00,0x03,0x00,0x00,0x00,0x02,0x00,0x1f,0xfc,0xff,0xff,
  0xf4,0x2a,0x0e,0x10,0x0e,0x0d,0x01,0x00,0x01,0x00,0xd3,0xff,0xfa,0xff,0x50,0x00,0x00,0x75,0xff,0xfa,0xfc,0xff,0xff,0xf8,
  0xff,0xff,0xfb,0xfd,0xff,0x45,0x00,0x03,0x00,0x00,0x03,0x00,0x3d,0xf9,0xff,0xfc,0xfb,0xff,0xff,0xe3,0x9a,0x3d,0x00,0x00,
  0x03,0x00,0x28,0xfc,0xfc,0xfd,0xf0,0x4c,0x01,0x01,0x46,0xec,0xfe,0xfb,0xff,0x36,0x00,0x3d,0xff,0xfd,0xfd,0xff,0xcd,0x44,
  0x24,0x57,0xe8,0xfe,0xfd,0xfc,0xfd,0xda,0x4d,0x24,0x4d,0xdb,0xff,0xfb,0xfe,0xe4,0x09,0x00,0x01,0x00,0x00,0x02,0x00,0x1f,
  0xfc,0xff,0xfe,0xfe,0xef,0xed,0xec,0xed,0xdc,0x15,0x00,0x02,0x00,0xd3,0xff,0xfa,0xff,0x52,0x00,0x19,0xf0,0xfd,0xfc,0xff,
  0xc5,0x43,0x25,0x59,0xe4,0xff,0xfa,0xfe,0xca,0x02,0x01,0x00,0x00,0x00,0x02,0x00,0x42,0xd1,0xff,0xff,0xff,0xfb,0xff,0xff,
  0xff,0xae,0x14,0x02,0x00,0x6e,0xff,0xf8,0xff,0x9c,0x0b,0x18,0x18,0x0a,0x9f,0xff,0xf7,0xff,0x7c,0x00,0x3e,0xff,0xfc,0xfe,
  0xfa,0x2c,0x00,0x00,0x00,0x5c,0xff,0xfb,0xfd,0xfe,0x43,0x00,0x00,0x00,0x45,0xfe,0xfc,0xff,0xf7,0x23,0x00,0x02,0x00,0x00,
  0x02,0x00,0x1f,0xfc,0xff,0xfe,0xff,0xff,0xff,0xff,0xff,0xef,0x17,0x00,0x02,0x00,0xd3,0xff,0xfa,0xff,0x54,0x00,0x5d,0xff,
  0xfb,0xfe,0xe6,0x12,0x00,0x00,0x00,0x3c,0xfb,0xfd,0xfe,0xfd,0x2b,0x00,0x02,0x00,0x00,0x00,0x04,0x00,0x07,0x52,0xa5,0xe5,
  0xff,0xff,0xfb,0xfc,0xff,0xc6,0x0a,0x00,0x93,0xff,0xfb,0xff,0xf6,0xf6,0xf4,0xf4,0xf6,0xf6,0xfd,0xf9,0xfd,0x9c,0x00,0x3d,
  0xff,0xfb,0xff,0xe2,0x0a,0x03,0x05,0x03,0x2a,0xfd,0xff,0xff,0xf5,0x15,0x03,0x04,0x03,0x17,0xf5,0xff,0xff,0xfa,0x29,0x00,
  0x02,0x00,0x00,0x02,0x00,0x1f,0xfc,0xff,0xfe,0xff,0xff,0xff,0xff,0xff,0xf7,0x18,0x00,0x02,0x00,0xd3,0xff,0xfa,0xff,0x54,
  0x00,0x86,0xfe,0xf7,0xff,0xa7,0x00,0x06,0x03,0x03,0x00,0xd6,0xff,0xfa,0xff,0x50,0x00,0x04,0x00,0x00,0x00,0x00,0x00,0x00,
  0x00,0x00,0x10,0x4e,0xbe,0xff,0xfd,0xfa,0xff,0x5d,0x00,0x9d,0xff,0xfb,0xff,0xff,0xff,0xff,0xff,0xff,0xff,0xff,0xff,0xff,
  0xa4,0x00,0x3e,0xff,0xfb,0xff,0xdf,0x0b,0x00,0x03,0x00,0x2a,0xfb,0xff,0xff,0xf3,0x14,0x00,0x03,0x00,0x16,0xf3,0xff,0xff,
  0xfa,0x29,0x00,0x02,0x00,0x00,0x02,0x00,0x1f,0xfc,0xff,0xff,0xf6,0x58,0x42,0x43,0x42,0x3d,0x06,0x00,0x01,0x00,0xd3,0xff,
  0xfa,0xff,0x55,0x00,0x8e,0xff,0xf7,0xff,0x99,0x03,0x04,0x01,0x01,0x00,0xc8,0xff,0xf9,0xfe,0x57,0x00,0x04,0x00,0x00,0x05,
  0x37,0x3a,0x3a,0x3c,0x08,0x01,0x00,0x03,0xbd,0xff,0xf8,0xfd,0x8f,0x00,0x88,0xfe,0xf8,0xff,0x93,0x3a,0x42,0x3e,0x36,0x2b,
  0x2c,0x2a,0x2a,0x21,0x00,0x3b,0xff,0xfb,0xff,0xdf,0x0a,0x00,0x03,0x00,0x2a,0xfb,0xff,0xff,0xf3,0x14,0x00,0x03,0x00,0x16,
  0xf3,0xff,0xff,0xfa,0x29,0x00,0x02,0x00,0x00,0x02,0x00,0x1f,0xfc,0xff,0xff,0xf2,0x12,0x00,0x00,0x00,0x00,0x00,0x00,0x01,
  0x00,0xd3,0xff,0xfa,0xff,0x54,0x00,0x78,0xfe,0xf9,0xff,0xc4,0x00,0x03,0x06,0x00,0x0c,0xeb,0xff,0xfd,0xff,0x42,0x00,0x03,
  0x01,0x00,0x0d,0xee,0xff,0xff,0xff,0x56,0x00,0x00,0x00,0xa7,0xff,0xf7,0xfe,0x87,0x00,0x52,0xff,0xfa,0xff,0xbf,0x00,0x00,
  0x00,0x0f,0x83,0x84,0x84,0x89,0x20,0x00,0x3b,0xff,0xfb,0xff,0xdf,0x0a,0x00,0x03,0x00,0x2a,0xfb,0xff,0xff,0xf3,0x14,0x00,
  0x03,0x00,0x16,0xf3,0xff,0xff,0xfa,0x29,0x00,0x02,0x00,0x00,0x02,0x00,0x1f,0xfc,0xff,0xff,0xf3,0x21,0x03,0x05,0x03,0x03,
  0x00,0x00,0x01,0x00,0xd3,0xff,0xfa,0xff,0x53,0x00,0x3d,0xff,0xfc,0xfd,0xfd,0x5d,0x00,0x00,0x03,0x95,0xff,0xfb,0xfd,0xed,
  0x12,0x00,0x01,0x00,0x02,0x00,0xb5,0xff,0xf8,0xfe,0xec,0x7d,0x5d,0x98,0xfc,0xfe,0xfa,0xff,0x45,0x00,0x0c,0xdd,0xff,0xfa,
  0xff,0xc1,0x68,0x6f,0xd9,0xff,0xff,0xff,0xf4,0x15,0x00,0x3c,0xff,0xfb,0xff,0xdf,0x0a,0x00,0x03,0x00,0x2a,0xfb,0xff,0xff,
  0xf3,0x14,0x00,0x03,0x00,0x16,0xf3,0xff,0xff,0xfa,0x29,0x00,0x02,0x00,0x00,0x02,0x00,0x1f,0xfc,0xff,0xff,0xf3,0x1e,0x00,
  0x02,0x00,0x00,0x00,0x00,0x01,0x00,0xd3,0xff,0xfa,0xff,0x51,0x00,0x04,0xc6,0xff,0xfa,0xff,0xff,0xb6,0x95,0xce,0xff,0xfe,
  0xf9,0xff,0x8c,0x00,0x03,0x00,0x00,0x02,0x00,0x36,0xfa,0xff,0xfa,0xff,0xff,0xff,0xff,0xfd,0xfa,0xff,0xb7,0x02,0x04,0x00,
  0x48,0xff,0xff,0xf9,0xff,0xff,0xff,0xff,0xf7,0xfe,0xfd,0x48,0x00,0x00,0x39,0xfc,0xf8,0xfc,0xdc,0x0a,0x00,0x03,0x00,0x29,
  0xf8,0xfc,0xfc,0xf0,0x14,0x00,0x03,0x00,0x16,0xf0,0xfc,0xfc,0xf7,0x28,0x00,0x02,0x00,0x00,0x02,0x00,0x1f,0xf9,0xfc,0xfc,
  0xf0,0x1e,0x00,0x02,0x00,0x00,0x00,0x00,0x01,0x00,0xd0,0xfc,0xf7,0xfc,0x4f,0x00,0x01,0x2f,0xf1,0xff,0xfb,0xfc,0xff,0xff,
  0xff,0xf9,0xfb,0xff,0xce,0x0e,0x02,0x01,0x00,0x00,0x00,0x02,0x00,0x4c,0xe3,0xff,0xff,0xff,0xff,0xff,0xff,0xff,0xb6,0x13,
  0x01,0x01,0x02,0x00,0x56,0xea,0xff,0xff,0xff,0xff,0xff,0xff,0xec,0x5a,0x00,0x05,0x00,0x3d,0xff,0xff,0xff,0xec,0x0b,0x00,
  0x03,0x00,0x2c,0xff,0xff,0xff,0xff,0x15,0x00,0x03,0x00,0x17,0xff,0xff,0xff,0xff,0x2b,0x00,0x02,0x00,0x00,0x02,0x00,0x21,
  0xff,0xff,0xff,0xff,0x20,0x00,0x02,0x00,0x00,0x00,0x00,0x01,0x00,0xdf,0xff,0xff,0xff,0x55,0x00,0x05,0x00,0x39,0xd4,0xff,
  0xff,0xff,0xff,0xff,0xff,0xff,0xb3,0x17,0x00,0x01,0x00,0x00,0x00,0x00,0x00,0x02,0x00,0x13,0x6b,0xb1,0xcf,0xd8,0xcb,0xa4,
  0x4f,0x00,0x00,0x01,0x00,0x00,0x03,0x00,0x1a,0x78,0xbb,0xd4,0xd6,0xbf,0x7e,0x1d,0x00,0x02,0x02,0x00,0x2a,0xbb,0xb8,0xbb,
  0xa3,0x07,0x00,0x02,0x00,0x1f,0xb8,0xbb,0xbb,0xb2,0x0f,0x00,0x02,0x00,0x10,0xb2,0xbb,0xbb,0xb7,0x1e,0x00,0x01,0x00,0x00,
  0x01,0x00,0x17,0xb9,0xbb,0xbb,0xb2,0x16,0x00,0x01,0x00,0x00,0x00,0x00,0x01,0x00,0x9b,0xbb,0xb7,0xbb,0x3b,0x00,0x02,0x02,
  0x00,0x09,0x61,0xad,0xcf,0xd7,0xc7,0x9b,0x47,0x00,0x00,0x01,0x00,0x00,0x00,0x00,0x00,0x00,0x00,0x02,0x00,0x00,0x00,0x00,
  0x06,0x00,0x00,0x00,0x00,0x01,0x00,0x00,0x00,0x00,0x03,0x00,0x00,0x00,0x03,0x04,0x00,0x00,0x00,0x03,0x00,0x00,0x00,0x00,
  0x00,0x00,0x00,0x00,0x00,0x00,0x00,0x00,0x00,0x00,0x00,0x00,0x00,0x00,0x00,0x00,0x00,0x00,0x00,0x00,0x00,0x00,0x00,0x00,
  0x00,0x00,0x00,0x00,0x00,0x00,0x00,0x00,0x00,0x00,0x00,0x00,0x00,0x00,0x00,0x00,0x00,0x00,0x00,0x00,0x00,0x00,0x00,0x00,
  0x00,0x00,0x00,0x02,0x00,0x00,0x00,0x00,0x05,0x00,0x00,0x00,0x01,0x01,0x00,0x00,0x00,0x00,0x00,0x00,0x00,0x00,0x00,0x01,
  0x04,0x03,0x00,0x00,0x00,0x03,0x03,0x01,0x00,0x00,0x00,0x00,0x00,0x00,0x02,0x04,0x02,0x00,0x00,0x02,0x04,0x02,0x00,0x00,
  0x00,0x00,0x01,0x03,0x03,0x03,0x03,0x00,0x00,0x00,0x00,0x00,0x03,0x03,0x03,0x03,0x00,0x00,0x00,0x00,0x00,0x03,0x03,0x03,
  0x03,0x00,0x00,0x00,0x00,0x00,0x00,0x00,0x00,0x03,0x03,0x03,0x03,0x00,0x00,0x00,0x00,0x00,0x00,0x00,0x00,0x00,0x02,0x03,
  0x03,0x03,0x01,0x00,0x00,0x00,0x00,0x01,0x04,0x03,0x00,0x00,0x01,0x04,0x03,0x00,0x00,0x00,0x00,0x00,0x00,
};
const lv_img_dsc_t txt_title_semfio = {
  .header.cf = LV_IMG_CF_ALPHA_8BIT,
  .header.always_zero = 0,
  .header.reserved = 0,
  .header.w = 99,
  .header.h = 23,
  .data_size = 2277,
  .data = txt_title_semfio_map,
};

static const uint8_t txt_title_todos_map[] = {
  0x00,0x00,0x00,0x00,0x00,0x00,0x00,0x00,0x00,0x00,0x00,0x00,0x00,0x00,0x00,0x00,0x00,0x00,0x00,0x00,0x00,0x00,0x00,0x00,
  0x00,0x00,0x00,0x00,0x00,0x00,0x00,0x00,0x00,0x00,0x00,0x00,0x00,0x00,0x00,0x00,0x00,0x00,0x00,0x00,0x00,0x00,0x00,0x00,
  0x00,0x00,0x00,0x00,0x00,0x00,0x00,0x00,0x00,0x00,0x00,0x00,0x00,0x00,0x00,0x00,0x00,0x00,0x00,0x00,0x00,0x00,0x00,0x00,
  0x00,0x00,0x00,0x00,0x00,0x00,0x00,0x00,0x00,0x00,0x00,0x00,0x00,0x00,0x00,0x00,0x00,0x00,0x00,0x00,0x00,0x00,0x00,0x00,
  0x00,0x00,0x00,0x00,0x00,0x00,0x00,0x00,0x00,0x00,0x00,0x00,0x00,0x00,0x00,0x00,0x00,0x00,0x00,0x00,0x00,0x00,0x00,0x00,
  0x00,0x00,0x00,0x00,0x00,0x00,0x00,0x00,0x00,0x00,0x00,0x00,0x00,0x00,0x00,0x00,0x00,0x00,0x00,0x00,0x00,0x00,0x00,0x00,
  0x00,0x00,0x00,0x00,0x00,0x00,0x00,0x00,0x00,0x00,0x00,0x00,0x00,0x00,0x00,0x00,0x00,0x00,0x00,0x00,0x00,0x00,0x00,0x00,
  0x00,0x00,0x00,0x00,0x00,0x00,0x00,0x00,0x00,0x00,0x00,0x00,0x00,0x00,0x00,0x03,0x00,0x00,0x01,0x01,0x00,0x00,0x00,0x00,
  0x00,0x00,0x00,0x00,0x00,0x00,0x00,0x00,0x00,0x00,0x00,0x00,0x00,0x00,0x00,0x00,0x00,0x00,0x00,0x00,0x00,0x00,0x00,0x00,
  0x00,0x00,0x00,0x00,0x00,0x00,0x00,0x00,0x00,0x00,0x00,0x00,0x00,0x00,0x00,0x00,0x00,0x00,0x00,0x00,0x00,0x00,0x00,0x00,
  0x00,0x00,0x00,0x00,0x00,0x00,0x02,0x02,0x02,0x02,0x00,0x00,0x00,0x00,0x00,0x00,0x00,0x00,0x00,0x00,0x00,0x00,0x00,0x00,
  0x00,0x00,0x00,0x00,0x00,0x00,0x00,0x00,0x00,0x00,0x00,0x00,0x00,0x00,0x00,0x00,0x00,0x00,0x00,0x00,0x00,0x00,0x00,0x00,
  0x00,0x00,0x00,0x00,0x00,0x00,0x00,0x00,0x00,0x00,0x00,0x00,0x00,0x00,0x00,0x00,0x00,0x00,0x00,0x00,0x00,0x00,0x00,0x00,
  0x00,0x00,0x00,0x00,0x00,0x00,0x00,0x00,0x00,0x00,0x00,0x00,0x00,0x00,0x00,0x01,0x01,0x00,0x00,0x00,0x00,0x00,0x00,0x00,
  0x00,0x00,0x00,0x00,0x00,0x00,0x00,0x00,0x00,0x00,0x00,0x00,0x00,0x00,0x00,0x00,0x00,0x00,0x00,0x00,0x00,0x00,0x00,0x00,
  0x00,0x00,0x00,0x00,0x00,0x00,0x00,0x00,0x00,0x00,0x00,0x00,0x00,0x00,0x00,0x00,0x00,0x00,0x00,0x00,0x00,0x00,0x00,0x00,
  0x00,0x00,0x00,0x00,0x0c,0x18,0x00,0x00,0x00,0x00,0x00,0x00,0x00,0x00,0x00,0x00,0x00,0x00,0x00,0x00,0x00,0x00,0x00,0x00,
  0x00,0x00,0x01,0x02,0x02,0x02,0x02,0x02,0x02,0x02,0x02,0x02,0x02,0x02,0x02,0x01,0x00,0x00,0x00,0x00,0x00,0x00,0x00,0x00,
  0x00,0x00,0x00,0x00,0x00,0x00,0x00,0x00,0x00,0x00,0x00,0x00,0x00,0x00,0x00,0x00,0x00,0x00,0x00,0x00,0x00,0x00,0x00,0x00,
  0x00,0x00,0x00,0x00,0x00,0x00,0x00,0x00,0x00,0x00,0x00,0x00,0x00,0x00,0x00,0x00,0x00,0x00,0x00,0x00,0x00,0x00,0x00,0x00,
  0x00,0x00,0x00,0x00,0x00,0x00,0x00,0x00,0x00,0x00,0x00,0x00,0x00,0x00,0x00,0x00,0x00,0x00,0x00,0x00,0x00,0x00,0x00,0x00,
  0x00,0x00,0x00,0x00,0x00,0x00,0x00,0x00,0x00,0x00,0x00,0x00,0x00,0x00,0x00,0x00,0x00,0x00,0x00,0x00,0x00,0x00,0x00,0x00,
  0x03,0x03,0x01,0x00,0x00,0x00,0x03,0x03,0x01,0x00,0x00,0x00,0x00,0x00,0x00,0x00,0x00,0x00,0x00,0x00,0x00,0x00,0x00,0x00,
  0x00,0x00,0x00,0x00,0x00,0x00,0x00,0x00,0x00,0x00,0x00,0x00,0x00,0x00,0x00,0x00,0x00,0x00,0x00,0x00,0x00,0x00,0x00,0x00,
  0x00,0x00,0x00,0x00,0x00,0x00,0x00,0x00,0x00,0x00,0x00,0x00,0x00,0x02,0x00,0x72,0xe4,0xf5,0xba,0x1b,0x00,0x02,0x00,0x00,
  0x00,0x00,0x00,0x00,0x00,0x00,0x00,0x00,0x00,0x00,0x00,0x00,0x00,0x00,0x00,0x00,0x00,0x00,0x00,0x00,0x00,0x00,0x00,0x00,
  0x00,0x00,0x00,0x00,0x00,0x00,0x00,0x00,0x00,0x00,0x00,0x00,0x00,0x00,0x00,0x00,0x00,0x00,0x00,0x00,0x00,0x00,0x00,0x00,
  0x00,0x00,0x00,0x02,0x00,0x1e,0xc0,0xc0,0xc0,0xb4,0x13,0x00,0x01,0x00,0x00,0x00,0x00,0x00,0x00,0x00,0x00,0x00,0x00,0x00,
  0x00,0x00,0x00,0x00,0x00,0x00,0x00,0x00,0x00,0x00,0x00,0x00,0x00,0x00,0x00,0x00,0x00,0x00,0x00,0x00,0x00,0x00,0x00,0x00,
  0x00,0x00,0x00,0x00,0x00,0x00,0x00,0x00,0x00,0x00,0x00,0x00,0x00,0x00,0x00,0x00,0x00,0x00,0x00,0x00,0x00,0x00,0x00,0x00,
  0x00,0x00,0x00,0x00,0x00,0x00,0x00,0x00,0x00,0x00,0x02,0x01,0x00,0x00,0x00,0x09,0x0c,0x00,0x00,0x00,0x00,0x02,0x00,0x00,
  0x00,0x00,0x00,0x00,0x00,0x00,0x00,0x00,0x00,0x00,0x00,0x00,0x00,0x00,0x00,0x00,0x00,0x00,0x00,0x00,0x00,0x00,0x00,0x00,
  0x00,0x00,0x00,0x00,0x00,0x00,0x00,0x00,0x00,0x00,0x00,0x00,0x00,0x00,0x00,0x00,0x00,0x00,0x00,0x00,0x00,0x00,0x00,0x00,
  0x02,0x00,0x31,0xff,0xff,0xfd,0xff,0x9f,0x00,0x03,0x00,0x00,0x00,0x00,0x00,0x00,0x00,0x00,0x00,0x00,0x00,0x00,0x00,0x00,
  0x03,0x00,0x44,0xc7,0xc4,0xc7,0xc7,0xc7,0xc7,0xc7,0xc7,0xc7,0xc7,0xc4,0xc7,0x7a,0x00,0x03,0x00,0x00,0x00,0x00,0x00,0x00,
  0x00,0x00,0x00,0x00,0x00,0x00,0x00,0x00,0x00,0x00,0x00,0x00,0x00,0x00,0x00,0x02,0x00,0x2a,0xff,0xff,0xff,0xfc,0x1a,0x00,
  0x01,0x00,0x00,0x00,0x00,0x00,0x00,0x00,0x00,0x00,0x00,0x00,0x00,0x00,0x00,0x00,0x00,0x00,0x00,0x00,0x00,0x00,0x00,0x00,
  0x00,0x00,0x00,0x00,0x00,0x00,0x00,0x00,0x00,0x00,0x00,0x00,0x00,0x00,0x00,0x00,0x00,0x00,0x00,0x00,0x00,0x00,0x00,0x00,
  0x00,0x00,0x00,0x00,0x00,0x00,0x00,0x00,0x00,0x00,0x00,0x00,0x00,0x00,0x00,0x00,0x00,0x00,0x00,0x00,0x00,0x02,0x00,0x00,
  0x45,0x97,0xcc,0xde,0xe0,0xd0,0xa4,0x56,0x05,0x00,0x03,0x00,0x00,0x00,0x00,0x00,0x00,0x00,0x00,0x00,0x00,0x00,0x00,0x00,
  0x00,0x00,0x00,0x00,0x00,0x00,0x00,0x00,0x00,0x00,0x00,0x00,0x00,0x00,0x00,0x00,0x00,0x00,0x00,0x00,0x00,0x00,0x00,0x00,
  0x00,0x00,0x00,0x00,0x00,0x00,0x00,0x00,0x00,0x00,0x00,0x00,0x03,0x00,0x37,0xff,0xff,0xfa,0xff,0xa9,0x00,0x03,0x00,0x00,
  0x00,0x00,0x00,0x00,0x00,0x00,0x00,0x00,0x00,0x00,0x00,0x00,0x04,0x00,0x5a,0xff,0xff,0xff,0xff,0xff,0xff,0xff,0xff,0xff,
  0xff,0xff,0xff,0xa2,0x00,0x04,0x00,0x00,0x00,0x01,0x03,0x04,0x04,0x03,0x01,0x00,0x00,0x00,0x00,0x00,0x00,0x00,0x00,0x01,
  0x03,0x04,0x03,0x04,0x00,0x28,0xfc,0xfb,0xfc,0xec,0x19,0x00,0x01,0x00,0x00,0x00,0x01,0x03,0x03,0x04,0x03,0x02,0x00,0x00,
  0x00,0x00,0x00,0x00,0x00,0x00,0x00,0x02,0x03,0x04,0x03,0x03,0x01,0x00,0x00,0x00,0x00,0x00,0x00,0x00,0x00,0x00,0x00,0x00,
  0x00,0x00,0x01,0x03,0x04,0x04,0x03,0x01,0x00,0x00,0x00,0x00,0x00,0x00,0x00,0x00,0x01,0x03,0x03,0x04,0x03,0x02,0x00,0x00,
  0x00,0x00,0x00,0x00,0x00,0x00,0x00,0x00,0x02,0x00,0x23,0xb7,0xff,0xff,0xff,0xff,0xff,0xff,0xff,0xff,0xcd,0x39,0x00,0x03,
  0x00,0x00,0x00,0x00,0x00,0x01,0x03,0x04,0x03,0x02,0x00,0x00,0x03,0x03,0x03,0x03,0x00,0x00,0x01,0x03,0x03,0x03,0x03,0x00,
  0x00,0x02,0x03,0x04,0x03,0x01,0x00,0x00,0x00,0x00,0x00,0x00,0x00,0x01,0x03,0x03,0x04,0x03,0x00,0x00,0x03,0x03,0x03,0x03,
  0x01,0x02,0x02,0x8b,0xf6,0xff,0xd1,0x28,0x00,0x02,0x00,0x00,0x00,0x02,0x03,0x04,0x03,0x02,0x01,0x00,0x00,0x00,0x00,0x00,
  0x04,0x00,0x5d,0xff,0xff,0xff,0xff,0xff,0xfc,0xfd,0xfc,0xff,0xff,0xff,0xff,0xa7,0x00,0x04,0x00,0x02,0x03,0x00,0x00,0x00,
  0x00,0x00,0x00,0x03,0x01,0x00,0x00,0x00,0x00,0x00,0x03,0x00,0x00,0x00,0x00,0x00,0x02,0x29,0xff,0xfe,0xff,0xef,0x19,0x00,
  0x01,0x00,0x01,0x03,0x00,0x00,0x00,0x00,0x00,0x00,0x02,0x02,0x00,0x00,0x00,0x00,0x00,0x02,0x01,0x00,0x00,0x00,0x00,0x00,
  0x00,0x03,0x00,0x00,0x00,0x00,0x00,0x00,0x00,0x00,0x00,0x00,0x01,0x03,0x00,0x00,0x00,0x00,0x00,0x00,0x03,0x01,0x00,0x00,
  0x00,0x00,0x00,0x03,0x00,0x00,0x00,0x00,0x00,0x00,0x02,0x01,0x00,0x00,0x00,0x00,0x00,0x00,0x00,0x02,0x00,0x2b,0xe4,0xff,
  0xfc,0xfa,0xff,0xff,0xff,0xff,0xfa,0xfb,0xff,0xf7,0x48,0x00,0x03,0x00,0x00,0x00,0x03,0x00,0x00,0x00,0x00,0x00,0x02,0x00,
  0x00,0x00,0x00,0x00,0x00,0x00,0x00,0x00,0x00,0x00,0x00,0x01,0x01,0x00,0x00,0x00,0x00,0x00,0x02,0x00,0x00,0x00,0x00,0x00,
  0x02,0x00,0x00,0x00,0x00,0x00,0x01,0x02,0x00,0x00,0x00,0x00,0x00,0x00,0x00,0x00,0x0f,0x1e,0x00,0x00,0x00,0x00,0x00,0x03,
  0x01,0x00,0x00,0x00,0x00,0x00,0x00,0x03,0x00,0x00,0x00,0x00,0x02,0x00,0x27,0x73,0x71,0x73,0x74,0xe7,0xff,0xfc,0xff,0x9d,
  0x73,0x73,0x73,0x47,0x00,0x02,0x02,0x00,0x00,0x19,0x45,0x5f,0x5d,0x3f,0x11,0x00,0x00,0x02,0x00,0x00,0x00,0x02,0x00,0x0b,
  0x41,0x61,0x55,0x26,0x00,0x24,0xff,0xfe,0xff,0xef,0x19,0x00,0x01,0x01,0x00,0x00,0x0d,0x3c,0x5b,0x60,0x47,0x1c,0x00,0x00,
  0x02,0x00,0x00,0x00,0x02,0x00,0x00,0x29,0x50,0x62,0x55,0x33,0x02,0x00,0x02,0x00,0x00,0x00,0x00,0x00,0x00,0x00,0x00,0x02,
  0x00,0x00,0x13,0x41,0x5e,0x5f,0x44,0x17,0x00,0x00,0x02,0x00,0x00,0x00,0x00,0x00,0x0d,0x3e,0x5c,0x60,0x49,0x1f,0x00,0x00,
  0x01,0x00,0x00,0x00,0x00,0x00,0x01,0x02,0x0d,0xd7,0xff,0xfa,0xff,0xff,0xc7,0x8d,0x8e,0xc8,0xff,0xfe,0xf7,0xfd,0xea,0x1a,
  0x01,0x02,0x00,0x02,0x00,0x0b,0x41,0x61,0x55,0x27,0x00,0x05,0x3c,0x3b,0x3b,0x38,0x06,0x00,0x0b,0x3b,0x3b,0x3b,0x39,0x00,
  0x00,0x32,0x5c,0x5e,0x38,0x00,0x00,0x02,0x00,0x00,0x00,0x02,0x00,0x00,0x35,0x5c,0x5c,0x35,0x00,0x00,0x36,0x3b,0x3b,0x3b,
  0x10,0x00,0x02,0x37,0x35,0x31,0x3a,0x11,0x00,0x01,0x02,0x00,0x00,0x2c,0x52,0x62,0x53,0x30,0x00,0x00,0x02,0x00,0x00,0x00,
  0x00,0x00,0x00,0x00,0x00,0x00,0x00,0xd1,0xff,0xfa,0xff,0x3f,0x00,0x00,0x00,0x00,0x00,0x02,0x00,0x1f,0x9f,0xee,0xff,0xff,
  0xff,0xff,0xe6,0x8b,0x0f,0x00,0x01,0x00,0x03,0x00,0x60,0xdc,0xff,0xff,0xff,0xf8,0x9a,0x34,0xfb,0xfe,0xff,0xef,0x19,0x00,
  0x03,0x00,0x0b,0x82,0xe1,0xff,0xff,0xff,0xff,0xf0,0xa6,0x27,0x00,0x02,0x00,0x01,0x00,0x35,0xbd,0xfa,0xff,0xff,0xff,0xff,
  0xcf,0x4e,0x00,0x02,0x00,0x00,0x00,0x00,0x00,0x00,0x02,0x00,0x12,0x90,0xe8,0xff,0xff,0xff,0xff,0xec,0x99,0x1a,0x00,0x02,
  0x00,0x02,0x01,0x75,0xe1,0xff,0xff,0xff,0xff,0xf2,0xa0,0x14,0x00,0x01,0x00,0x00,0x00,0x00,0x04,0x00,0x7b,0xff,0xfa,0xfe,
  0xfc,0x65,0x00,0x00,0x00,0x00,0x6b,0xff,0xff,0xff,0xff,0xa3,0x00,0x03,0x03,0x00,0x60,0xdc,0xff,0xff,0xff,0xf9,0x9c,0x36,
  0xff,0xff,0xff,0xf9,0x1c,0x00,0x31,0xff,0xff,0xff,0xed,0x35,0xb4,0xff,0xff,0xff,0xff,0xc8,0x33,0x00,0x02,0x00,0x02,0x00,
  0x3f,0xc8,0xff,0xff,0xff,0xff,0xbf,0x2c,0xe0,0xff,0xff,0xff,0x49,0x00,0x09,0xed,0xff,0xff,0xff,0x43,0x00,0x05,0x00,0x40,
  0xc4,0xfc,0xff,0xff,0xff,0xff,0xc9,0x43,0x00,0x02,0x00,0x00,0x00,0x00,0x01,0x04,0x05,0x04,0x07,0xd5,0xff,0xfa,0xff,0x4f,
  0x04,0x07,0x04,0x02,0x02,0x00,0x35,0xe7,0xff,0xff,0xf9,0xfd,0xfc,0xfa,0xff,0xff,0xd2,0x1e,0x00,0x04,0x00,0x77,0xff,0xff,
  0xfc,0xf9,0xfd,0xff,0xff,0xdc,0xf8,0xfe,0xff,0xef,0x19,0x00,0x02,0x15,0xc8,0xff,0xff,0xfa,0xfc,0xfd,0xfa,0xff,0xff,0xee,
  0x42,0x00,0x05,0x01,0x31,0xf3,0xff,0xff,0xff,0xff,0xff,0xfd,0xff,0xff,0x56,0x00,0x03,0x00,0x00,0x00,0x00,0x02,0x00,0x24,
  0xd8,0xff,0xff,0xfa,0xfd,0xfd,0xf9,0xff,0xff,0xe3,0x2e,0x00,0x04,0x00,0x8f,0xff,0xff,0xff,0xff,0xff,0xff,0xff,0xff,0xce,
  0x0f,0x01,0x01,0x00,0x00,0x01,0x00,0x08,0xdd,0xfe,0xfa,0xff,0x89,0x00,0x03,0x04,0x04,0x02,0x00,0x7b,0xb8,0xb4,0xb7,0xa3,
  0x06,0x01,0x00,0x77,0xff,0xff,0xfc,0xf9,0xfd,0xff,0xff,0xda,0xf6,0xfd,0xfd,0xed,0x1b,0x00,0x2f,0xfd,0xfc,0xfd,0xee,0xe7,
  0xff,0xff,0xfa,0xfb,0xfd,0xff,0xed,0x22,0x01,0x04,0x00,0x46,0xf9,0xff,0xfe,0xf9,0xfc,0xff,0xff,0xe4,0xea,0xfd,0xfb,0xfd,
  0x45,0x00,0x09,0xe2,0xfd,0xfa,0xfd,0x3f,0x00,0x00,0x3f,0xfa,0xff,0xff,0xff,0xff,0xff,0xfd,0xff,0xfa,0x45,0x00,0x02,0x00,
  0x00,0x00,0x00,0x00,0x01,0x00,0x03,0xd4,0xff,0xfa,0xff,0x4c,0x00,0x03,0x00,0x01,0x01,0x14,0xe3,0xff,0xfa,0xff,0xff,0xfc,
  0xff,0xff,0xfd,0xf9,0xff,0xc5,0x06,0x01,0x36,0xff,0xfc,0xfc,0xff,0xff,0xfd,0xfe,0xff,0xff,0xff,0xfe,0xff,0xef,0x19,0x00,
  0x02,0xb6,0xff,0xf9,0xfd,0xff,0xff,0xfb,0xff,0xff,0xfa,0xff,0xed,0x1d,0x02,0x00,0xae,0xff,0xf8,0xff,0xcd,0x90,0xbe,0xff,
  0xfe,0xff,0xec,0x11,0x00,0x01,0x00,0x00,0x01,0x01,0x08,0xcd,0xff,0xf9,0xfe,0xff,0xfe,0xfd,0xff,0xfe,0xf9,0xff,0xdc,0x11,
  0x00,0x29,0xff,0xfb,0xfc,0xf5,0xa4,0x95,0xe9,0xff,0xfc,0xff,0x86,0x00,0x04,0x00,0x00,0x02,0x00,0x32,0xfe,0xfe,0xff,0xf5,
  0x1d,0x03,0x03,0x00,0x00,0x00,0x02,0x00,0x00,0x00,0x00,0x00,0x03,0x00,0x35,0xff,0xfc,0xfc,0xff,0xff,0xfd,0xfe,0xff,0xff,
  0xff,0xfe,0xff,0xef,0x1b,0x00,0x2f,0xff,0xfe,0xff,0xff,0xff,0xff,0xf8,0xff,0xff,0xff,0xf9,0xff,0xa3,0x00,0x02,0x11,0xe6,
  0xff,0xfb,0xfe,0xff,0xff,0xfa,0xff,0xff,0xff,0xff,0xfd,0xff,0x46,0x00,0x09,0xe4,0xff,0xfc,0xff,0x41,0x00,0x01,0xc0,0xff,
  0xf8,0xfe,0xc5,0x90,0xc6,0xff,0xfe,0xff,0xde,0x09,0x01,0x01,0x00,0x00,0x00,0x00,0x01,0x00,0x03,0xd4,0xff,0xfa,0xff,0x4c,
  0x00,0x03,0x00,0x04,0x00,0x82,0xff,0xfa,0xfe,0xfa,0x7c,0x2a,0x31,0x97,0xff,0xfe,0xfa,0xff,0x5c,0x00,0xa9,0xff,0xfb,0xfe,
  0xfc,0x82,0x2c,0x2f,0x8e,0xff,0xfe,0xfe,0xff,0xef,0x1c,0x00,0x4a,0xff,0xfb,0xfd,0xff,0x9e,0x33,0x29,0x75,0xf7,0xfe,0xf9,
  0xff,0x94,0x00,0x01,0xd8,0xfe,0xfc,0xff,0x26,0x00,0x00,0xaf,0xf1,0xeb,0xef,0x43,0x00,0x03,0x00,0x00,0x04,0x00,0x63,0xff,
  0xfa,0xfe,0xff,0x8d,0x2e,0x2c,0x85,0xfd,0xfe,0xfa,0xff,0x7b,0x00,0x56,0xfd,0xf8,0xff,0xb8,0x00,0x00,0x32,0xec,0xee,0xec,
  0xc0,0x01,0x00,0x01,0x00,0x04,0x00,0x54,0xff,0xfa,0xff,0xd4,0x01,0x00,0x01,0x00,0x00,0x00,0x00,0x03,0x03,0x03,0x03,0x02,
  0x03,0x00,0xa6,0xff,0xfb,0xfe,0xfc,0x82,0x2c,0x2f,0x8e,0xff,0xfe,0xfe,0xff,0xef,0x1b,0x00,0x2f,0xff,0xfe,0xfd,0xfe,0xdc,
  0x4f,0x24,0x52,0xe1,0xfe,0xfc,0xfe,0xe6,0x11,0x00,0x6d,0xff,0xfb,0xfe,0xff,0xa2,0x36,0x28,0x6e,0xf2,0xfd,0xfe,0xfd,0xff,
  0x46,0x00,0x09,0xe4,0xff,0xfc,0xff,0x41,0x00,0x0b,0xe6,0xfe,0xfe,0xf9,0x14,0x00,0x00,0xbe,0xf1,0xec,0xef,0x33,0x00,0x02,
  0x00,0x00,0x00,0x00,0x01,0x00,0x03,0xd4,0xff,0xfa,0xff,0x4c,0x00,0x03,0x01,0x01,0x03,0xd1,0xfe,0xf9,0xff,0x83,0x00,0x00,
  0x00,0x00,0xac,0xff,0xf8,0xfe,0xab,0x04,0xe3,0xff,0xfa,0xff,0x81,0x00,0x00,0x00,0x00,0x98,0xff,0xfa,0xff,0xef,0x1c,0x00,
  0x9e,0xfe,0xf8,0xff,0xb9,0x00,0x00,0x00,0x00,0x74,0xff,0xfa,0xfe,0xdf,0x0b,0x00,0xc5,0xfe,0xf8,0xfe,0xc6,0x65,0x29,0x06,
  0x00,0x05,0x10,0x07,0x00,0x00,0x00,0x00,0x02,0x00,0xb7,0xfe,0xf8,0xff,0xa0,0x00,0x00,0x00,0x00,0x90,0xff,0xf9,0xfe,0xcc,
  0x00,0x3a,0xff,0xfa,0xfd,0xf3,0x93,0x48,0x10,0x03,0x00,0x0d,0x0f,0x00,0x00,0x00,0x00,0x04,0x00,0x5e,0xff,0xf8,0xff,0xc5,
  0x00,0x00,0x00,0x00,0x00,0x00,0x00,0x00,0x00,0x00,0x00,0x01,0x00,0x0a,0xe0,0xff,0xfa,0xff,0x81,0x00,0x00,0x00,0x00,0x98,
  0xff,0xfa,0xff,0xef,0x1b,0x00,0x2f,0xff,0xfe,0xfd,0xff,0x43,0x00,0x00,0x00,0x4b,0xff,0xfc,0xff,0xfc,0x26,0x00,0xb3,0xfe,
  0xf9,0xff,0xb6,0x00,0x00,0x00,0x00,0x60,0xff,0xfc,0xfd,0xff,0x46,0x00,0x09,0xe4,0xff,0xfc,0xff,0x41,0x00,0x04,0xd6,0xfd,
  0xf9,0xfe,0xbd,0x5e,0x24,0x05,0x00,0x07,0x11,0x06,0x00,0x00,0x00,0x00,0x00,0x00,0x01,0x00,0x03,0xd4,0xff,0xfa,0xff,0x4c,
  0x00,0x03,0x01,0x00,0x14,0xef,0xff,0xfe,0xfe,0x30,0x03,0x05,0x06,0x02,0x54,0xff,0xfa,0xff,0xcc,0x1c,0xf7,0xff,0xfe,0xfb,
  0x27,0x03,0x05,0x05,0x03,0x37,0xff,0xfd,0xff,0xef,0x1a,0x00,0xc5,0xff,0xf9,0xff,0x66,0x01,0x07,0x04,0x03,0x22,0xf9,0xfe,
  0xff,0xf8,0x24,0x00,0x54,0xff,0xff,0xfe,0xff,0xff,0xfa,0xcf,0x88,0x2b,0x00,0x00,0x00,0x00,0x00,0x01,0x00,0x03,0xda,0xff,
  0xfb,0xff,0x4b,0x03,0x06,0x05,0x03,0x38,0xff,0xfc,0xff,0xe9,0x0e,0x03,0xb8,0xff,0xff,0xff,0xff,0xff,0xec,0xb1,0x5f,0x04,
  0x00,0x01,0x00,0x00,0x00,0x04,0x00,0x54,0xff,0xfa,0xff,0xd5,0x01,0x00,0x01,0x00,0x00,0x00,0x00,0x02,0x02,0x02,0x02,0x03,
  0x00,0x1e,0xf7,0xff,0xfe,0xfb,0x27,0x03,0x05,0x05,0x03,0x37,0xff,0xfd,0xff,0xef,0x1b,0x00,0x2f,0xff,0xfd,0xff,0xf0,0x16,
  0x03,0x05,0x03,0x1a,0xf3,0xff,0xfe,0xff,0x27,0x00,0xd3,0xff,0xf9,0xff,0x5a,0x01,0x06,0x03,0x03,0x0d,0xeb,0xff,0xfc,0xff,
  0x46,0x00,0x09,0xe4,0xff,0xfc,0xff,0x40,0x00,0x00,0x63,0xff,0xff,0xfe,0xff,0xff,0xf9,0xcb,0x83,0x23,0x00,0x00,0x00,0x00,
  0x00,0x00,0x00,0x00,0x01,0x00,0x03,0xd4,0xff,0xfa,0xff,0x4c,0x00,0x03,0x01,0x00,0x18,0xf5,0xff,0xff,0xfb,0x29,0x01,0x02,
  0x03,0x02,0x4a,0xff,0xfb,0xff,0xd2,0x22,0xfb,0xff,0xff,0xf7,0x21,0x02,0x02,0x02,0x02,0x2b,0xff,0xfe,0xff,0xef,0x1a,0x00,
  0xcd,0xff,0xfa,0xff,0x5b,0x02,0x04,0x02,0x01,0x1d,0xf3,0xff,0xfe,0xfe,0x26,0x01,0x00,0x55,0xd0,0xff,0xff,0xff,0xff,0xff,
  0xff,0xf9,0x66,0x00,0x02,0x00,0x00,0x01,0x00,0x05,0xe2,0xff,0xfc,0xff,0x41,0x02,0x03,0x02,0x02,0x31,0xff,0xfe,0xff,0xef,
  0x13,0x02,0x10,0x96,0xf0,0xff,0xff,0xff,0xff,0xff,0xff,0xcc,0x1c,0x01,0x02,0x00,0x00,0x02,0x00,0x30,0xfe,0xfe,0xfe,0xf7,
  0x21,0x02,0x03,0x00,0x00,0x01,0x02,0x00,0x00,0x00,0x00,0x00,0x00,0x21,0xfb,0xff,0xff,0xf7,0x21,0x02,0x02,0x02,0x02,0x2b,
  0xff,0xfe,0xff,0xef,0x1b,0x00,0x2f,0xff,0xfd,0xff,0xea,0x16,0x00,0x03,0x00,0x1a,0xee,0xff,0xfe,0xff,0x27,0x00,0xd9,0xff,
  0xfb,0xff,0x4f,0x02,0x03,0x01,0x01,0x07,0xe1,0xff,0xfc,0xff,0x46,0x00,0x09,0xe4,0xff,0xfc,0xff,0x40,0x00,0x05,0x00,0x60,
  0xd6,0xff,0xff,0xff,0xff,0xff,0xff,0xf4,0x57,0x00,0x02,0x00,0x00,0x00,0x00,0x00,0x01,0x00,0x03,0xd4,0xff,0xfa,0xff,0x4c,
  0x00,0x03,0x01,0x00,0x0c,0xe4,0xff,0xfb,0xff,0x49,0x00,0x07,0x07,0x00,0x75,0xff,0xf8,0xfe,0xbf,0x0f,0xee,0xff,0xfc,0xff,
  0x46,0x00,0x06,0x06,0x00,0x59,0xff,0xfb,0xff,0xef,0x1b,0x00,0xb7,0xfe,0xf8,0xff,0x85,0x00,0x07,0x06,0x00,0x3b,0xff,0xfc,
  0xff,0xee,0x16,0x00,0x00,0x00,0x00,0x22,0x71,0xad,0xec,0xff,0xf9,0xff,0xfe,0x29,0x00,0x02,0x00,0x01,0x01,0x01,0xcd,0xfe,
  0xf9,0xff,0x68,0x00,0x07,0x07,0x00,0x56,0xff,0xfa,0xff,0xdc,0x07,0x00,0x00,0x00,0x04,0x45,0x8c,0xc9,0xff,0xfc,0xf8,0xff,
  0xab,0x00,0x03,0x00,0x00,0x01,0x00,0x06,0xda,0xfe,0xfa,0xff,0x91,0x00,0x02,0x04,0x04,0x00,0x00,0x88,0xc7,0xc3,0xc5,0xaf,
  0x03,0x14,0xee,0xff,0xfc,0xff,0x46,0x00,0x06,0x06,0x00,0x59,0xff,0xfb,0xff,0xef,0x1b,0x00,0x2f,0xff,0xfd,0xff,0xeb,0x15,
  0x00,0x03,0x00,0x1a,0xef,0xff,0xfe,0xff,0x28,0x00,0xc6,0xff,0xf8,0xff,0x80,0x00,0x06,0x06,0x00,0x25,0xf7,0xfe,0xfd,0xff,
  0x46,0x00,0x09,0xe4,0xff,0xfc,0xff,0x40,0x00,0x00,0x00,0x00,0x00,0x27,0x76,0xb2,0xf0,0xff,0xf9,0xff,0xf5,0x1c,0x00,0x02,
  0x00,0x00,0x00,0x00,0x01,0x00,0x03,0xd4,0xff,0xfa,0xff,0x4c,0x00,0x03,0x00,0x02,0x00,0xb5,0xfe,0xf9,0xfe,0xc8,0x14,0x00,
  0x00,0x2e,0xe6,0xfe,0xf9,0xff,0x8b,0x00,0xcc,0xfd,0xfa,0xfe,0xce,0x1a,0x00,0x00,0x22,0xd9,0xfe,0xfc,0xff,0xef,0x1d,0x00,
  0x7d,0xff,0xfa,0xfe,0xe9,0x30,0x00,0x00,0x14,0xc2,0xff,0xf9,0xfe,0xc4,0x01,0x29,0x88,0x87,0x87,0x6e,0x00,0x00,0x0c,0xb7,
  0xff,0xf7,0xfe,0x66,0x00,0x04,0x00,0x00,0x04,0x00,0x98,0xff,0xf9,0xfe,0xdc,0x20,0x00,0x00,0x1e,0xd5,0xff,0xf9,0xfe,0xaa,
  0x00,0x64,0x87,0x85,0x83,0x34,0x00,0x00,0x41,0xf9,0xfd,0xfd,0xe7,0x09,0x00,0x01,0x00,0x00,0x04,0x00,0x76,0xff,0xfa,0xfd,
  0xfe,0x71,0x03,0x00,0x00,0x05,0x78,0xff,0xff,0xff,0xff,0x9a,0x00,0x02,0xc8,0xfd,0xfa,0xfe,0xce,0x1a,0x00,0x00,0x22,0xd9,
  0xfe,0xfc,0xff,0xef,0x1b,0x00,0x2f,0xff,0xfd,0xff,0xeb,0x15,0x00,0x03,0x00,0x1a,0xef,0xff,0xfe,0xff,0x2b,0x00,0x95,0xfe,
  0xfa,0xfe,0xec,0x38,0x00,0x00,0x0c,0xb2,0xff,0xfc,0xfd,0xff,0x46,0x00,0x09,0xe4,0xff,0xfc,0xff,0x42,0x00,0x34,0x87,0x86,
  0x86,0x66,0x00,0x00,0x11,0xc7,0xff,0xf8,0xff,0x53,0x00,0x04,0x00,0x00,0x00,0x00,0x01,0x00,0x03,0xd4,0xff,0xfa,0xff,0x4c,
  0x00,0x03,0x00,0x03,0x00,0x4b,0xff,0xfa,0xfd,0xff,0xe2,0x9b,0xa7,0xf3,0xff,0xfc,0xfd,0xf8,0x29,0x00,0x6f,0xff,0xfa,0xfe,
  0xff,0xe8,0x9f,0xa3,0xed,0xff,0xfe,0xfe,0xff,0xef,0x1b,0x00,0x20,0xf4,0xfe,0xfb,0xff,0xf4,0xa6,0x9c,0xe2,0xff,0xfd,0xfa,
  0xff,0x57,0x00,0x29,0xff,0xff,0xff,0xff,0x87,0x21,0x23,0xc1,0xff,0xf8,0xff,0x5f,0x00,0x04,0x00,0x00,0x03,0x00,0x31,0xfe,
  0xfc,0xfc,0xff,0xec,0xa1,0xa1,0xec,0xff,0xfc,0xfb,0xff,0x40,0x00,0x96,0xff,0xff,0xff,0xea,0x46,0x1b,0x55,0xfa,0xfd,0xfd,
  0xe3,0x07,0x00,0x01,0x00,0x00,0x01,0x02,0x0a,0xd1,0xff,0xf9,0xfe,0xff,0xd2,0x9a,0x9b,0xd4,0xff,0xfd,0xf7,0xfe,0xe5,0x15,
  0x02,0x00,0x6e,0xff,0xfa,0xfe,0xff,0xe8,0x9f,0xa2,0xed,0xff,0xfe,0xfe,0xff,0xef,0x1b,0x00,0x2f,0xff,0xfd,0xff,0xeb,0x15,
  0x00,0x03,0x00,0x1a,0xef,0xff,0xfe,0xff,0x2a,0x00,0x3a,0xff,0xfb,0xfd,0xff,0xf7,0xab,0x99,0xdb,0xff,0xfe,0xff,0xfd,0xff,
  0x46,0x00,0x09,0xe4,0xff,0xfc,0xff,0x43,0x00,0x38,0xff,0xff,0xff,0xff,0x7a,0x1f,0x28,0xcf,0xff,0xf9,0xff,0x4c,0x00,0x04,
  0x00,0x00,0x00,0x00,0x01,0x00,0x03,0xd1,0xfc,0xf7,0xfc,0x4b,0x00,0x03,0x00,0x00,0x02,0x00,0x9a,0xff,0xfe,0xf9,0xff,0xff,
  0xff,0xff,0xfa,0xff,0xff,0x6b,0x00,0x03,0x0a,0xce,0xff,0xfa,0xfb,0xff,0xff,0xff,0xff,0xff,0xfa,0xfb,0xfc,0xec,0x19,0x00,
  0x00,0x64,0xff,0xff,0xfa,0xff,0xff,0xff,0xff,0xf9,0xfe,0xff,0xa0,0x00,0x05,0x00,0x86,0xff,0xf8,0xf8,0xff,0xf2,0xf8,0xff,
  0xf9,0xff,0xf2,0x1b,0x01,0x01,0x00,0x00,0x00,0x03,0x00,0x7e,0xff,0xff,0xf9,0xff,0xff,0xff,0xff,0xf9,0xff,0xff,0x87,0x00,
  0x02,0x17,0xe2,0xff,0xf6,0xff,0xff,0xee,0xff,0xfc,0xf9,0xff,0x93,0x00,0x03,0x00,0x00,0x00,0x00,0x02,0x00,0x24,0xdd,0xff,
  0xfd,0xf9,0xff,0xff,0xff,0xff,0xf9,0xfc,0xff,0xf2,0x3f,0x00,0x03,0x02,0x0a,0xce,0xff,0xfa,0xfb,0xff,0xff,0xff,0xff,0xff,
  0xfa,0xfb,0xfc,0xec,0x1b,0x00,0x2e,0xfc,0xfa,0xfc,0xe8,0x15,0x00,0x03,0x00,0x1a,0xec,0xfc,0xfb,0xfc,0x27,0x00,0x00,0x9c,
  0xff,0xfa,0xfb,0xff,0xff,0xff,0xff,0xff,0xfb,0xfc,0xfa,0xfc,0x45,0x00,0x09,0xe1,0xfc,0xf9,0xfc,0x3f,0x00,0x00,0x99,0xff,
  0xf7,0xf9,0xff,0xf1,0xfb,0xff,0xf9,0xff,0xe5,0x11,0x01,0x01,0x00,0x00,0x00,0x00,0x01,0x00,0x03,0xe0,0xff,0xff,0xff,0x50,
  0x00,0x03,0x00,0x00,0x01,0x02,0x01,0x8c,0xfb,0xff,0xff,0xff,0xff,0xff,0xff,0xee,0x68,0x00,0x03,0x02,0x00,0x1f,0xcc,0xff,
  0xff,0xff,0xff,0xff,0xf6,0x85,0xff,0xff,0xff,0xfd,0x1a,0x00,0x04,0x00,0x65,0xee,0xff,0xff,0xff,0xff,0xff,0xff,0xfc,0x8e,
  0x03,0x02,0x02,0x02,0x02,0x90,0xfe,0xff,0xff,0xff,0xff,0xff,0xff,0xed,0x4c,0x00,0x02,0x00,0x00,0x00,0x00,0x00,0x02,0x00,
  0x77,0xf5,0xff,0xff,0xff,0xff,0xff,0xff,0xf6,0x7c,0x00,0x02,0x02,0x00,0x30,0xd0,0xff,0xff,0xff,0xff,0xff,0xff,0xff,0xb4,
  0x0e,0x01,0x01,0x00,0x00,0x00,0x00,0x00,0x02,0x00,0x1b,0xaa,0xff,0xff,0xff,0xff,0xff,0xff,0xff,0xff,0xc3,0x30,0x00,0x03,
  0x00,0x02,0x00,0x1f,0xcc,0xff,0xff,0xff,0xff,0xff,0xf4,0x85,0xff,0xff,0xff,0xfd,0x1d,0x00,0x32,0xff,0xff,0xff,0xf8,0x16,
  0x00,0x03,0x00,0x1b,0xfd,0xff,0xff,0xff,0x29,0x00,0x03,0x09,0xa9,0xff,0xff,0xff,0xff,0xff,0xff,0x8d,0xe7,0xff,0xff,0xff,
  0x4a,0x00,0x0a,0xf1,0xff,0xff,0xff,0x44,0x00,0x03,0x08,0x9d,0xff,0xff,0xff,0xff,0xff,0xff,0xff,0xe4,0x3e,0x00,0x02,0x00,
  0x00,0x00,0x00,0x00,0x01,0x00,0x02,0x9b,0xbb,0xb7,0xbb,0x38,0x00,0x02,0x00,0x00,0x00,0x00,0x01,0x00,0x32,0x8c,0xc3,0xd7,
  0xd3,0xba,0x78,0x1e,0x00,0x02,0x00,0x00,0x02,0x00,0x08,0x6d,0xbc,0xd7,0xce,0x9f,0x30,0x10,0xbb,0xba,0xbb,0xaf,0x12,0x00,
  0x01,0x02,0x00,0x1e,0x79,0xbb,0xd4,0xd6,0xc3,0x8c,0x33,0x00,0x00,0x01,0x00,0x00,0x00,0x00,0x36,0x8f,0xc3,0xd6,0xd5,0xbf,
  0x7f,0x1f,0x00,0x02,0x00,0x00,0x00,0x00,0x00,0x00,0x00,0x01,0x00,0x28,0x84,0xc0,0xd6,0xd5,0xc0,0x84,0x29,0x00,0x01,0x00,
  0x00,0x02,0x00,0x07,0x5e,0xaa,0xcd,0xd7,0xcc,0xa6,0x53,0x00,0x00,0x01,0x00,0x00,0x00,0x00,0x00,0x00,0x00,0x02,0x00,0x00,
  0x3a,0x8a,0xc0,0xd5,0xd7,0xc5,0x98,0x49,0x00,0x00,0x02,0x00,0x00,0x00,0x02,0x00,0x08,0x6e,0xbd,0xd7,0xcd,0x9d,0x2e,0x10,
  0xbb,0xba,0xbb,0xaf,0x14,0x00,0x22,0xbb,0xb9,0xbb,0xac,0x0f,0x00,0x02,0x00,0x13,0xaf,0xbb,0xba,0xbb,0x1d,0x00,0x02,0x00,
  0x00,0x55,0xaf,0xd3,0xd3,0xad,0x4c,0x00,0xa3,0xbb,0xb8,0xbb,0x33,0x00,0x07,0xa7,0xbb,0xb9,0xbb,0x2f,0x00,0x03,0x00,0x00,
  0x3e,0x94,0xc5,0xd6,0xd3,0xbb,0x78,0x18,0x00,0x02,0x00,0x00,0x00,0x00,0x00,0x00,0x00,0x00,0x00,0x00,0x00,0x00,0x00,0x00,
  0x00,0x00,0x00,0x00,0x00,0x00,0x00,0x02,0x00,0x00,0x00,0x04,0x02,0x00,0x00,0x00,0x03,0x00,0x00,0x00,0x00,0x02,0x00,0x00,
  0x00,0x05,0x00,0x00,0x00,0x01,0x00,0x00,0x00,0x00,0x00,0x00,0x00,0x00,0x03,0x00,0x00,0x00,0x03,0x04,0x00,0x00,0x00,0x02,
  0x00,0x00,0x00,0x00,0x00,0x02,0x00,0x00,0x00,0x04,0x04,0x00,0x00,0x00,0x02,0x00,0x00,0x00,0x00,0x00,0x00,0x00,0x00,0x00,
  0x03,0x00,0x00,0x00,0x04,0x04,0x00,0x00,0x00,0x03,0x00,0x00,0x00,0x00,0x02,0x00,0x00,0x00,0x00,0x06,0x00,0x00,0x00,0x00,
  0x01,0x00,0x00,0x00,0x00,0x00,0x00,0x00,0x00,0x00,0x01,0x02,0x00,0x00,0x00,0x03,0x05,0x00,0x00,0x00,0x00,0x02,0x00,0x00,
  0x00,0x00,0x00,0x02,0x00,0x00,0x00,0x05,0x00,0x00,0x00,0x01,0x00,0x00,0x00,0x00,0x00,0x00,0x00,0x00,0x00,0x00,0x00,0x00,
  0x00,0x00,0x00,0x00,0x00,0x00,0x00,0x00,0x00,0x00,0x00,0x01,0x01,0x00,0x00,0x03,0x03,0x00,0x00,0x01,0x00,0x00,0x00,0x00,
  0x00,0x00,0x00,0x00,0x00,0x00,0x00,0x00,0x00,0x00,0x01,0x02,0x00,0x00,0x00,0x05,0x03,0x00,0x00,0x00,0x02,0x00,0x00,0x00,
  0x00,0x00,0x00,0x00,0x00,0x00,0x00,0x03,0x03,0x03,0x03,0x01,0x00,0x00,0x00,0x00,0x00,0x00,0x00,0x00,0x02,0x04,0x02,0x00,
  0x00,0x02,0x04,0x02,0x00,0x00,0x00,0x00,0x00,0x00,0x01,0x04,0x02,0x00,0x00,0x03,0x02,0x00,0x03,0x03,0x03,0x03,0x00,0x00,
  0x00,0x00,0x00,0x02,0x04,0x02,0x00,0x00,0x02,0x04,0x02,0x00,0x00,0x00,0x00,0x00,0x00,0x00,0x03,0x04,0x01,0x00,0x00,0x02,
  0x04,0x02,0x00,0x00,0x00,0x00,0x00,0x00,0x00,0x00,0x00,0x00,0x00,0x02,0x04,0x02,0x00,0x00,0x02,0x04,0x02,0x00,0x00,0x00,
  0x00,0x00,0x00,0x01,0x04,0x03,0x00,0x00,0x00,0x03,0x03,0x01,0x00,0x00,0x00,0x00,0x00,0x00,0x00,0x00,0x00,0x00,0x00,0x00,
  0x03,0x04,0x02,0x00,0x00,0x01,0x04,0x03,0x01,0x00,0x00,0x00,0x00,0x00,0x00,0x00,0x01,0x04,0x02,0x00,0x00,0x04,0x02,0x00,
  0x03,0x03,0x03,0x03,0x00,0x00,0x01,0x03,0x03,0x03,0x03,0x00,0x00,0x00,0x00,0x00,0x03,0x03,0x03,0x03,0x00,0x00,0x00,0x00,
  0x00,0x03,0x03,0x00,0x00,0x03,0x03,0x00,0x03,0x03,0x03,0x03,0x01,0x00,0x00,0x03,0x03,0x03,0x03,0x01,0x00,0x00,0x00,0x00,
  0x03,0x04,0x01,0x00,0x00,0x02,0x04,0x01,0x00,0x00,0x00,0x00,
};
const lv_img_dsc_t txt_title_todos = {
  .header.cf = LV_IMG_CF_ALPHA_8BIT,
  .header.always_zero = 0,
  .header.reserved = 0,
  .header.w = 204,
  .header.h = 23,
  .data_size = 4692,
  .data = txt_title_todos_map,
};

static const uint8_t txt_ch_01_map[] = {
  0x00,0x00,0x00,0x00,0x00,0x00,0x00,0x00,0x00,0x00,0x00,0x00,0x00,0x00,0x00,0x00,0x00,0x00,0x00,0x03,0x04,0x02,0x00,0x00,
  0x00,0x00,0x00,0x00,0x00,0x00,0x00,0x00,0x00,0x00,0x00,0x00,0x00,0x00,0x00,0x00,0x00,0x00,0x00,0x00,0x00,0x00,0x00,0x00,
  0x00,0x00,0x00,0x00,0x00,0x00,0x03,0x04,0x02,0x00,0x00,0x00,0x00,0x00,0x00,0x00,0x00,0x00,0x00,0x00,0x00,0x00,0x00,0x00,
  0x00,0x00,0x00,0x00,0x00,0x00,0x00,0x00,0x00,0x00,0x00,0x00,0x00,0x00,0x00,0x00,0x00,0x00,0x00,0x00,0x00,0x00,0x00,0x00,
  0x00,0x00,0x00,0x00,0x00,0x00,0x00,0x00,0x00,0x00,0x00,0x00,0x00,0x00,0x00,0x00,0x00,0x00,0x00,0x00,0x00,0x00,0x00,0x00,
  0x00,0x00,0x00,0x00,0x00,0x00,0x00,0x00,0x00,0x00,0x00,0x00,0x00,0x00,0x00,0x00,0x00,0x00,0x00,0x00,0x00,0x00,0x00,0x00,
  0x00,0x00,0x00,0x00,0x00,0x00,0x00,0x00,0x00,0x00,0x00,0x00,0x00,0x00,0x00,0x02,0x04,0x02,0x00,0x00,0x00,0x00,0x00,0x00,
  0x00,0x00,0x00,0x00,0x00,0x00,0x00,0x00,0x00,0x00,0x00,0x02,0x04,0x02,0x00,0x00,0x00,0x00,0x00,0x00,0x00,0x00,0x03,0x04,
  0x01,0x00,0x00,0x00,0x00,0x00,0x00,0x00,0x00,0x00,0x00,0x00,0x00,0x00,0x00,0x00,0x00,0x00,0x00,0x00,0x00,0x00,0x00,0x00,
  0x00,0x00,0x00,0x00,0x00,0x00,0x00,0x00,0x00,0x00,0x00,0x00,0x00,0x01,0x00,0x00,0x00,0x00,0x00,0x00,0x00,0x00,0x00,0x00,
  0x00,0x00,0x00,0x00,0x00,0x00,0x00,0x00,0x00,0x00,0x00,0x00,0x00,0x00,0x00,0x00,0x00,0x00,0x00,0x00,0x00,0x00,0x00,0x00,
  0x00,0x00,0x00,0x00,0x00,0x00,0x00,0x00,0x00,0x00,0x00,0x00,0x00,0x02,0x04,0x03,0x00,0x00,0x00,0x00,0x00,0x00,0x00,0x00,
  0x00,0x00,0x00,0x00,0x00,0x00,0x00,0x00,0x00,0x00,0x00,0x00,0x00,0x00,0x00,0x00,0x00,0x00,0x00,0x00,0x00,0x00,0x00,0x00,
  0x00,0x00,0x00,0x00,0x00,0x00,0x00,0x00,0x00,0x00,0x00,0x00,0x00,0x00,0x00,0x00,0x00,0x00,0x00,0x00,0x00,0x00,0x00,0x00,
  0x00,0x00,0x00,0x00,0x00,0x00,0x00,0x00,0x00,0x00,0x00,0x00,0x00,0x00,0x00,0x00,0x00,0x00,0x00,0x00,0x00,0x00,0x01,0x00,
  0x00,0x00,0x00,0x00,0x00,0x00,0x00,0x00,0x00,0x02,0x00,0x5b,0x9d,0x20,0x00,0x01,0x00,0x00,0x00,0x00,0x00,0x00,0x00,0x00,
  0x00,0x00,0x00,0x00,0x00,0x00,0x00,0x00,0x00,0x00,0x00,0x00,0x00,0x00,0x00,0x00,0x00,0x00,0x00,0x00,0x01,0x00,0x4e,0xa8,
  0x93,0x00,0x01,0x00,0x00,0x00,0x00,0x00,0x00,0x00,0x00,0x00,0x00,0x00,0x00,0x00,0x00,0x00,0x00,0x00,0x00,0x00,0x00,0x00,
  0x00,0x00,0x00,0x00,0x00,0x00,0x00,0x00,0x00,0x00,0x00,0x00,0x00,0x00,0x00,0x00,0x00,0x00,0x00,0x00,0x00,0x00,0x00,0x00,
  0x00,0x00,0x00,0x00,0x00,0x00,0x00,0x00,0x00,0x00,0x00,0x00,0x00,0x00,0x00,0x00,0x00,0x00,0x00,0x00,0x00,0x00,0x00,0x00,
  0x00,0x00,0x00,0x00,0x00,0x00,0x00,0x00,0x00,0x00,0x00,0x00,0x00,0x00,0x00,0x00,0x00,0x00,0x00,0x00,0x00,0x00,0x00,0x00,
  0x00,0x00,0x00,0x00,0x00,0x01,0x00,0x35,0x55,0x25,0x00,0x01,0x00,0x00,0x00,0x00,0x00,0x00,0x00,0x00,0x00,0x00,0x00,0x00,
  0x00,0x01,0x00,0x38,0x55,0x34,0x00,0x01,0x00,0x00,0x00,0x00,0x00,0x00,0x49,0x55,0x22,0x00,0x12,0xfc,0xff,0x9d,0x00,0x04,
  0x00,0x00,0x00,0x01,0x01,0x01,0x00,0x00,0x00,0x00,0x00,0x01,0x01,0x00,0x01,0x01,0x00,0x00,0x00,0x00,0x00,0x01,0x01,0x00,
  0x00,0x00,0x00,0x03,0x01,0x61,0xff,0xff,0xc5,0x00,0x01,0x00,0x00,0x00,0x01,0x01,0x01,0x00,0x00,0x00,0x00,0x00,0x00,0x01,
  0x01,0x00,0x01,0x01,0x01,0x00,0x00,0x00,0x00,0x00,0x00,0x00,0x00,0x01,0x01,0x01,0x00,0x00,0x00,0x00,0x00,0x00,0x00,0x00,
  0x00,0x00,0x00,0x01,0x00,0x28,0x55,0x4d,0x05,0x00,0x00,0x00,0x00,0x00,0x01,0x01,0x01,0x00,0x01,0x01,0x01,0x00,0x00,0x00,
  0x00,0x01,0x01,0x01,0x00,0x00,0x00,0x00,0x00,0x00,0x00,0x00,0x01,0x01,0x00,0x00,0x01,0x01,0x01,0x00,0x00,0x01,0x01,0x00,
  0x00,0x01,0x00,0x00,0x00,0x00,0x00,0x01,0x01,0x01,0x00,0x00,0x00,0x04,0x00,0xa8,0xff,0x75,0x00,0x04,0x00,0x00,0x00,0x01,
  0x01,0x01,0x00,0x00,0x00,0x00,0x00,0x00,0x00,0x04,0x00,0xb5,0xff,0xe6,0x0d,0x01,0x01,0x00,0x00,0x03,0x01,0x37,0xff,0xff,
  0x6a,0x00,0x07,0x9d,0xde,0x4d,0x00,0x03,0x00,0x03,0x02,0x00,0x00,0x00,0x04,0x01,0x00,0x00,0x00,0x00,0x00,0x03,0x00,0x00,
  0x00,0x00,0x01,0x03,0x01,0x00,0x00,0x01,0x03,0x00,0x00,0x02,0x00,0xc2,0xfe,0x7c,0x0a,0x02,0x00,0x00,0x03,0x02,0x00,0x00,
  0x00,0x04,0x01,0x00,0x00,0x00,0x00,0x00,0x00,0x03,0x00,0x00,0x00,0x03,0x01,0x00,0x00,0x00,0x00,0x02,0x03,0x00,0x00,0x00,
  0x03,0x02,0x00,0x00,0x00,0x00,0x00,0x00,0x00,0x00,0x00,0x02,0x00,0xbd,0xff,0xff,0x40,0x01,0x03,0x00,0x00,0x00,0x00,0x00,
  0x00,0x03,0x00,0x00,0x00,0x04,0x01,0x01,0x04,0x00,0x00,0x00,0x04,0x01,0x00,0x00,0x00,0x00,0x03,0x02,0x00,0x00,0x01,0x02,
  0x00,0x00,0x00,0x00,0x00,0x00,0x00,0x00,0x03,0x00,0x00,0x00,0x00,0x03,0x02,0x00,0x00,0x00,0x04,0x01,0x00,0x04,0x00,0x9c,
  0xfb,0x6c,0x00,0x04,0x00,0x02,0x03,0x00,0x00,0x00,0x03,0x02,0x00,0x00,0x00,0x00,0x00,0x04,0x00,0xa9,0xfb,0xff,0x63,0x00,
  0x04,0x00,0x00,0x03,0x00,0xa5,0xfd,0xfb,0x63,0x00,0x02,0x09,0x1b,0x00,0x00,0x00,0x02,0x00,0x00,0x0a,0x0c,0x00,0x00,0x00,
  0x01,0x00,0x06,0x10,0x0b,0x00,0x02,0x09,0x00,0x01,0x00,0x00,0x00,0x0b,0x0b,0x00,0x00,0x01,0x01,0x01,0x0d,0xd2,0xff,0x3c,
  0x07,0x03,0x00,0x02,0x00,0x00,0x09,0x0c,0x00,0x00,0x00,0x01,0x00,0x00,0x07,0x10,0x08,0x00,0x00,0x0d,0x05,0x00,0x00,0x01,
  0x00,0x00,0x02,0x00,0x00,0x06,0x0d,0x04,0x00,0x00,0x02,0x00,0x00,0x00,0x00,0x00,0x00,0x00,0x02,0x00,0x22,0xf6,0xfe,0xfe,
  0x9a,0x00,0x03,0x00,0x00,0x00,0x08,0x10,0x06,0x00,0x00,0x0d,0x03,0x00,0x00,0x00,0x00,0x01,0x0d,0x03,0x00,0x00,0x00,0x00,
  0x00,0x02,0x00,0x00,0x0b,0x0b,0x00,0x00,0x0b,0x10,0x07,0x00,0x00,0x09,0x10,0x06,0x00,0x07,0x06,0x00,0x02,0x00,0x00,0x08,
  0x0d,0x01,0x00,0x00,0x01,0x04,0x00,0x9e,0xff,0x6e,0x00,0x04,0x02,0x00,0x00,0x07,0x0d,0x03,0x00,0x00,0x02,0x00,0x00,0x00,
  0x00,0x04,0x00,0xac,0xff,0xff,0xcf,0x03,0x01,0x01,0x02,0x01,0x21,0xf5,0xfe,0xff,0x64,0x00,0x01,0xb5,0xec,0x45,0x00,0x05,
  0x00,0x4f,0xb9,0xf0,0xf7,0xce,0x79,0x08,0x02,0x00,0x5c,0xef,0x96,0x4d,0xd6,0x90,0x00,0x02,0x02,0x6b,0xc6,0xf5,0xf3,0xc1,
  0x60,0x00,0x00,0x21,0xfa,0xfe,0xfd,0xfe,0xe0,0x06,0x01,0x00,0x46,0xb1,0xec,0xf9,0xd2,0x82,0x11,0x00,0x06,0x00,0x6c,0xef,
  0x90,0x66,0xd9,0xf8,0xda,0x8d,0x10,0x00,0x01,0x02,0x00,0x2f,0xa1,0xe5,0xfa,0xde,0x91,0x1c,0x00,0x01,0x00,0x00,0x00,0x00,
  0x00,0x00,0x04,0x00,0x73,0xff,0xb7,0xed,0xeb,0x0e,0x00,0x01,0x04,0x00,0x7f,0xef,0x82,0x6f,0xdf,0xf7,0xd4,0x80,0x03,0x03,
  0x80,0xe0,0xf7,0xd3,0x7e,0x07,0x01,0x01,0x02,0x00,0x42,0xb4,0xee,0xf6,0xc3,0x36,0x81,0xef,0x71,0x00,0x00,0x8d,0xef,0x6d,
  0x68,0xe2,0x5e,0x01,0x00,0x3f,0xad,0xea,0xf9,0xd7,0x85,0x11,0x00,0x05,0x00,0x9e,0xff,0x6e,0x00,0x06,0x00,0x35,0xa4,0xe6,
  0xfa,0xda,0x8f,0x1d,0x00,0x01,0x00,0x00,0x00,0x04,0x00,0xac,0xff,0xf0,0xff,0x47,0x00,0x03,0x04,0x00,0x8a,0xff,0xef,0xff,
  0x64,0x00,0x00,0xc5,0xff,0x49,0x00,0x00,0x73,0xff,0xff,0xd5,0xc9,0xff,0xff,0xb4,0x07,0x00,0x67,0xff,0xe8,0xff,0xff,0x90,
  0x00,0x08,0xae,0xff,0xff,0xcc,0xd1,0xff,0xff,0x9e,0x01,0x1a,0xc2,0xf4,0xfe,0xd1,0xaa,0x08,0x00,0x71,0xff,0xff,0xd9,0xc7,
  0xfb,0xff,0xd2,0x1a,0x03,0x00,0x79,0xff,0xf4,0xff,0xd8,0xcc,0xff,0xff,0xc0,0x07,0x03,0x00,0x43,0xf5,0xff,0xe3,0xc4,0xeb,
  0xff,0xe2,0x25,0x01,0x02,0x00,0x00,0x00,0x00,0x00,0x01,0x02,0xcc,0xff,0x2e,0xa7,0xff,0x52,0x01,0x04,0x04,0x00,0x8d,0xff,
  0xf5,0xff,0xd4,0xcf,0xff,0xff,0xa2,0xa8,0xff,0xd1,0xcf,0xff,0xff,0xa9,0x02,0x04,0x00,0x5a,0xfe,0xff,0xe7,0xc4,0xf4,0xff,
  0xd9,0xff,0x7e,0x00,0x00,0x9c,0xff,0xe7,0xff,0xf9,0x60,0x00,0x60,0xff,0xff,0xdc,0xc6,0xf3,0xff,0xd0,0x15,0x03,0x00,0x9e,
  0xff,0x6e,0x00,0x00,0x54,0xf9,0xff,0xe1,0xc4,0xf2,0xff,0xe4,0x2c,0x00,0x02,0x00,0x00,0x04,0x00,0xaa,0xff,0x96,0xf9,0xbd,
  0x00,0x03,0x00,0x0e,0xef,0xd0,0xb2,0xff,0x61,0x00,0x00,0xc0,0xfe,0x4a,0x00,0x30,0xfd,0xf6,0x54,0x00,0x00,0x30,0xe0,0xff,
  0x71,0x00,0x69,0xfe,0xff,0x82,0x1b,0x0d,0x00,0x75,0xff,0xd5,0x30,0x00,0x00,0x40,0xe5,0xff,0x5f,0x00,0x00,0xcf,0xff,0x34,
  0x00,0x00,0x32,0xfe,0xf7,0x5a,0x02,0x00,0x1f,0xba,0xff,0xa9,0x00,0x00,0x76,0xfe,0xfa,0x59,0x00,0x00,0x40,0xec,0xff,0x55,
  0x00,0x10,0xdf,0xff,0x72,0x03,0x00,0x09,0x80,0xff,0xb6,0x00,0x02,0x00,0x00,0x00,0x00,0x03,0x00,0x31,0xfe,0xd8,0x00,0x5a,
  0xff,0xad,0x00,0x03,0x05,0x00,0x8a,0xfe,0xf6,0x4c,0x00,0x00,0x4d,0xf3,0xff,0xfe,0x49,0x00,0x00,0x4f,0xf4,0xff,0x40,0x00,
  0x1a,0xee,0xff,0x89,0x0d,0x00,0x12,0xa3,0xff,0xfe,0x7d,0x00,0x00,0x98,0xfe,0xf8,0x5e,0x15,0x06,0x1c,0xf2,0xf8,0x5b,0x00,
  0x00,0x10,0x98,0xff,0x96,0x00,0x00,0x9e,0xff,0x70,0x00,0x1e,0xf0,0xff,0x71,0x06,0x00,0x16,0xa2,0xff,0xc8,0x04,0x01,0x01,
  0x00,0x04,0x00,0xa8,0xff,0x59,0xa7,0xff,0x2c,0x01,0x00,0x67,0xff,0x5d,0x9b,0xff,0x61,0x00,0x00,0xc1,0xff,0x4c,0x00,0x87,
  0xff,0x9c,0x00,0x02,0x02,0x00,0x26,0x4a,0x33,0x00,0x64,0xff,0xcc,0x00,0x00,0x00,0x06,0xd6,0xfd,0x49,0x00,0x04,0x03,0x00,
  0x63,0xfd,0xc5,0x00,0x03,0xd0,0xff,0x3b,0x01,0x00,0x90,0xff,0x93,0x00,0x02,0x03,0x00,0x1f,0xf2,0xf9,0x25,0x00,0x76,0xff,
  0xb8,0x00,0x01,0x03,0x00,0x98,0xfd,0x8f,0x00,0x51,0xff,0xca,0x06,0x0b,0x10,0x09,0x0c,0xdf,0xfa,0x1f,0x00,0x02,0x00,0x00,
  0x00,0x04,0x00,0x87,0xff,0x80,0x04,0x1a,0xf1,0xf5,0x1a,0x00,0x06,0x00,0x87,0xff,0xa6,0x00,0x03,0x03,0x00,0xab,0xfd,0xa3,
  0x00,0x03,0x02,0x00,0xad,0xfe,0x79,0x00,0x67,0xff,0xc7,0x00,0x00,0x03,0x00,0x04,0xd6,0xff,0x7b,0x00,0x00,0x96,0xff,0x9e,
  0x00,0x01,0x00,0x6b,0xff,0xae,0x02,0x0e,0x10,0x08,0x1d,0xf2,0xea,0x11,0x00,0x9f,0xff,0x72,0x00,0x72,0xff,0xb4,0x00,0x00,
  0x03,0x00,0x09,0xe1,0xff,0x3b,0x00,0x03,0x00,0x04,0x00,0xa8,0xff,0x57,0x33,0xff,0x9c,0x00,0x06,0xda,0xf2,0x07,0xa9,0xff,
  0x61,0x00,0x00,0xc1,0xff,0x4c,0x00,0xaf,0xfe,0x62,0x02,0x05,0x00,0x02,0x00,0x00,0x00,0x00,0x62,0xff,0xa9,0x02,0x05,0x00,
  0x19,0xf9,0xf4,0x18,0x02,0x02,0x03,0x03,0x24,0xff,0xe8,0x0b,0x00,0xd1,0xff,0x3a,0x00,0x00,0xbb,0xfe,0x53,0x03,0x04,0x00,
  0x03,0x00,0xcb,0xff,0x48,0x00,0x76,0xff,0x97,0x02,0x04,0x05,0x02,0x76,0xff,0x99,0x00,0x7b,0xfe,0xf8,0xfe,0xfd,0xfc,0xfd,
  0xfd,0xff,0xff,0x43,0x00,0x03,0x00,0x00,0x01,0x00,0x07,0xde,0xf6,0x17,0x00,0x00,0x91,0xff,0x67,0x00,0x09,0x00,0x87,0xff,
  0x85,0x02,0x05,0x05,0x02,0x89,0xff,0x81,0x02,0x05,0x05,0x02,0x8d,0xff,0x83,0x00,0x8f,0xfe,0x83,0x01,0x05,0x00,0x05,0x00,
  0x9a,0xff,0x79,0x00,0x00,0x96,0xff,0x78,0x03,0x09,0x00,0x97,0xfe,0xf7,0xff,0xfd,0xfc,0xfe,0xfc,0xff,0xff,0x2b,0x00,0xa0,
  0xff,0x72,0x00,0x9e,0xfe,0x73,0x02,0x05,0x00,0x04,0x00,0xa9,0xfe,0x63,0x00,0x04,0x00,0x04,0x00,0xa8,0xff,0x65,0x00,0xd5,
  0xf8,0x0c,0x44,0xff,0x90,0x00,0xb1,0xff,0x61,0x00,0x00,0xc1,0xff,0x4c,0x00,0xaf,0xfe,0x63,0x02,0x05,0x00,0x02,0x00,0x00,
  0x00,0x00,0x62,0xff,0xa8,0x00,0x04,0x00,0x19,0xf9,0xf4,0x19,0x02,0x02,0x03,0x03,0x25,0xff,0xe8,0x0b,0x00,0xd1,0xff,0x3a,
  0x00,0x00,0xbb,0xfe,0x54,0x03,0x04,0x00,0x03,0x00,0xcb,0xff,0x48,0x00,0x76,0xff,0x98,0x00,0x03,0x05,0x00,0x76,0xff,0x99,
  0x00,0x79,0xfe,0xe4,0xc2,0xc5,0xc3,0xc4,0xc4,0xb8,0xb8,0x2c,0x00,0x02,0x00,0x00,0x03,0x01,0x46,0xff,0xd8,0x51,0x54,0x52,
  0x87,0xfd,0xc2,0x01,0x05,0x00,0x87,0xff,0x85,0x00,0x04,0x04,0x00,0x8a,0xff,0x82,0x00,0x04,0x04,0x00,0x8d,0xff,0x83,0x00,
  0x8d,0xfe,0x85,0x01,0x05,0x00,0x05,0x00,0x9a,0xff,0x79,0x00,0x00,0x96,0xff,0x77,0x00,0x08,0x00,0x96,0xfe,0xdd,0xc2,0xc5,
  0xc3,0xc4,0xc2,0xb9,0xb4,0x1e,0x00,0xa0,0xff,0x72,0x00,0x9e,0xfe,0x73,0x02,0x05,0x00,0x05,0x00,0xaa,0xfe,0x63,0x00,0x04,
  0x00,0x04,0x00,0xa8,0xff,0x69,0x01,0x63,0xff,0x78,0xb0,0xfc,0x25,0x01,0xaf,0xff,0x61,0x00,0x00,0xc1,0xff,0x4c,0x00,0x86,
  0xff,0x9d,0x00,0x02,0x02,0x00,0x25,0x4b,0x33,0x00,0x63,0xff,0xa8,0x00,0x03,0x01,0x06,0xd6,0xfd,0x48,0x00,0x04,0x03,0x00,
  0x67,0xfd,0xc2,0x00,0x02,0xd0,0xff,0x3a,0x00,0x00,0x91,0xff,0x92,0x00,0x02,0x03,0x00,0x22,0xf3,0xf8,0x23,0x00,0x75,0xff,
  0x98,0x00,0x03,0x05,0x00,0x76,0xff,0x98,0x00,0x4d,0xff,0xc7,0x00,0x00,0x00,0x00,0x00,0x16,0x18,0x00,0x00,0x00,0x00,0x00,
  0x03,0x00,0xa1,0xff,0xff,0xff,0xff,0xff,0xff,0xff,0xfb,0x2c,0x00,0x00,0x87,0xff,0x85,0x00,0x04,0x04,0x00,0x8a,0xff,0x82,
  0x00,0x04,0x04,0x00,0x8d,0xff,0x82,0x00,0x62,0xff,0xcc,0x00,0x00,0x03,0x00,0x04,0xd7,0xff,0x7b,0x00,0x00,0x96,0xff,0x77,
  0x00,0x07,0x00,0x68,0xff,0xa9,0x00,0x00,0x00,0x00,0x00,0x16,0x15,0x02,0x00,0x9e,0xff,0x72,0x00,0x73,0xff,0xb2,0x00,0x01,
  0x03,0x00,0x0b,0xe3,0xff,0x39,0x00,0x03,0x00,0x04,0x00,0xa7,0xfe,0x66,0x00,0x0f,0xe4,0xf6,0xff,0xad,0x00,0x00,0xac,0xfe,
  0x61,0x00,0x00,0xc0,0xfe,0x4a,0x00,0x2f,0xfc,0xf7,0x54,0x00,0x00,0x2c,0xde,0xff,0x6b,0x00,0x65,0xfe,0xa7,0x00,0x03,0x03,
  0x00,0x77,0xff,0xd2,0x2d,0x00,0x00,0x44,0xe8,0xff,0x59,0x00,0x04,0xcf,0xfe,0x3a,0x00,0x00,0x33,0xff,0xf5,0x56,0x01,0x00,
  0x21,0xbf,0xff,0xa2,0x00,0x00,0x72,0xfe,0x97,0x00,0x03,0x05,0x00,0x76,0xfe,0x95,0x00,0x0d,0xdb,0xff,0x82,0x0c,0x00,0x0f,
  0x95,0xfd,0xb0,0x01,0x02,0x00,0x00,0x01,0x00,0x11,0xec,0xfa,0x7a,0x68,0x6b,0x6d,0x69,0xbb,0xfe,0x7e,0x00,0x00,0x86,0xfe,
  0x84,0x00,0x04,0x04,0x00,0x89,0xfe,0x81,0x00,0x04,0x04,0x00,0x8c,0xfe,0x7f,0x00,0x16,0xea,0xff,0x8f,0x0f,0x00,0x11,0xa3,
  0xff,0xfe,0x7d,0x00,0x00,0x95,0xfe,0x76,0x00,0x05,0x00,0x19,0xef,0xfe,0x6a,0x05,0x00,0x17,0xac,0xff,0x93,0x00,0x00,0x9e,
  0xfe,0x70,0x00,0x1f,0xf1,0xff,0x6d,0x04,0x00,0x18,0xa8,0xff,0xc2,0x03,0x02,0x00,0x00,0x04,0x00,0xab,0xff,0x67,0x00,0x00,
  0x7e,0xff,0xff,0x3c,0x00,0x00,0xb0,0xff,0x63,0x00,0x00,0xc4,0xff,0x49,0x00,0x00,0x70,0xff,0xff,0xd5,0xc8,0xff,0xff,0xa7,
  0x03,0x00,0x64,0xff,0xab,0x00,0x03,0x01,0x02,0x08,0xb2,0xff,0xff,0xca,0xd4,0xff,0xff,0x92,0x00,0x02,0x01,0xd3,0xff,0x3b,
  0x00,0x05,0x00,0x74,0xff,0xff,0xd7,0xc8,0xfe,0xff,0xc9,0x15,0x04,0x00,0x75,0xff,0x9b,0x00,0x03,0x05,0x00,0x78,0xff,0x97,
  0x00,0x00,0x3c,0xf0,0xff,0xe6,0xc4,0xea,0xff,0xe4,0x28,0x01,0x02,0x00,0x00,0x04,0x00,0x5d,0xff,0xbd,0x00,0x00,0x00,0x00,
  0x00,0x40,0xff,0xd9,0x09,0x00,0x89,0xff,0x87,0x00,0x04,0x04,0x00,0x8c,0xff,0x84,0x00,0x04,0x04,0x00,0x8f,0xff,0x81,0x00,
  0x00,0x53,0xfc,0xff,0xe8,0xc4,0xf4,0xfe,0xd6,0xff,0x7e,0x00,0x00,0x98,0xff,0x79,0x00,0x04,0x02,0x00,0x54,0xfb,0xff,0xdf,
  0xc5,0xf2,0xff,0xd2,0x18,0x03,0x00,0xa1,0xff,0x70,0x00,0x00,0x58,0xfb,0xff,0xde,0xc5,0xf5,0xff,0xdc,0x26,0x00,0x02,0x00,
  0x00,0x04,0x00,0x9e,0xf0,0x5f,0x00,0x01,0x19,0xea,0xbc,0x01,0x04,0x00,0xa3,0xf0,0x5b,0x00,0x00,0xb6,0xf0,0x44,0x00,0x05,
  0x00,0x4d,0xb9,0xf1,0xf8,0xcd,0x72,0x03,0x02,0x00,0x5c,0xf0,0x9e,0x00,0x03,0x00,0x01,0x00,0x03,0x6f,0xcb,0xf8,0xf2,0xbc,
  0x57,0x00,0x02,0x00,0x01,0xc4,0xf0,0x37,0x00,0x03,0x02,0x00,0x4b,0xb6,0xf0,0xf9,0xce,0x7a,0x0c,0x00,0x05,0x00,0x6c,0xf0,
  0x8f,0x00,0x03,0x05,0x00,0x6f,0xf0,0x8c,0x00,0x05,0x00,0x28,0x9d,0xe4,0xfb,0xdf,0x95,0x1c,0x00,0x01,0x00,0x00,0x00,0x02,
  0x00,0xa7,0xf0,0x60,0x03,0x07,0x04,0x05,0x04,0x0a,0xd2,0xf2,0x3e,0x00,0x81,0xf0,0x7d,0x00,0x04,0x04,0x00,0x82,0xf0,0x7a,
  0x00,0x04,0x04,0x00,0x85,0xf0,0x78,0x00,0x06,0x00,0x40,0xb4,0xf0,0xf6,0xc1,0x32,0x81,0xf0,0x72,0x00,0x00,0x8d,0xf0,0x70,
  0x00,0x04,0x00,0x02,0x00,0x38,0xa9,0xea,0xfa,0xd9,0x88,0x10,0x00,0x05,0x00,0x95,0xf0,0x68,0x00,0x06,0x00,0x39,0xa9,0xea,
  0xfb,0xd6,0x87,0x17,0x00,0x01,0x00,0x00,0x00,0x00,0x00,0x0a,0x10,0x06,0x00,0x00,0x00,0x0d,0x07,0x00,0x01,0x00,0x0b,0x10,
  0x06,0x00,0x00,0x0c,0x10,0x04,0x00,0x00,0x02,0x00,0x00,0x0a,0x0c,0x00,0x00,0x00,0x01,0x00,0x06,0x10,0x0a,0x00,0x00,0x00,
  0x00,0x01,0x00,0x00,0x00,0x0c,0x0a,0x00,0x00,0x01,0x00,0x00,0x00,0x0d,0x10,0x04,0x00,0x00,0x00,0x02,0x00,0x00,0x09,0x0c,
  0x00,0x00,0x00,0x01,0x00,0x00,0x07,0x10,0x09,0x00,0x00,0x00,0x00,0x07,0x10,0x09,0x00,0x00,0x02,0x00,0x00,0x06,0x0d,0x04,
  0x00,0x00,0x02,0x00,0x00,0x00,0x00,0x00,0x00,0x10,0x10,0x01,0x00,0x00,0x00,0x00,0x00,0x00,0x09,0x0f,0x09,0x00,0x09,0x10,
  0x08,0x00,0x00,0x00,0x00,0x08,0x10,0x08,0x00,0x00,0x00,0x00,0x09,0x10,0x08,0x00,0x00,0x02,0x00,0x00,0x0b,0x0a,0x00,0x00,
  0x0b,0x10,0x07,0x00,0x00,0x09,0x10,0x07,0x00,0x00,0x00,0x00,0x02,0x00,0x00,0x08,0x0c,0x02,0x00,0x00,0x01,0x00,0x00,0x0a,
  0x10,0x07,0x00,0x00,0x02,0x00,0x00,0x08,0x0c,0x01,0x00,0x00,0x02,0x00,0x00,0x00,0x00,0x00,0x00,0x00,0x00,0x00,0x00,0x00,
  0x01,0x00,0x00,0x00,0x00,0x00,0x00,0x00,0x00,0x00,0x00,0x00,0x00,0x00,0x00,0x00,0x00,0x03,0x02,0x00,0x00,0x00,0x04,0x01,
  0x00,0x00,0x00,0x00,0x00,0x00,0x00,0x00,0x00,0x00,0x01,0x04,0x00,0x00,0x00,0x02,0x03,0x00,0x00,0x00,0x00,0x00,0x00,0x00,
  0x00,0x00,0x00,0x00,0x03,0x02,0x00,0x00,0x00,0x04,0x01,0x00,0x00,0x00,0x00,0x00,0x00,0x00,0x00,0x00,0x00,0x00,0x00,0x00,
  0x00,0x00,0x00,0x02,0x03,0x00,0x00,0x00,0x03,0x02,0x00,0x00,0x00,0x00,0x00,0x00,0x00,0x00,0x00,0x00,0x00,0x00,0x00,0x00,
  0x00,0x00,0x00,0x00,0x00,0x00,0x00,0x00,0x00,0x00,0x00,0x00,0x00,0x00,0x00,0x00,0x00,0x00,0x00,0x00,0x00,0x00,0x00,0x00,
  0x00,0x00,0x03,0x02,0x00,0x00,0x02,0x02,0x00,0x00,0x00,0x00,0x00,0x00,0x00,0x00,0x00,0x00,0x00,0x00,0x00,0x03,0x03,0x00,
  0x00,0x00,0x04,0x01,0x00,0x00,0x00,0x00,0x00,0x00,0x00,0x00,0x00,0x03,0x03,0x00,0x00,0x00,0x04,0x01,0x00,0x00,0x00,0x00,
};
const lv_img_dsc_t txt_ch_01 = {
  .header.cf = LV_IMG_CF_ALPHA_8BIT,
  .header.always_zero = 0,
  .header.reserved = 0,
  .header.w = 176,
  .header.h = 18,
  .data_size = 3168,
  .data = txt_ch_01_map,
};

static const uint8_t txt_ch_02_map[] = {
  0x00,0x00,0x00,0x00,0x00,0x00,0x00,0x00,0x00,0x00,0x00,0x00,0x00,0x00,0x00,0x00,0x00,0x00,0x00,0x03,0x04,0x01,0x00,0x00,
  0x00,0x00,0x00,0x00,0x00,0x00,0x00,0x00,0x00,0x00,0x00,0x00,0x00,0x00,0x00,0x00,0x00,0x00,0x00,0x00,0x00,0x00,0x00,0x00,
  0x00,0x00,0x00,0x00,0x00,0x00,0x03,0x03,0x01,0x00,0x00,0x00,0x00,0x00,0x00,0x00,0x00,0x00,0x00,0x00,0x00,0x00,0x00,0x00,
  0x00,0x00,0x00,0x00,0x00,0x00,0x00,0x00,0x00,0x00,0x00,0x00,0x00,0x00,0x00,0x00,0x00,0x00,0x00,0x00,0x00,0x00,0x00,0x00,
  0x00,0x00,0x00,0x00,0x00,0x00,0x00,0x00,0x00,0x00,0x00,0x00,0x00,0x00,0x00,0x00,0x00,0x00,0x00,0x00,0x00,0x00,0x00,0x00,
  0x00,0x00,0x00,0x00,0x00,0x00,0x00,0x00,0x00,0x00,0x00,0x00,0x00,0x00,0x00,0x02,0x04,0x02,0x00,0x00,0x00,0x00,0x00,0x00,
  0x00,0x00,0x00,0x00,0x00,0x00,0x00,0x00,0x00,0x00,0x00,0x02,0x04,0x02,0x00,0x00,0x00,0x00,0x00,0x00,0x00,0x00,0x03,0x04,
  0x01,0x00,0x00,0x00,0x00,0x00,0x00,0x00,0x00,0x00,0x00,0x00,0x00,0x00,0x00,0x00,0x00,0x00,0x00,0x00,0x00,0x00,0x00,0x00,
  0x00,0x00,0x00,0x00,0x00,0x00,0x00,0x00,0x00,0x00,0x00,0x00,0x00,0x00,0x00,0x00,0x00,0x00,0x00,0x00,0x00,0x00,0x00,0x00,
  0x00,0x00,0x00,0x00,0x00,0x00,0x00,0x00,0x00,0x00,0x00,0x00,0x00,0x00,0x00,0x00,0x00,0x00,0x00,0x00,0x00,0x00,0x00,0x00,
  0x00,0x00,0x00,0x00,0x00,0x00,0x00,0x00,0x01,0x04,0x03,0x00,0x00,0x00,0x00,0x00,0x00,0x00,0x03,0x04,0x01,0x00,0x00,0x00,
  0x00,0x00,0x00,0x00,0x00,0x00,0x00,0x00,0x00,0x00,0x00,0x00,0x00,0x00,0x00,0x00,0x00,0x00,0x00,0x00,0x00,0x00,0x00,0x00,
  0x00,0x00,0x00,0x00,0x00,0x00,0x00,0x00,0x00,0x00,0x00,0x00,0x00,0x00,0x00,0x00,0x00,0x00,0x00,0x00,0x00,0x00,0x01,0x00,
  0x00,0x00,0x00,0x00,0x00,0x00,0x00,0x00,0x00,0x01,0x00,0x63,0x9b,0x1a,0x00,0x01,0x00,0x00,0x00,0x00,0x00,0x00,0x00,0x00,
  0x00,0x00,0x00,0x00,0x00,0x00,0x00,0x00,0x00,0x00,0x00,0x00,0x00,0x00,0x00,0x00,0x00,0x00,0x00,0x01,0x01,0x00,0x5d,0xaf,
  0x7c,0x00,0x02,0x00,0x00,0x00,0x00,0x00,0x00,0x00,0x00,0x00,0x00,0x00,0x00,0x00,0x00,0x00,0x00,0x00,0x00,0x00,0x00,0x00,
  0x00,0x00,0x00,0x00,0x00,0x00,0x00,0x00,0x00,0x00,0x00,0x00,0x00,0x00,0x00,0x00,0x00,0x00,0x00,0x01,0x00,0x00,0x00,0x00,
  0x00,0x00,0x00,0x00,0x00,0x00,0x00,0x00,0x00,0x00,0x00,0x00,0x00,0x00,0x00,0x00,0x00,0x00,0x00,0x00,0x00,0x00,0x00,0x00,
  0x00,0x00,0x00,0x00,0x00,0x01,0x00,0x31,0x55,0x28,0x00,0x01,0x00,0x00,0x00,0x00,0x00,0x00,0x00,0x00,0x00,0x00,0x00,0x00,
  0x00,0x01,0x00,0x39,0x55,0x33,0x00,0x01,0x00,0x00,0x00,0x00,0x00,0x01,0x4b,0x55,0x1f,0x00,0x1a,0xff,0xff,0x8f,0x00,0x04,
  0x00,0x00,0x00,0x01,0x01,0x00,0x00,0x00,0x00,0x00,0x01,0x01,0x01,0x00,0x01,0x01,0x00,0x00,0x00,0x00,0x01,0x01,0x01,0x00,
  0x00,0x00,0x00,0x03,0x00,0x7f,0xff,0xff,0xa4,0x00,0x03,0x00,0x00,0x00,0x01,0x01,0x00,0x00,0x00,0x00,0x00,0x00,0x01,0x01,
  0x00,0x00,0x01,0x01,0x01,0x00,0x00,0x00,0x00,0x00,0x00,0x00,0x00,0x01,0x01,0x01,0x00,0x00,0x00,0x00,0x00,0x00,0x01,0x00,
  0x1f,0x56,0x43,0x00,0x00,0x00,0x00,0x00,0x00,0x00,0x47,0x57,0x17,0x00,0x01,0x00,0x00,0x01,0x01,0x01,0x00,0x00,0x00,0x00,
  0x00,0x01,0x01,0x00,0x00,0x01,0x00,0x00,0x00,0x00,0x00,0x01,0x01,0x05,0x00,0x9e,0xff,0x7f,0x00,0x04,0x00,0x00,0x00,0x01,
  0x01,0x01,0x00,0x00,0x00,0x00,0x00,0x00,0x00,0x03,0x00,0xb7,0xff,0xe3,0x0b,0x01,0x01,0x00,0x00,0x03,0x01,0x3f,0xff,0xff,
  0x60,0x00,0x09,0xa6,0xdc,0x43,0x00,0x03,0x00,0x03,0x01,0x00,0x00,0x00,0x03,0x01,0x00,0x00,0x00,0x00,0x00,0x03,0x00,0x00,
  0x00,0x00,0x01,0x04,0x00,0x00,0x00,0x02,0x03,0x00,0x01,0x00,0x01,0xe0,0xfd,0x61,0x06,0x02,0x00,0x00,0x03,0x01,0x00,0x00,
  0x00,0x03,0x01,0x00,0x00,0x00,0x00,0x00,0x00,0x04,0x00,0x00,0x00,0x03,0x01,0x00,0x00,0x00,0x00,0x03,0x02,0x00,0x00,0x00,
  0x04,0x01,0x00,0x00,0x00,0x00,0x02,0x00,0x2b,0xff,0xfe,0x1d,0x00,0x02,0x00,0x02,0x00,0x27,0xff,0xfd,0x1b,0x00,0x02,0x02,
  0x03,0x00,0x00,0x00,0x03,0x02,0x00,0x00,0x00,0x00,0x00,0x01,0x03,0x00,0x00,0x00,0x00,0x03,0x02,0x00,0x00,0x06,0x02,0x92,
  0xfb,0x75,0x00,0x04,0x00,0x03,0x02,0x00,0x00,0x00,0x04,0x01,0x00,0x00,0x00,0x00,0x00,0x03,0x00,0xab,0xfb,0xff,0x5f,0x00,
  0x04,0x00,0x00,0x02,0x00,0xad,0xfd,0xfb,0x59,0x00,0x01,0x0a,0x1a,0x00,0x00,0x00,0x02,0x00,0x00,0x0b,0x0b,0x00,0x00,0x00,
  0x01,0x00,0x07,0x10,0x09,0x00,0x05,0x08,0x00,0x01,0x00,0x00,0x00,0x0c,0x0a,0x00,0x00,0x02,0x01,0x03,0x1d,0xeb,0xff,0x21,
  0x07,0x02,0x00,0x01,0x00,0x00,0x0a,0x0c,0x00,0x00,0x00,0x01,0x00,0x00,0x0a,0x10,0x03,0x00,0x02,0x0e,0x01,0x00,0x00,0x00,
  0x00,0x00,0x02,0x00,0x00,0x09,0x0c,0x00,0x00,0x00,0x01,0x00,0x00,0x00,0x00,0x02,0x00,0xae,0xfd,0x6a,0x00,0x04,0x00,0x04,
  0x00,0x79,0xfd,0x98,0x00,0x03,0x02,0x00,0x00,0x06,0x0d,0x03,0x00,0x00,0x02,0x00,0x00,0x0d,0x10,0x00,0x00,0x0a,0x02,0x00,
  0x02,0x00,0x00,0x0b,0x0b,0x00,0x00,0x95,0xff,0x77,0x00,0x04,0x02,0x00,0x00,0x08,0x0d,0x01,0x00,0x00,0x01,0x00,0x00,0x00,
  0x00,0x03,0x00,0xae,0xff,0xff,0xcc,0x02,0x01,0x00,0x02,0x00,0x27,0xf8,0xfe,0xff,0x5b,0x00,0x03,0xc0,0xec,0x3a,0x00,0x05,
  0x00,0x57,0xbf,0xf3,0xf6,0xc9,0x70,0x03,0x03,0x00,0x70,0xef,0x83,0x59,0xdd,0x77,0x00,0x01,0x09,0x77,0xcd,0xf8,0xef,0xb8,
  0x51,0x00,0x01,0x3c,0xfc,0xfd,0xfc,0xfe,0xc3,0x00,0x03,0x00,0x59,0xbe,0xf2,0xf6,0xc9,0x70,0x05,0x00,0x05,0x00,0x97,0xef,
  0x70,0x7c,0xe4,0xf7,0xcf,0x75,0x03,0x01,0x01,0x02,0x00,0x4a,0xb5,0xee,0xf9,0xd1,0x7a,0x0a,0x00,0x01,0x00,0x00,0x00,0x04,
  0x00,0x54,0xff,0xc3,0x00,0x01,0x01,0x01,0x03,0xd2,0xff,0x3f,0x00,0x05,0x00,0x2f,0xa1,0xe5,0xfa,0xdd,0x91,0x1b,0x00,0x01,
  0x00,0xca,0xef,0x46,0x96,0xe9,0x22,0x01,0x00,0x41,0xb2,0xed,0xf6,0xc0,0x37,0x8c,0xff,0x77,0x00,0x06,0x00,0x3f,0xad,0xeb,
  0xf9,0xd6,0x83,0x0f,0x00,0x01,0x00,0x00,0x00,0x03,0x00,0xae,0xff,0xf0,0xff,0x43,0x00,0x03,0x04,0x00,0x92,0xff,0xf0,0xff,
  0x5b,0x00,0x03,0xd0,0xff,0x3d,0x00,0x00,0x80,0xff,0xff,0xd2,0xcc,0xff,0xff,0xa4,0x03,0x00,0x7e,0xff,0xe7,0xff,0xfc,0x78,
  0x00,0x10,0xc2,0xff,0xff,0xc8,0xd7,0xff,0xff,0x85,0x00,0x2f,0xc8,0xf9,0xfd,0xcb,0x95,0x00,0x00,0x8f,0xff,0xff,0xd2,0xcc,
  0xff,0xff,0xb7,0x09,0x05,0x00,0xa7,0xff,0xf7,0xff,0xcf,0xd3,0xff,0xff,0x94,0x00,0x04,0x00,0x6e,0xff,0xff,0xd8,0xc8,0xf9,
  0xff,0xbf,0x0b,0x01,0x01,0x00,0x00,0x01,0x00,0x0d,0xe6,0xfc,0x2b,0x00,0x05,0x00,0x38,0xff,0xd5,0x05,0x03,0x00,0x42,0xf4,
  0xff,0xe3,0xc4,0xeb,0xff,0xe0,0x23,0x01,0x01,0xdc,0xff,0xee,0xff,0xf4,0x24,0x00,0x58,0xfd,0xff,0xe7,0xc4,0xf4,0xff,0xda,
  0xff,0x7a,0x00,0x00,0x5e,0xff,0xff,0xdc,0xc6,0xf4,0xff,0xcd,0x13,0x01,0x02,0x00,0x00,0x03,0x00,0xad,0xff,0x95,0xfa,0xb8,
  0x00,0x04,0x01,0x12,0xf3,0xca,0xb7,0xff,0x58,0x00,0x03,0xcb,0xfe,0x3f,0x00,0x3b,0xff,0xf1,0x49,0x00,0x00,0x3a,0xea,0xff,
  0x5e,0x00,0x7e,0xfe,0xfd,0x70,0x18,0x0b,0x00,0x8e,0xff,0xc5,0x24,0x00,0x01,0x50,0xf2,0xff,0x43,0x00,0x0d,0xea,0xff,0x17,
  0x00,0x00,0x50,0xff,0xe9,0x42,0x00,0x00,0x2f,0xd2,0xff,0x7f,0x00,0x00,0xa2,0xfe,0xec,0x39,0x00,0x00,0x62,0xfa,0xfd,0x2b,
  0x00,0x2b,0xfb,0xf1,0x4d,0x00,0x00,0x16,0xaa,0xff,0x7d,0x00,0x03,0x00,0x00,0x00,0x03,0x00,0x8e,0xff,0x7e,0x00,0x07,0x00,
  0x8f,0xff,0x78,0x00,0x03,0x0c,0xde,0xff,0x72,0x03,0x00,0x09,0x81,0xff,0xb3,0x00,0x01,0xd4,0xfe,0xdb,0x3b,0x11,0x02,0x16,
  0xec,0xff,0x8b,0x0e,0x00,0x11,0xa2,0xff,0xff,0x7d,0x00,0x1f,0xf2,0xf8,0x5a,0x00,0x00,0x11,0x9b,0xff,0x91,0x00,0x03,0x00,
  0x00,0x03,0x00,0xaa,0xff,0x57,0xab,0xfe,0x28,0x01,0x00,0x6f,0xff,0x56,0xa4,0xff,0x57,0x00,0x03,0xcc,0xff,0x40,0x00,0x95,
  0xff,0x8c,0x00,0x03,0x01,0x00,0x2b,0x4a,0x2d,0x00,0x7a,0xff,0xb8,0x00,0x00,0x00,0x0f,0xea,0xfa,0x31,0x00,0x04,0x03,0x00,
  0x80,0xfe,0xa7,0x00,0x15,0xeb,0xff,0x20,0x01,0x00,0xb3,0xfe,0x6e,0x00,0x03,0x04,0x00,0x42,0xfd,0xe0,0x0b,0x00,0xa1,0xff,
  0x8d,0x00,0x04,0x00,0x00,0xc5,0xff,0x5e,0x00,0x82,0xff,0x9a,0x01,0x0f,0x10,0x07,0x2e,0xfa,0xd6,0x03,0x00,0x01,0x00,0x00,
  0x03,0x00,0x34,0xff,0xd7,0x05,0x01,0x0b,0xe4,0xfa,0x23,0x00,0x00,0x4b,0xff,0xca,0x06,0x0b,0x10,0x09,0x0d,0xe1,0xf9,0x1d,
  0x00,0xd5,0xff,0x5c,0x00,0x03,0x00,0x5f,0xff,0xc9,0x00,0x00,0x03,0x00,0x04,0xd7,0xff,0x7d,0x00,0x6e,0xff,0xad,0x02,0x0e,
  0x10,0x08,0x20,0xf4,0xe6,0x0a,0x00,0x01,0x00,0x03,0x00,0xaa,0xff,0x54,0x36,0xff,0x97,0x00,0x09,0xe0,0xed,0x05,0xb2,0xff,
  0x57,0x00,0x03,0xcc,0xff,0x3f,0x00,0xbd,0xff,0x54,0x03,0x04,0x00,0x02,0x00,0x00,0x00,0x00,0x78,0xff,0x93,0x03,0x07,0x00,
  0x2c,0xff,0xe0,0x08,0x02,0x01,0x04,0x03,0x3c,0xff,0xce,0x00,0x11,0xeb,0xff,0x1f,0x00,0x04,0xdc,0xff,0x32,0x03,0x03,0x01,
  0x02,0x0d,0xee,0xfe,0x25,0x00,0xa2,0xff,0x6b,0x02,0x04,0x04,0x02,0xa7,0xff,0x68,0x00,0xae,0xfe,0xf7,0xff,0xfd,0xfd,0xfe,
  0xfd,0xff,0xfb,0x14,0x00,0x01,0x00,0x00,0x00,0x01,0x02,0xca,0xff,0x3f,0x01,0x4d,0xff,0xb6,0x00,0x06,0x00,0x75,0xfe,0xf8,
  0xfe,0xfd,0xfc,0xfd,0xfd,0xff,0xff,0x3e,0x00,0xd9,0xff,0x3b,0x03,0x08,0x00,0x86,0xfe,0x86,0x01,0x05,0x00,0x05,0x00,0x9a,
  0xff,0x7c,0x00,0x9a,0xfe,0xf7,0xff,0xfd,0xfc,0xfe,0xfc,0xff,0xff,0x23,0x00,0x02,0x00,0x03,0x00,0xaa,0xff,0x62,0x00,0xd9,
  0xf6,0x08,0x4b,0xff,0x87,0x00,0xba,0xff,0x57,0x00,0x03,0xcc,0xff,0x3f,0x00,0xbd,0xff,0x54,0x02,0x04,0x00,0x02,0x00,0x00,
  0x00,0x00,0x78,0xff,0x92,0x00,0x06,0x00,0x2c,0xff,0xe0,0x0a,0x02,0x01,0x04,0x03,0x3d,0xff,0xce,0x00,0x11,0xeb,0xff,0x1f,
  0x00,0x04,0xdc,0xff,0x34,0x03,0x03,0x01,0x02,0x0e,0xee,0xfe,0x25,0x00,0xa2,0xff,0x6c,0x00,0x04,0x04,0x00,0xa8,0xff,0x68,
  0x00,0xad,0xfe,0xd8,0xc2,0xc5,0xc3,0xc5,0xc1,0xb8,0xaa,0x0d,0x00,0x01,0x00,0x00,0x00,0x04,0x00,0x6a,0xff,0x95,0x00,0xa8,
  0xff,0x56,0x01,0x08,0x00,0x74,0xfe,0xe5,0xc2,0xc5,0xc3,0xc4,0xc4,0xb8,0xb8,0x2a,0x00,0xd8,0xff,0x39,0x00,0x07,0x00,0x85,
  0xfe,0x89,0x01,0x05,0x00,0x05,0x00,0x9b,0xff,0x7c,0x00,0x99,0xfe,0xdd,0xc2,0xc5,0xc3,0xc4,0xc2,0xb8,0xb2,0x17,0x00,0x01,
  0x00,0x03,0x00,0xaa,0xff,0x66,0x01,0x68,0xff,0x74,0xb6,0xfa,0x20,0x00,0xb8,0xff,0x57,0x00,0x03,0xcc,0xff,0x40,0x00,0x94,
  0xff,0x8d,0x00,0x03,0x01,0x00,0x2b,0x4c,0x2e,0x00,0x79,0xff,0x92,0x00,0x05,0x00,0x10,0xeb,0xfa,0x30,0x00,0x04,0x02,0x00,
  0x84,0xfe,0xa5,0x00,0x14,0xeb,0xff,0x1f,0x00,0x00,0xb4,0xfd,0x6c,0x00,0x03,0x03,0x00,0x46,0xfd,0xde,0x0a,0x00,0xa1,0xff,
  0x6c,0x00,0x04,0x04,0x00,0xa8,0xff,0x68,0x00,0x7f,0xff,0x95,0x00,0x00,0x00,0x00,0x00,0x17,0x13,0x00,0x00,0x00,0x00,0x00,
  0x00,0x02,0x00,0x1a,0xf7,0xe2,0x1f,0xf1,0xeb,0x0e,0x00,0x04,0x00,0x48,0xff,0xc7,0x00,0x00,0x00,0x00,0x00,0x16,0x17,0x00,
  0x00,0xd6,0xff,0x39,0x00,0x06,0x00,0x5a,0xff,0xce,0x00,0x00,0x03,0x00,0x04,0xd7,0xff,0x7d,0x00,0x6c,0xff,0xa8,0x00,0x00,
  0x00,0x00,0x00,0x16,0x14,0x00,0x00,0x00,0x00,0x03,0x00,0xa9,0xfe,0x63,0x00,0x11,0xe7,0xf6,0xff,0xa6,0x00,0x00,0xb5,0xfe,
  0x57,0x00,0x03,0xcb,0xfe,0x3f,0x00,0x39,0xff,0xf2,0x49,0x00,0x00,0x35,0xe9,0xff,0x58,0x00,0x7b,0xfe,0x91,0x00,0x04,0x03,
  0x00,0x90,0xff,0xc2,0x21,0x00,0x01,0x56,0xf4,0xff,0x3e,0x00,0x14,0xea,0xfe,0x1e,0x00,0x00,0x52,0xff,0xe6,0x3f,0x00,0x00,
  0x33,0xd7,0xff,0x78,0x00,0x00,0x9f,0xfe,0x6c,0x00,0x04,0x04,0x00,0xa7,0xfe,0x66,0x00,0x29,0xf8,0xf8,0x5b,0x03,0x00,0x1d,
  0xbc,0xff,0x7a,0x00,0x03,0x00,0x00,0x00,0x00,0x00,0x03,0x00,0xac,0xff,0xaf,0xff,0x97,0x00,0x03,0x01,0x01,0x0a,0xd9,0xff,
  0x82,0x0c,0x00,0x10,0x97,0xfd,0xad,0x01,0x00,0xd5,0xfe,0x39,0x00,0x04,0x01,0x12,0xe7,0xff,0x91,0x0f,0x00,0x11,0xa3,0xff,
  0xfe,0x7d,0x00,0x1c,0xef,0xfe,0x69,0x05,0x00,0x18,0xaf,0xff,0x8d,0x00,0x03,0x00,0x00,0x03,0x00,0xad,0xff,0x64,0x00,0x00,
  0x84,0xff,0xff,0x36,0x01,0x00,0xb9,0xff,0x58,0x00,0x03,0xcf,0xff,0x3d,0x00,0x00,0x7e,0xff,0xff,0xd2,0xcb,0xff,0xff,0x97,
  0x00,0x00,0x7a,0xff,0x94,0x00,0x03,0x01,0x02,0x10,0xc6,0xff,0xfc,0xc7,0xd9,0xff,0xff,0x78,0x00,0x00,0x11,0xef,0xff,0x1f,
  0x00,0x03,0x00,0x93,0xff,0xff,0xd0,0xcd,0xff,0xff,0xac,0x06,0x05,0x00,0xa3,0xff,0x6e,0x00,0x04,0x04,0x00,0xab,0xff,0x66,
  0x00,0x00,0x65,0xff,0xff,0xda,0xc7,0xf9,0xff,0xc2,0x0d,0x01,0x01,0x00,0x00,0x00,0x00,0x00,0x03,0x00,0x4c,0xff,0xff,0xff,
  0x3a,0x01,0x03,0x00,0x03,0x00,0x3b,0xf0,0xff,0xe6,0xc4,0xeb,0xff,0xe2,0x26,0x01,0x00,0xda,0xff,0x3a,0x00,0x03,0x02,0x00,
  0x4f,0xfa,0xff,0xe8,0xc4,0xf4,0xfe,0xd6,0xff,0x7c,0x00,0x00,0x55,0xfb,0xff,0xde,0xc5,0xf3,0xff,0xd0,0x15,0x01,0x02,0x00,
  0x00,0x03,0x00,0xa0,0xf0,0x5c,0x00,0x01,0x1d,0xeb,0xb6,0x00,0x04,0x00,0xab,0xf0,0x52,0x00,0x03,0xc0,0xf0,0x38,0x00,0x04,
  0x00,0x55,0xbf,0xf4,0xf7,0xc9,0x69,0x00,0x04,0x00,0x71,0xf0,0x8a,0x00,0x03,0x00,0x01,0x00,0x0b,0x7c,0xd1,0xfa,0xed,0xb2,
  0x48,0x00,0x03,0x00,0x10,0xdd,0xf0,0x1c,0x00,0x02,0x01,0x00,0x5d,0xc2,0xf5,0xf6,0xc5,0x67,0x01,0x00,0x05,0x00,0x97,0xf0,
  0x66,0x00,0x04,0x04,0x00,0x9e,0xf0,0x5e,0x00,0x05,0x00,0x43,0xb1,0xee,0xfa,0xd3,0x7d,0x09,0x00,0x01,0x00,0x00,0x00,0x00,
  0x00,0x00,0x01,0x01,0x09,0xce,0xef,0xc1,0x03,0x01,0x00,0x00,0x00,0x02,0x00,0x28,0x9d,0xe4,0xfb,0xdf,0x94,0x1a,0x00,0x01,
  0x00,0xca,0xf0,0x36,0x00,0x03,0x00,0x02,0x00,0x3d,0xb2,0xee,0xf7,0xc3,0x35,0x81,0xf0,0x70,0x00,0x06,0x00,0x39,0xaa,0xea,
  0xfa,0xd8,0x86,0x0f,0x00,0x01,0x00,0x00,0x00,0x00,0x00,0x0a,0x10,0x06,0x00,0x00,0x00,0x0e,0x06,0x00,0x01,0x00,0x0b,0x10,
  0x05,0x00,0x00,0x0c,0x10,0x04,0x00,0x00,0x02,0x00,0x00,0x0a,0x0b,0x00,0x00,0x00,0x01,0x00,0x07,0x10,0x09,0x00,0x00,0x00,
  0x00,0x01,0x00,0x00,0x00,0x0c,0x08,0x00,0x00,0x02,0x00,0x00,0x01,0x0e,0x10,0x02,0x00,0x00,0x00,0x01,0x00,0x00,0x0b,0x0b,
  0x00,0x00,0x00,0x01,0x00,0x00,0x0a,0x10,0x07,0x00,0x00,0x00,0x00,0x0a,0x10,0x06,0x00,0x00,0x02,0x00,0x00,0x09,0x0c,0x00,
  0x00,0x00,0x01,0x00,0x00,0x00,0x00,0x00,0x00,0x00,0x00,0x00,0x00,0x08,0x0f,0x07,0x00,0x00,0x00,0x00,0x00,0x00,0x02,0x00,
  0x00,0x06,0x0d,0x04,0x00,0x00,0x02,0x00,0x00,0x0d,0x10,0x03,0x00,0x00,0x00,0x00,0x02,0x00,0x00,0x0b,0x0b,0x00,0x00,0x0b,
  0x10,0x07,0x00,0x00,0x02,0x00,0x00,0x08,0x0c,0x01,0x00,0x00,0x01,0x00,0x00,0x00,0x00,0x00,0x00,0x00,0x00,0x00,0x00,0x00,
  0x01,0x00,0x00,0x00,0x00,0x00,0x00,0x00,0x00,0x00,0x00,0x00,0x00,0x00,0x00,0x00,0x00,0x03,0x01,0x00,0x00,0x00,0x04,0x00,
  0x00,0x00,0x00,0x00,0x00,0x00,0x00,0x00,0x00,0x00,0x01,0x04,0x00,0x00,0x00,0x02,0x03,0x00,0x00,0x00,0x00,0x00,0x00,0x00,
  0x00,0x00,0x00,0x00,0x03,0x01,0x00,0x00,0x01,0x04,0x01,0x00,0x00,0x00,0x00,0x00,0x00,0x00,0x00,0x00,0x00,0x00,0x00,0x00,
  0x00,0x00,0x00,0x03,0x02,0x00,0x00,0x00,0x04,0x01,0x00,0x00,0x00,0x00,0x00,0x00,0x00,0x00,0x00,0x00,0x00,0x00,0x00,0x00,
  0x00,0x00,0x00,0x00,0x00,0x00,0x00,0x02,0x03,0x00,0x00,0x00,0x03,0x02,0x00,0x00,0x00,0x00,0x00,0x00,0x00,0x00,0x00,0x00,
  0x00,0x03,0x02,0x00,0x00,0x01,0x02,0x00,0x00,0x00,0x00,0x00,0x00,0x03,0x03,0x00,0x00,0x00,0x04,0x01,0x00,0x00,0x00,0x00,
};
const lv_img_dsc_t txt_ch_02 = {
  .header.cf = LV_IMG_CF_ALPHA_8BIT,
  .header.always_zero = 0,
  .header.reserved = 0,
  .header.w = 152,
  .header.h = 18,
  .data_size = 2736,
  .data = txt_ch_02_map,
};

static const uint8_t txt_ch_03_map[] = {
  0x00,0x00,0x00,0x00,0x00,0x00,0x00,0x00,0x00,0x00,0x00,0x00,0x00,0x00,0x00,0x00,0x00,0x00,0x00,0x03,0x04,0x01,0x00,0x00,
  0x00,0x00,0x00,0x00,0x00,0x00,0x00,0x00,0x00,0x00,0x00,0x00,0x00,0x00,0x00,0x00,0x00,0x00,0x00,0x00,0x00,0x00,0x00,0x00,
  0x00,0x00,0x00,0x00,0x00,0x00,0x03,0x04,0x01,0x00,0x00,0x00,0x00,0x00,0x00,0x00,0x00,0x00,0x00,0x00,0x00,0x00,0x00,0x00,
  0x00,0x00,0x00,0x00,0x00,0x00,0x00,0x00,0x00,0x00,0x00,0x00,0x00,0x00,0x00,0x00,0x00,0x00,0x00,0x00,0x00,0x00,0x00,0x00,
  0x00,0x00,0x00,0x00,0x00,0x00,0x00,0x00,0x00,0x00,0x00,0x00,0x00,0x00,0x00,0x00,0x00,0x00,0x00,0x00,0x00,0x00,0x00,0x00,
  0x00,0x00,0x00,0x00,0x00,0x00,0x00,0x00,0x00,0x00,0x03,0x04,0x02,0x00,0x00,0x00,0x00,0x00,0x00,0x02,0x04,0x02,0x00,0x00,
  0x00,0x00,0x00,0x00,0x00,0x00,0x03,0x04,0x01,0x00,0x00,0x00,0x00,0x00,0x00,0x00,0x00,0x00,0x00,0x00,0x00,0x00,0x00,0x00,
  0x00,0x00,0x00,0x00,0x00,0x00,0x00,0x00,0x00,0x00,0x00,0x00,0x00,0x00,0x00,0x00,0x00,0x00,0x00,0x00,0x00,0x01,0x00,0x00,
  0x00,0x00,0x00,0x00,0x00,0x00,0x00,0x00,0x00,0x00,0x00,0x00,0x00,0x00,0x00,0x00,0x00,0x00,0x00,0x00,0x00,0x00,0x00,0x00,
  0x00,0x00,0x00,0x00,0x00,0x00,0x00,0x00,0x00,0x00,0x00,0x00,0x00,0x00,0x00,0x00,0x00,0x00,0x00,0x00,0x00,0x02,0x04,0x03,
  0x00,0x00,0x00,0x00,0x00,0x00,0x00,0x00,0x00,0x00,0x00,0x00,0x00,0x00,0x00,0x00,0x00,0x00,0x00,0x00,0x00,0x00,0x00,0x00,
  0x00,0x00,0x00,0x00,0x00,0x00,0x00,0x00,0x00,0x00,0x00,0x00,0x00,0x00,0x01,0x00,0x00,0x00,0x00,0x00,0x00,0x00,0x00,0x00,
  0x00,0x02,0x00,0x5d,0x9d,0x1e,0x00,0x01,0x00,0x00,0x00,0x00,0x00,0x00,0x00,0x00,0x00,0x00,0x00,0x00,0x00,0x00,0x00,0x00,
  0x00,0x00,0x00,0x00,0x00,0x00,0x00,0x00,0x00,0x00,0x00,0x00,0x01,0x00,0x51,0xaa,0x8f,0x00,0x01,0x00,0x00,0x00,0x00,0x00,
  0x00,0x00,0x00,0x00,0x00,0x00,0x00,0x00,0x00,0x00,0x00,0x00,0x00,0x00,0x00,0x00,0x00,0x00,0x00,0x00,0x00,0x00,0x00,0x00,
  0x00,0x00,0x00,0x00,0x00,0x00,0x00,0x00,0x00,0x00,0x00,0x00,0x00,0x00,0x00,0x00,0x00,0x00,0x00,0x00,0x00,0x00,0x00,0x00,
  0x00,0x00,0x00,0x00,0x00,0x00,0x00,0x00,0x00,0x00,0x00,0x00,0x00,0x00,0x00,0x00,0x01,0x00,0x36,0x55,0x23,0x00,0x01,0x00,
  0x00,0x01,0x00,0x38,0x55,0x34,0x00,0x01,0x00,0x00,0x00,0x00,0x00,0x00,0x49,0x55,0x21,0x00,0x13,0xfe,0xff,0x9a,0x00,0x04,
  0x00,0x00,0x00,0x01,0x01,0x01,0x00,0x00,0x00,0x00,0x00,0x01,0x01,0x00,0x01,0x01,0x00,0x00,0x00,0x00,0x00,0x01,0x01,0x00,
  0x00,0x00,0x00,0x03,0x01,0x67,0xff,0xff,0xbe,0x00,0x01,0x00,0x00,0x00,0x01,0x01,0x01,0x00,0x00,0x00,0x00,0x00,0x01,0x01,
  0x01,0x00,0x01,0x01,0x01,0x00,0x00,0x00,0x00,0x00,0x00,0x00,0x00,0x01,0x01,0x01,0x00,0x00,0x00,0x00,0x00,0x00,0x00,0x00,
  0x00,0x00,0x00,0x01,0x00,0x2c,0x55,0x4a,0x02,0x00,0x00,0x00,0x00,0x00,0x01,0x01,0x01,0x01,0x01,0x01,0x01,0x00,0x00,0x01,
  0x01,0x00,0x00,0x00,0x00,0x00,0x01,0x01,0x04,0x00,0xae,0xff,0x71,0x00,0x04,0x00,0x00,0x04,0x00,0xb5,0xff,0xe5,0x0c,0x01,
  0x01,0x00,0x00,0x03,0x01,0x39,0xff,0xff,0x68,0x00,0x07,0x9f,0xde,0x4b,0x00,0x03,0x00,0x03,0x02,0x00,0x00,0x00,0x04,0x01,
  0x00,0x00,0x00,0x00,0x00,0x03,0x00,0x00,0x00,0x00,0x01,0x03,0x00,0x00,0x00,0x01,0x03,0x00,0x00,0x01,0x00,0xc9,0xfd,0x76,
  0x09,0x02,0x00,0x00,0x03,0x02,0x00,0x00,0x00,0x04,0x01,0x00,0x00,0x00,0x00,0x00,0x00,0x03,0x00,0x00,0x00,0x03,0x01,0x00,
  0x00,0x00,0x00,0x02,0x03,0x00,0x00,0x00,0x03,0x01,0x00,0x00,0x00,0x00,0x00,0x00,0x00,0x00,0x00,0x02,0x00,0xcb,0xff,0xff,
  0x34,0x00,0x02,0x00,0x00,0x00,0x00,0x00,0x00,0x00,0x00,0x00,0x00,0x00,0x00,0x00,0x00,0x00,0x00,0x00,0x00,0x00,0x00,0x00,
  0x04,0x00,0xa1,0xfb,0x68,0x00,0x04,0x00,0x00,0x04,0x00,0xaa,0xfb,0xff,0x62,0x00,0x04,0x00,0x00,0x03,0x00,0xa7,0xfd,0xfb,
  0x61,0x00,0x02,0x09,0x1b,0x00,0x00,0x00,0x02,0x00,0x00,0x0a,0x0c,0x00,0x00,0x00,0x01,0x00,0x06,0x10,0x0b,0x00,0x03,0x09,
  0x00,0x01,0x00,0x00,0x00,0x0c,0x0a,0x00,0x00,0x01,0x01,0x02,0x10,0xd7,0xff,0x36,0x07,0x03,0x00,0x02,0x00,0x00,0x09,0x0c,
  0x00,0x00,0x00,0x01,0x00,0x00,0x08,0x10,0x07,0x00,0x00,0x0d,0x04,0x00,0x00,0x01,0x00,0x00,0x02,0x00,0x00,0x07,0x0d,0x03,
  0x00,0x00,0x01,0x00,0x00,0x00,0x00,0x00,0x00,0x00,0x02,0x00,0x2d,0xfb,0xfd,0xfe,0x8a,0x00,0x04,0x00,0x00,0x03,0x0d,0x0d,
  0x0d,0x0d,0x0f,0x10,0x0b,0x00,0x05,0x10,0x0c,0x00,0x00,0x00,0x00,0x05,0x10,0x0c,0x04,0x00,0xa3,0xff,0x6a,0x00,0x04,0x00,
  0x00,0x04,0x00,0xac,0xff,0xff,0xce,0x03,0x01,0x01,0x02,0x01,0x22,0xf6,0xfe,0xff,0x62,0x00,0x01,0xb8,0xec,0x43,0x00,0x05,
  0x00,0x51,0xbb,0xf1,0xf6,0xcd,0x77,0x07,0x02,0x00,0x60,0xef,0x91,0x4f,0xd8,0x8a,0x00,0x02,0x03,0x6d,0xc8,0xf6,0xf2,0xbf,
  0x5d,0x00,0x00,0x27,0xfc,0xfe,0xfd,0xfe,0xda,0x03,0x01,0x00,0x4b,0xb4,0xed,0xf8,0xd0,0x7e,0x0e,0x00,0x06,0x00,0x76,0xef,
  0x88,0x6a,0xdc,0xf8,0xd7,0x88,0x0c,0x00,0x01,0x02,0x00,0x35,0xa6,0xe7,0xfa,0xdb,0x8d,0x18,0x00,0x01,0x00,0x00,0x00,0x00,
  0x00,0x00,0x04,0x00,0x81,0xff,0xb3,0xf3,0xe2,0x08,0x00,0x04,0x00,0x44,0xfc,0xf9,0xfc,0xfe,0xef,0xef,0xae,0x00,0x46,0xef,
  0xb6,0x00,0x01,0x04,0x00,0x47,0xef,0xb2,0x00,0x00,0xa3,0xff,0x6a,0x00,0x04,0x00,0x00,0x04,0x00,0xac,0xff,0xf0,0xff,0x46,
  0x00,0x03,0x04,0x00,0x8c,0xff,0xef,0xff,0x62,0x00,0x00,0xc8,0xff,0x47,0x00,0x00,0x76,0xff,0xff,0xd4,0xca,0xff,0xff,0xb0,
  0x06,0x00,0x6c,0xff,0xe8,0xff,0xfe,0x8b,0x00,0x09,0xb3,0xff,0xff,0xcb,0xd3,0xff,0xff,0x98,0x00,0x1e,0xc4,0xf5,0xfe,0xd0,
  0xa5,0x05,0x00,0x78,0xff,0xff,0xd8,0xc7,0xfd,0xff,0xcc,0x15,0x04,0x00,0x83,0xff,0xf4,0xff,0xd6,0xce,0xff,0xff,0xb7,0x04,
  0x03,0x00,0x4c,0xf9,0xff,0xe0,0xc5,0xee,0xff,0xdb,0x1f,0x01,0x02,0x00,0x00,0x00,0x00,0x01,0x00,0x05,0xd8,0xff,0x27,0xb7,
  0xff,0x44,0x00,0x06,0x00,0x35,0xc4,0xc0,0xc4,0xbc,0xf0,0xff,0xb9,0x00,0x4d,0xff,0xc5,0x00,0x01,0x04,0x00,0x4d,0xff,0xc1,
  0x00,0x00,0xa3,0xff,0x6a,0x00,0x04,0x00,0x00,0x04,0x00,0xab,0xff,0x96,0xf9,0xbb,0x00,0x03,0x01,0x10,0xf0,0xcf,0xb3,0xff,
  0x5f,0x00,0x00,0xc3,0xfe,0x48,0x00,0x32,0xfe,0xf5,0x51,0x00,0x00,0x32,0xe3,0xff,0x6c,0x00,0x6e,0xfe,0xff,0x7e,0x1b,0x0d,
  0x00,0x7b,0xff,0xd2,0x2d,0x00,0x00,0x43,0xe8,0xff,0x58,0x00,0x00,0xd5,0xff,0x2d,0x00,0x00,0x38,0xff,0xf4,0x54,0x01,0x00,
  0x21,0xbf,0xff,0x9f,0x00,0x00,0x80,0xfe,0xf8,0x52,0x00,0x00,0x47,0xf1,0xff,0x4b,0x00,0x14,0xe7,0xfe,0x69,0x00,0x00,0x0b,
  0x89,0xff,0xa9,0x00,0x02,0x00,0x00,0x00,0x00,0x03,0x00,0x3d,0xff,0xcc,0x00,0x69,0xff,0x9d,0x00,0x03,0x00,0x00,0x00,0x00,
  0x00,0x31,0xef,0xf9,0x3f,0x00,0x4a,0xfe,0xc1,0x00,0x01,0x04,0x00,0x4c,0xfe,0xbd,0x00,0x00,0xa3,0xff,0x6a,0x00,0x04,0x00,
  0x00,0x04,0x00,0xa9,0xff,0x59,0xa8,0xff,0x2c,0x01,0x00,0x69,0xff,0x5b,0x9d,0xff,0x5f,0x00,0x00,0xc4,0xff,0x49,0x00,0x8a,
  0xff,0x98,0x00,0x03,0x02,0x00,0x27,0x4a,0x31,0x00,0x69,0xff,0xc8,0x00,0x00,0x00,0x08,0xdb,0xfd,0x44,0x00,0x04,0x03,0x00,
  0x69,0xfd,0xbe,0x00,0x07,0xd6,0xff,0x34,0x01,0x00,0x98,0xff,0x8b,0x00,0x02,0x03,0x00,0x26,0xf6,0xf5,0x1e,0x00,0x80,0xff,
  0xaf,0x00,0x02,0x03,0x00,0xa3,0xfe,0x84,0x00,0x5b,0xff,0xbf,0x04,0x0d,0x10,0x09,0x12,0xe8,0xf6,0x17,0x00,0x02,0x00,0x00,
  0x00,0x03,0x00,0x95,0xff,0x72,0x05,0x22,0xf8,0xed,0x12,0x00,0x01,0x00,0x03,0x04,0x0f,0xd8,0xff,0x7a,0x00,0x00,0x48,0xff,
  0xc2,0x00,0x01,0x04,0x00,0x4c,0xff,0xbe,0x00,0x00,0xa3,0xff,0x6a,0x00,0x04,0x00,0x00,0x04,0x00,0xa8,0xff,0x57,0x34,0xff,
  0x9b,0x00,0x07,0xdb,0xf1,0x06,0xab,0xff,0x5f,0x00,0x00,0xc4,0xff,0x49,0x00,0xb2,0xfe,0x5f,0x02,0x05,0x00,0x02,0x00,0x00,
  0x00,0x00,0x67,0xff,0xa4,0x02,0x06,0x00,0x1d,0xfc,0xef,0x14,0x02,0x02,0x03,0x03,0x29,0xff,0xe3,0x07,0x02,0xd7,0xff,0x33,
  0x00,0x00,0xc3,0xff,0x4b,0x03,0x04,0x00,0x02,0x01,0xd3,0xff,0x40,0x00,0x80,0xff,0x8e,0x02,0x04,0x05,0x02,0x81,0xff,0x8e,
  0x00,0x87,0xfe,0xf7,0xff,0xfd,0xfc,0xfd,0xfd,0xff,0xff,0x37,0x00,0x02,0x00,0x00,0x01,0x00,0x0d,0xe9,0xf2,0x0d,0x00,0x00,
  0xa1,0xff,0x59,0x00,0x04,0x00,0x04,0x00,0x9a,0xff,0xbe,0x03,0x06,0x00,0x48,0xff,0xc2,0x00,0x01,0x04,0x00,0x4c,0xff,0xbe,
  0x00,0x00,0xa3,0xff,0x6a,0x00,0x04,0x00,0x00,0x04,0x00,0xa8,0xff,0x65,0x00,0xd6,0xf7,0x0b,0x46,0xff,0x8e,0x00,0xb3,0xff,
  0x5f,0x00,0x00,0xc4,0xff,0x49,0x00,0xb2,0xfe,0x5f,0x02,0x05,0x00,0x02,0x00,0x00,0x00,0x00,0x67,0xff,0xa3,0x00,0x05,0x00,
  0x1d,0xfc,0xf0,0x15,0x02,0x02,0x03,0x03,0x2a,0xff,0xe2,0x07,0x02,0xd7,0xff,0x33,0x00,0x00,0xc3,0xff,0x4c,0x03,0x04,0x00,
  0x02,0x01,0xd4,0xff,0x3f,0x00,0x80,0xff,0x8e,0x00,0x04,0x05,0x00,0x82,0xff,0x8e,0x00,0x85,0xfe,0xe1,0xc2,0xc5,0xc3,0xc4,
  0xc3,0xb9,0xb7,0x24,0x00,0x02,0x00,0x00,0x04,0x01,0x52,0xff,0xcf,0x50,0x54,0x52,0x90,0xfd,0xb4,0x00,0x02,0x03,0x00,0x55,
  0xff,0xed,0x22,0x00,0x06,0x00,0x48,0xfe,0xc1,0x01,0x01,0x04,0x02,0x4c,0xff,0xbe,0x00,0x00,0xa3,0xff,0x6a,0x00,0x04,0x00,
  0x00,0x04,0x00,0xa8,0xff,0x68,0x01,0x64,0xff,0x77,0xb1,0xfc,0x24,0x01,0xb1,0xff,0x5f,0x00,0x00,0xc4,0xff,0x49,0x00,0x89,
  0xff,0x9a,0x00,0x03,0x02,0x00,0x26,0x4b,0x32,0x00,0x68,0xff,0xa3,0x00,0x04,0x00,0x08,0xdc,0xfd,0x42,0x00,0x04,0x03,0x00,
  0x6d,0xfd,0xbc,0x00,0x06,0xd6,0xff,0x33,0x00,0x00,0x99,0xff,0x89,0x00,0x02,0x03,0x00,0x2a,0xf6,0xf4,0x1c,0x00,0x7f,0xff,
  0x8e,0x00,0x04,0x05,0x00,0x82,0xff,0x8d,0x00,0x58,0xff,0xbd,0x00,0x00,0x00,0x00,0x00,0x16,0x17,0x00,0x00,0x00,0x00,0x00,
  0x02,0x00,0xaf,0xff,0xff,0xff,0xff,0xff,0xff,0xff,0xf7,0x20,0x00,0x00,0x1d,0xea,0xff,0x5f,0x00,0x05,0x04,0x00,0x40,0xff,
  0xde,0x02,0x00,0x06,0x00,0x6d,0xff,0xbd,0x00,0x00,0xa3,0xff,0x6a,0x00,0x04,0x00,0x00,0x04,0x00,0xa7,0xfe,0x65,0x00,0x0f,
  0xe5,0xf6,0xff,0xac,0x00,0x00,0xae,0xfe,0x5f,0x00,0x00,0xc3,0xfe,0x48,0x00,0x31,0xfd,0xf5,0x52,0x00,0x00,0x2e,0xe0,0xff,
  0x67,0x00,0x6a,0xfe,0xa2,0x00,0x03,0x04,0x00,0x7d,0xff,0xcf,0x2a,0x00,0x00,0x47,0xec,0xff,0x52,0x00,0x07,0xd5,0xfe,0x33,
  0x00,0x00,0x3a,0xff,0xf3,0x50,0x00,0x00,0x25,0xc4,0xff,0x98,0x00,0x00,0x7c,0xfe,0x8d,0x00,0x04,0x05,0x00,0x81,0xfe,0x8a,
  0x00,0x12,0xe3,0xff,0x79,0x09,0x00,0x12,0x9f,0xfe,0xa4,0x00,0x02,0x00,0x00,0x02,0x00,0x19,0xf2,0xf4,0x75,0x69,0x6b,0x6d,
  0x69,0xc3,0xff,0x6f,0x00,0x08,0xb7,0xff,0x9a,0x00,0x00,0x00,0x00,0x00,0x16,0xf0,0xfe,0x7b,0x03,0x00,0x28,0xdf,0xfe,0xbf,
  0x00,0x00,0xa2,0xfe,0x6a,0x00,0x04,0x00,0x00,0x04,0x00,0xab,0xff,0x67,0x00,0x00,0x80,0xff,0xff,0x3a,0x01,0x00,0xb2,0xff,
  0x61,0x00,0x00,0xc7,0xff,0x47,0x00,0x00,0x73,0xff,0xff,0xd4,0xc9,0xff,0xff,0xa4,0x03,0x00,0x69,0xff,0xa6,0x00,0x03,0x01,
  0x02,0x09,0xb7,0xff,0xff,0xc9,0xd5,0xff,0xff,0x8c,0x00,0x01,0x04,0xda,0xff,0x34,0x00,0x05,0x00,0x7b,0xff,0xff,0xd5,0xc9,
  0xff,0xff,0xc4,0x10,0x04,0x00,0x7f,0xff,0x90,0x00,0x04,0x05,0x00,0x84,0xff,0x8c,0x00,0x00,0x44,0xf4,0xff,0xe3,0xc4,0xee,
  0xff,0xdd,0x21,0x01,0x02,0x00,0x00,0x04,0x00,0x6a,0xff,0xb0,0x00,0x00,0x00,0x00,0x00,0x4f,0xff,0xcf,0x00,0x42,0xff,0xff,
  0xce,0xc1,0xc2,0xc4,0x8b,0x00,0x00,0x76,0xff,0xff,0xd9,0xca,0xff,0xf9,0xff,0xc4,0x00,0x00,0xa6,0xff,0x6c,0x00,0x04,0x00,
  0x00,0x04,0x00,0x9e,0xf0,0x5f,0x00,0x01,0x1a,0xeb,0xba,0x00,0x04,0x00,0xa5,0xf0,0x59,0x00,0x00,0xb9,0xf0,0x42,0x00,0x05,
  0x00,0x4f,0xbb,0xf2,0xf8,0xcc,0x70,0x02,0x03,0x00,0x61,0xf0,0x9a,0x00,0x03,0x00,0x01,0x00,0x05,0x72,0xcc,0xf9,0xf1,0xba,
  0x54,0x00,0x02,0x00,0x04,0xca,0xf0,0x30,0x00,0x03,0x02,0x00,0x4f,0xb9,0xf1,0xf8,0xcc,0x76,0x09,0x00,0x05,0x00,0x76,0xf0,
  0x86,0x00,0x04,0x05,0x00,0x7a,0xf0,0x82,0x00,0x06,0x00,0x2e,0xa2,0xe6,0xfb,0xdd,0x90,0x17,0x00,0x01,0x00,0x00,0x00,0x01,
  0x01,0xb3,0xf0,0x54,0x03,0x07,0x04,0x05,0x04,0x10,0xdb,0xf0,0x1f,0x39,0xef,0xed,0xfb,0xfe,0xfa,0xfd,0xb5,0x00,0x04,0x00,
  0x66,0xc9,0xf6,0xec,0x8d,0x5b,0xf0,0xb4,0x00,0x00,0x9a,0xf0,0x64,0x00,0x04,0x00,0x00,0x00,0x00,0x0a,0x10,0x06,0x00,0x00,
  0x00,0x0d,0x07,0x00,0x01,0x00,0x0b,0x10,0x06,0x00,0x00,0x0c,0x10,0x04,0x00,0x00,0x02,0x00,0x00,0x0a,0x0c,0x00,0x00,0x00,
  0x01,0x00,0x06,0x10,0x0a,0x00,0x00,0x00,0x00,0x01,0x00,0x00,0x00,0x0c,0x0a,0x00,0x00,0x02,0x00,0x00,0x00,0x0d,0x10,0x03,
  0x00,0x00,0x00,0x02,0x00,0x00,0x0a,0x0c,0x00,0x00,0x00,0x01,0x00,0x00,0x08,0x10,0x09,0x00,0x00,0x00,0x00,0x08,0x10,0x08,
  0x00,0x00,0x02,0x00,0x00,0x06,0x0d,0x03,0x00,0x00,0x01,0x00,0x00,0x00,0x00,0x00,0x00,0x11,0x10,0x01,0x00,0x00,0x00,0x00,
  0x00,0x00,0x0a,0x0f,0x07,0x03,0x0f,0x0f,0x0e,0x0d,0x0d,0x0d,0x09,0x00,0x00,0x01,0x00,0x00,0x0d,0x05,0x00,0x00,0x10,0x0b,
  0x00,0x00,0x0a,0x10,0x06,0x00,0x00,0x00,0x00,0x00,0x00,0x00,0x00,0x00,0x00,0x00,0x01,0x00,0x00,0x00,0x00,0x00,0x00,0x00,
  0x00,0x00,0x00,0x00,0x00,0x00,0x00,0x00,0x00,0x03,0x02,0x00,0x00,0x00,0x04,0x01,0x00,0x00,0x00,0x00,0x00,0x00,0x00,0x00,
  0x00,0x00,0x01,0x04,0x00,0x00,0x00,0x02,0x03,0x00,0x00,0x00,0x00,0x00,0x00,0x00,0x00,0x00,0x00,0x00,0x03,0x02,0x00,0x00,
  0x00,0x04,0x01,0x00,0x00,0x00,0x00,0x00,0x00,0x00,0x00,0x00,0x00,0x00,0x00,0x00,0x00,0x00,0x00,0x02,0x03,0x00,0x00,0x00,
  0x04,0x02,0x00,0x00,0x00,0x00,0x00,0x00,0x00,0x00,0x00,0x00,0x00,0x00,0x00,0x00,0x00,0x01,0x00,0x00,0x00,0x00,0x00,0x00,
  0x00,0x00,0x00,0x00,0x00,0x00,0x00,0x00,0x03,0x00,0x00,0x00,0x04,0x00,0x00,0x00,0x00,0x00,0x00,0x00,0x00,0x00,0x00,0x00,
};
const lv_img_dsc_t txt_ch_03 = {
  .header.cf = LV_IMG_CF_ALPHA_8BIT,
  .header.always_zero = 0,
  .header.reserved = 0,
  .header.w = 136,
  .header.h = 18,
  .data_size = 2448,
  .data = txt_ch_03_map,
};

static const uint8_t txt_ch_04_map[] = {
  0x00,0x00,0x00,0x00,0x00,0x00,0x00,0x00,0x00,0x00,0x00,0x00,0x00,0x00,0x00,0x00,0x00,0x00,0x00,0x03,0x04,0x01,0x00,0x00,
  0x00,0x00,0x00,0x00,0x00,0x00,0x00,0x00,0x00,0x00,0x00,0x00,0x00,0x00,0x00,0x00,0x00,0x00,0x00,0x00,0x00,0x00,0x00,0x00,
  0x00,0x00,0x00,0x00,0x00,0x00,0x04,0x03,0x01,0x00,0x00,0x00,0x00,0x00,0x00,0x00,0x00,0x00,0x00,0x00,0x00,0x00,0x00,0x00,
  0x00,0x00,0x00,0x00,0x00,0x00,0x00,0x00,0x00,0x00,0x00,0x00,0x00,0x00,0x00,0x00,0x00,0x00,0x00,0x00,0x00,0x00,0x00,0x00,
  0x00,0x00,0x00,0x00,0x00,0x00,0x00,0x00,0x00,0x00,0x00,0x00,0x00,0x00,0x00,0x00,0x00,0x00,0x00,0x00,0x00,0x00,0x00,0x00,
  0x00,0x00,0x00,0x00,0x00,0x00,0x00,0x00,0x00,0x00,0x00,0x00,0x00,0x00,0x00,0x00,0x00,0x00,0x00,0x00,0x00,0x00,0x00,0x00,
  0x00,0x00,0x00,0x00,0x02,0x04,0x02,0x00,0x00,0x00,0x00,0x00,0x00,0x00,0x00,0x03,0x04,0x01,0x00,0x00,0x00,0x00,0x00,0x00,
  0x00,0x00,0x00,0x00,0x00,0x00,0x00,0x00,0x00,0x00,0x00,0x00,0x00,0x00,0x00,0x00,0x00,0x00,0x00,0x00,0x00,0x00,0x00,0x00,
  0x00,0x00,0x00,0x00,0x00,0x00,0x00,0x00,0x00,0x00,0x00,0x00,0x00,0x00,0x00,0x00,0x00,0x00,0x00,0x00,0x00,0x00,0x00,0x00,
  0x00,0x00,0x00,0x00,0x00,0x00,0x00,0x00,0x00,0x00,0x00,0x00,0x00,0x00,0x00,0x00,0x00,0x00,0x00,0x00,0x00,0x00,0x00,0x00,
  0x00,0x00,0x02,0x04,0x04,0x04,0x04,0x03,0x02,0x00,0x00,0x00,0x00,0x00,0x00,0x00,0x00,0x00,0x00,0x00,0x00,0x00,0x00,0x00,
  0x00,0x00,0x00,0x00,0x00,0x00,0x00,0x01,0x04,0x03,0x00,0x00,0x00,0x00,0x00,0x00,0x00,0x00,0x00,0x00,0x00,0x00,0x00,0x00,
  0x00,0x00,0x00,0x00,0x00,0x00,0x00,0x00,0x01,0x00,0x00,0x00,0x00,0x00,0x00,0x00,0x00,0x00,0x00,0x01,0x00,0x64,0x9b,0x19,
  0x00,0x01,0x00,0x00,0x00,0x00,0x00,0x00,0x00,0x00,0x00,0x00,0x00,0x00,0x00,0x00,0x00,0x00,0x00,0x00,0x00,0x00,0x00,0x00,
  0x00,0x00,0x00,0x00,0x00,0x01,0x01,0x01,0x5e,0xb0,0x7a,0x00,0x02,0x00,0x00,0x00,0x00,0x00,0x00,0x00,0x00,0x00,0x00,0x00,
  0x00,0x00,0x00,0x00,0x00,0x00,0x00,0x00,0x00,0x00,0x00,0x00,0x00,0x00,0x00,0x00,0x00,0x00,0x00,0x00,0x00,0x00,0x00,0x00,
  0x00,0x00,0x00,0x00,0x00,0x00,0x00,0x00,0x00,0x00,0x01,0x01,0x00,0x00,0x00,0x00,0x00,0x00,0x00,0x00,0x00,0x00,0x00,0x00,
  0x00,0x00,0x00,0x00,0x00,0x00,0x00,0x00,0x00,0x00,0x00,0x00,0x00,0x00,0x00,0x00,0x00,0x00,0x00,0x00,0x00,0x00,0x00,0x00,
  0x00,0x00,0x00,0x00,0x01,0x00,0x38,0x55,0x33,0x00,0x01,0x00,0x00,0x00,0x00,0x00,0x02,0x4b,0x55,0x1f,0x00,0x1a,0xff,0xff,
  0x8d,0x00,0x04,0x00,0x00,0x00,0x01,0x01,0x00,0x00,0x00,0x00,0x00,0x01,0x01,0x01,0x00,0x01,0x01,0x00,0x00,0x00,0x00,0x01,
  0x01,0x01,0x00,0x00,0x00,0x00,0x03,0x00,0x82,0xff,0xff,0xa0,0x00,0x03,0x00,0x00,0x00,0x01,0x01,0x00,0x00,0x00,0x00,0x00,
  0x00,0x01,0x01,0x00,0x00,0x01,0x01,0x01,0x00,0x00,0x00,0x00,0x00,0x00,0x00,0x00,0x01,0x01,0x01,0x00,0x00,0x00,0x00,0x00,
  0x00,0x00,0x01,0x00,0x26,0x55,0x52,0x51,0x51,0x4b,0x26,0x00,0x00,0x01,0x00,0x01,0x01,0x00,0x00,0x01,0x00,0x00,0x00,0x00,
  0x00,0x01,0x01,0x01,0x00,0x00,0x00,0x01,0x01,0x1d,0x55,0x3e,0x01,0x02,0x00,0x00,0x00,0x00,0x00,0x01,0x01,0x01,0x00,0x00,
  0x00,0x00,0x00,0x00,0x00,0x03,0x00,0xb7,0xff,0xe3,0x0b,0x01,0x01,0x00,0x00,0x03,0x01,0x3f,0xff,0xff,0x5f,0x00,0x09,0xa7,
  0xdc,0x42,0x00,0x03,0x00,0x03,0x01,0x00,0x00,0x00,0x03,0x01,0x00,0x00,0x00,0x00,0x00,0x03,0x00,0x00,0x00,0x00,0x01,0x04,
  0x00,0x00,0x00,0x02,0x03,0x00,0x01,0x00,0x02,0xe2,0xfd,0x5e,0x05,0x02,0x00,0x00,0x03,0x01,0x00,0x00,0x00,0x03,0x01,0x00,
  0x00,0x00,0x00,0x00,0x00,0x04,0x00,0x00,0x00,0x03,0x00,0x00,0x00,0x00,0x00,0x03,0x02,0x00,0x00,0x00,0x04,0x01,0x00,0x00,
  0x00,0x00,0x00,0x04,0x00,0x7a,0xff,0xff,0xff,0xff,0xff,0xff,0xae,0x17,0x00,0x02,0x00,0x00,0x00,0x03,0x00,0x00,0x00,0x00,
  0x02,0x03,0x00,0x00,0x00,0x03,0x01,0x00,0x03,0x00,0x57,0xff,0xc4,0x00,0x00,0x00,0x00,0x00,0x02,0x03,0x00,0x00,0x00,0x03,
  0x02,0x00,0x00,0x00,0x00,0x00,0x03,0x00,0xac,0xfb,0xff,0x5f,0x00,0x04,0x00,0x00,0x02,0x00,0xae,0xfd,0xfb,0x58,0x00,0x01,
  0x0b,0x1a,0x00,0x00,0x00,0x02,0x00,0x00,0x0b,0x0b,0x00,0x00,0x00,0x01,0x00,0x08,0x10,0x09,0x00,0x05,0x08,0x00,0x01,0x00,
  0x00,0x00,0x0c,0x0a,0x00,0x00,0x02,0x01,0x03,0x1f,0xed,0xff,0x1f,0x07,0x02,0x00,0x01,0x00,0x00,0x0a,0x0c,0x00,0x00,0x00,
  0x01,0x00,0x00,0x0a,0x10,0x02,0x00,0x03,0x0e,0x01,0x00,0x00,0x00,0x00,0x00,0x02,0x00,0x00,0x09,0x0c,0x00,0x00,0x00,0x01,
  0x00,0x00,0x00,0x00,0x04,0x00,0x6e,0xfb,0xc1,0x68,0x6c,0x7b,0xd1,0xff,0xbb,0x03,0x02,0x0d,0x10,0x00,0x00,0x0a,0x03,0x00,
  0x02,0x00,0x00,0x07,0x0d,0x03,0x00,0x00,0x02,0x03,0x07,0x5b,0xfb,0xba,0x0d,0x0f,0x01,0x00,0x02,0x00,0x00,0x06,0x0d,0x03,
  0x00,0x00,0x02,0x00,0x00,0x00,0x00,0x03,0x00,0xae,0xff,0xff,0xcb,0x02,0x01,0x00,0x02,0x00,0x27,0xf8,0xfe,0xff,0x5a,0x00,
  0x03,0xc0,0xec,0x39,0x00,0x04,0x00,0x58,0xbf,0xf3,0xf6,0xc9,0x70,0x03,0x03,0x00,0x72,0xef,0x82,0x5a,0xdd,0x75,0x00,0x01,
  0x09,0x78,0xcd,0xf8,0xef,0xb7,0x50,0x00,0x01,0x3e,0xfc,0xfd,0xfc,0xfe,0xc0,0x00,0x03,0x00,0x5a,0xbf,0xf2,0xf6,0xc8,0x6e,
  0x04,0x00,0x05,0x00,0x9b,0xef,0x6e,0x7e,0xe5,0xf6,0xce,0x73,0x02,0x01,0x01,0x02,0x00,0x4c,0xb6,0xef,0xf8,0xd0,0x78,0x08,
  0x00,0x01,0x00,0x00,0x00,0x04,0x00,0x6e,0xff,0x95,0x00,0x00,0x00,0x14,0xe4,0xff,0x2f,0x00,0xc5,0xef,0x4a,0x8f,0xe9,0x28,
  0x01,0x00,0x34,0xa6,0xe7,0xfa,0xdb,0x8c,0x17,0x00,0x00,0x92,0xfd,0xfb,0xfd,0xfd,0xf5,0x1b,0x01,0x00,0x31,0xa2,0xe5,0xfa,
  0xdb,0x90,0x1e,0x00,0x01,0x00,0x00,0x00,0x03,0x00,0xae,0xff,0xf0,0xff,0x43,0x00,0x03,0x03,0x00,0x93,0xff,0xf0,0xff,0x5a,
  0x00,0x03,0xd1,0xff,0x3c,0x00,0x00,0x81,0xff,0xff,0xd1,0xcc,0xff,0xff,0xa3,0x02,0x00,0x7f,0xff,0xe7,0xff,0xfc,0x76,0x00,
  0x11,0xc3,0xff,0xfe,0xc8,0xd7,0xff,0xff,0x83,0x00,0x31,0xc8,0xf9,0xfd,0xcb,0x92,0x00,0x00,0x92,0xff,0xff,0xd2,0xcc,0xff,
  0xff,0xb4,0x08,0x04,0x00,0xab,0xff,0xf8,0xff,0xcf,0xd4,0xff,0xff,0x90,0x00,0x04,0x00,0x72,0xff,0xff,0xd7,0xc8,0xfa,0xff,
  0xbb,0x0a,0x01,0x01,0x00,0x00,0x04,0x00,0x6e,0xff,0x9d,0x05,0x09,0x04,0x00,0xcc,0xff,0x44,0x00,0xd8,0xff,0xec,0xff,0xf5,
  0x2a,0x00,0x4d,0xf8,0xff,0xe0,0xc5,0xef,0xff,0xd9,0x1e,0x00,0x6f,0xd8,0xfc,0xee,0xc1,0xbe,0x17,0x00,0x4e,0xf7,0xff,0xe3,
  0xc4,0xf1,0xff,0xe5,0x2e,0x00,0x02,0x00,0x00,0x03,0x00,0xad,0xff,0x95,0xfb,0xb7,0x00,0x04,0x01,0x13,0xf3,0xca,0xb7,0xff,
  0x57,0x00,0x03,0xcc,0xfe,0x3e,0x00,0x3b,0xff,0xf1,0x48,0x00,0x00,0x3a,0xeb,0xff,0x5c,0x00,0x80,0xfe,0xfd,0x6f,0x18,0x0b,
  0x00,0x91,0xff,0xc3,0x23,0x00,0x01,0x52,0xf2,0xff,0x41,0x00,0x0f,0xec,0xff,0x15,0x00,0x00,0x53,0xff,0xe7,0x41,0x00,0x00,
  0x30,0xd4,0xff,0x7b,0x00,0x00,0xa6,0xfe,0xeb,0x37,0x00,0x00,0x65,0xfa,0xfc,0x28,0x00,0x2e,0xfd,0xf0,0x4a,0x00,0x00,0x17,
  0xae,0xff,0x78,0x00,0x03,0x00,0x00,0x04,0x00,0x6e,0xff,0x98,0x00,0x00,0x00,0x47,0xf4,0xf9,0x1f,0x00,0xcf,0xfe,0xe0,0x3f,
  0x11,0x03,0x11,0xe7,0xfe,0x69,0x00,0x00,0x0c,0x8b,0xff,0xa6,0x00,0x00,0x4f,0xff,0xb7,0x00,0x00,0x00,0x17,0xec,0xff,0x77,
  0x07,0x00,0x15,0x9f,0xff,0xcb,0x05,0x01,0x01,0x00,0x03,0x00,0xaa,0xff,0x57,0xab,0xfe,0x28,0x01,0x00,0x70,0xff,0x55,0xa5,
  0xff,0x57,0x00,0x03,0xcd,0xff,0x3f,0x00,0x96,0xfe,0x8b,0x00,0x03,0x01,0x00,0x2c,0x4a,0x2c,0x00,0x7b,0xff,0xb6,0x00,0x00,
  0x00,0x11,0xec,0xfa,0x2f,0x00,0x04,0x03,0x00,0x83,0xfe,0xa5,0x00,0x17,0xed,0xff,0x1d,0x01,0x00,0xb6,0xfd,0x6b,0x00,0x03,
  0x04,0x00,0x45,0xfd,0xdd,0x0a,0x00,0xa4,0xff,0x89,0x00,0x04,0x00,0x00,0xc9,0xff,0x5a,0x00,0x86,0xff,0x96,0x01,0x0f,0x10,
  0x06,0x32,0xfa,0xd2,0x01,0x00,0x01,0x00,0x04,0x00,0x71,0xff,0xe4,0xc1,0xc3,0xd1,0xff,0xff,0x86,0x00,0x00,0xcd,0xff,0x64,
  0x00,0x03,0x00,0x56,0xff,0xc0,0x04,0x0d,0x10,0x09,0x13,0xea,0xf4,0x19,0x01,0x56,0xff,0xb9,0x02,0x08,0x00,0x66,0xff,0xba,
  0x00,0x00,0x03,0x00,0x07,0xdf,0xff,0x3d,0x00,0x03,0x00,0x03,0x00,0xaa,0xff,0x53,0x37,0xff,0x96,0x00,0x09,0xe0,0xed,0x05,
  0xb4,0xff,0x57,0x00,0x03,0xcd,0xff,0x3e,0x00,0xbe,0xff,0x53,0x02,0x04,0x00,0x02,0x00,0x00,0x00,0x00,0x7a,0xff,0x91,0x03,
  0x07,0x00,0x2e,0xff,0xde,0x07,0x02,0x01,0x04,0x03,0x3e,0xff,0xcc,0x00,0x13,0xed,0xff,0x1d,0x00,0x05,0xde,0xff,0x30,0x03,
  0x03,0x02,0x02,0x0f,0xf1,0xfd,0x22,0x00,0xa6,0xff,0x68,0x02,0x04,0x04,0x01,0xab,0xff,0x64,0x00,0xb2,0xfe,0xf8,0xff,0xfd,
  0xfd,0xfe,0xfd,0xff,0xf8,0x11,0x00,0x01,0x00,0x04,0x00,0x72,0xff,0xfa,0xfc,0xfc,0xf4,0xc6,0x66,0x00,0x02,0x00,0xce,0xff,
  0x42,0x03,0x08,0x00,0x81,0xfe,0xf7,0xff,0xfd,0xfc,0xfd,0xfd,0xff,0xff,0x37,0x00,0x56,0xff,0xb9,0x00,0x07,0x00,0x92,0xfe,
  0x79,0x02,0x05,0x00,0x04,0x00,0xa6,0xfe,0x65,0x00,0x04,0x00,0x03,0x00,0xaa,0xff,0x61,0x00,0xda,0xf6,0x08,0x4c,0xff,0x86,
  0x00,0xbb,0xff,0x57,0x00,0x03,0xcd,0xff,0x3e,0x00,0xbd,0xff,0x53,0x02,0x04,0x00,0x02,0x00,0x00,0x00,0x00,0x7a,0xff,0x90,
  0x00,0x06,0x00,0x2e,0xff,0xdf,0x08,0x02,0x01,0x04,0x03,0x3f,0xff,0xcc,0x00,0x13,0xed,0xff,0x1d,0x00,0x05,0xde,0xff,0x31,
  0x02,0x03,0x02,0x02,0x10,0xf1,0xfc,0x22,0x00,0xa6,0xff,0x68,0x00,0x04,0x03,0x00,0xac,0xff,0x64,0x00,0xb1,0xfe,0xd8,0xc2,
  0xc5,0xc3,0xc5,0xc1,0xb8,0xa8,0x0b,0x00,0x01,0x00,0x04,0x00,0x6e,0xff,0xa0,0x0d,0x10,0x0b,0x00,0x00,0x01,0x01,0x00,0xce,
  0xff,0x40,0x00,0x07,0x00,0x80,0xfe,0xe2,0xc2,0xc5,0xc3,0xc4,0xc3,0xb9,0xb7,0x26,0x00,0x55,0xff,0xba,0x01,0x07,0x00,0x92,
  0xfe,0x7a,0x02,0x05,0x00,0x04,0x00,0xa7,0xfe,0x64,0x00,0x04,0x00,0x03,0x00,0xaa,0xff,0x66,0x01,0x68,0xff,0x73,0xb7,0xfa,
  0x20,0x00,0xb9,0xff,0x57,0x00,0x03,0xcd,0xff,0x3f,0x00,0x95,0xff,0x8c,0x00,0x03,0x01,0x00,0x2b,0x4c,0x2d,0x00,0x7b,0xff,
  0x90,0x00,0x05,0x00,0x11,0xec,0xfa,0x2d,0x00,0x04,0x02,0x00,0x87,0xff,0xa2,0x00,0x16,0xed,0xff,0x1c,0x00,0x00,0xb7,0xfd,
  0x69,0x00,0x04,0x03,0x00,0x49,0xfd,0xdb,0x09,0x00,0xa5,0xff,0x68,0x00,0x04,0x03,0x00,0xac,0xff,0x64,0x00,0x83,0xff,0x90,
  0x00,0x00,0x00,0x00,0x00,0x17,0x12,0x00,0x00,0x00,0x00,0x04,0x00,0x6e,0xff,0x99,0x00,0x00,0x00,0x01,0x03,0x00,0x01,0x00,
  0xce,0xff,0x40,0x00,0x06,0x00,0x53,0xff,0xbd,0x00,0x00,0x00,0x00,0x00,0x16,0x16,0x01,0x00,0x54,0xff,0xb7,0x00,0x08,0x00,
  0x67,0xff,0xb8,0x00,0x00,0x03,0x00,0x0a,0xe1,0xff,0x3a,0x00,0x03,0x00,0x03,0x00,0xa9,0xfe,0x63,0x00,0x11,0xe7,0xf6,0xff,
  0xa6,0x00,0x00,0xb6,0xfe,0x57,0x00,0x03,0xcc,0xfe,0x3e,0x00,0x3a,0xff,0xf1,0x48,0x00,0x00,0x36,0xe9,0xff,0x56,0x00,0x7c,
  0xfe,0x8f,0x00,0x04,0x03,0x00,0x92,0xff,0xc1,0x1f,0x00,0x02,0x57,0xf5,0xff,0x3c,0x00,0x15,0xec,0xfe,0x1c,0x00,0x00,0x55,
  0xff,0xe5,0x3d,0x00,0x00,0x35,0xd9,0xff,0x75,0x00,0x00,0xa3,0xfe,0x68,0x00,0x04,0x03,0x00,0xab,0xfe,0x62,0x00,0x2b,0xfa,
  0xf7,0x58,0x03,0x00,0x1f,0xbf,0xff,0x76,0x00,0x03,0x00,0x00,0x04,0x00,0x6e,0xfe,0x9b,0x01,0x04,0x01,0x00,0x00,0x00,0x01,
  0x00,0xcd,0xfe,0x40,0x00,0x04,0x01,0x0f,0xe2,0xff,0x79,0x09,0x00,0x13,0xa0,0xfe,0xa1,0x01,0x00,0x52,0xfe,0xc6,0x00,0x00,
  0x00,0x18,0xed,0xff,0x72,0x06,0x00,0x17,0xa5,0xff,0xc4,0x04,0x02,0x00,0x00,0x03,0x00,0xad,0xff,0x63,0x00,0x00,0x84,0xff,
  0xfe,0x36,0x01,0x00,0xba,0xff,0x58,0x00,0x03,0xd0,0xff,0x3c,0x00,0x00,0x7f,0xff,0xff,0xd2,0xcb,0xff,0xff,0x95,0x00,0x00,
  0x7c,0xff,0x92,0x00,0x04,0x02,0x02,0x11,0xc7,0xff,0xfb,0xc6,0xd9,0xff,0xff,0x76,0x00,0x00,0x13,0xf1,0xff,0x1c,0x00,0x03,
  0x00,0x96,0xff,0xff,0xcf,0xce,0xff,0xff,0xaa,0x06,0x05,0x00,0xa7,0xff,0x6a,0x00,0x04,0x03,0x00,0xaf,0xff,0x61,0x00,0x00,
  0x69,0xff,0xff,0xd9,0xc7,0xfa,0xff,0xbe,0x0b,0x01,0x01,0x00,0x00,0x04,0x00,0x70,0xff,0x9e,0x00,0x03,0x00,0x00,0x00,0x00,
  0x01,0x00,0xd1,0xff,0x41,0x00,0x03,0x03,0x00,0x44,0xf4,0xff,0xe3,0xc4,0xee,0xff,0xdc,0x20,0x01,0x00,0x29,0xff,0xff,0xd0,
  0xbb,0x17,0x00,0x52,0xf9,0xff,0xdf,0xc5,0xf4,0xff,0xde,0x27,0x00,0x02,0x00,0x00,0x03,0x00,0xa0,0xf0,0x5c,0x00,0x01,0x1d,
  0xec,0xb5,0x00,0x04,0x00,0xac,0xf0,0x52,0x00,0x03,0xc1,0xf0,0x38,0x00,0x04,0x00,0x56,0xbf,0xf4,0xf7,0xc8,0x68,0x00,0x04,
  0x00,0x73,0xf0,0x88,0x00,0x04,0x00,0x01,0x00,0x0b,0x7c,0xd2,0xfa,0xed,0xb1,0x47,0x00,0x03,0x00,0x12,0xdf,0xf0,0x1a,0x00,
  0x02,0x01,0x00,0x5f,0xc3,0xf5,0xf6,0xc4,0x66,0x00,0x00,0x05,0x00,0x9a,0xf0,0x62,0x00,0x04,0x03,0x00,0xa2,0xf0,0x5a,0x00,
  0x05,0x00,0x45,0xb3,0xef,0xf9,0xd2,0x7a,0x07,0x00,0x01,0x00,0x00,0x00,0x04,0x00,0x68,0xf0,0x92,0x00,0x03,0x00,0x00,0x00,
  0x00,0x01,0x00,0xc2,0xf0,0x3c,0x00,0x03,0x00,0x02,0x00,0x2e,0xa2,0xe6,0xfb,0xdd,0x8f,0x16,0x00,0x01,0x02,0x00,0x64,0xd6,
  0xfa,0xf7,0x1a,0x01,0x00,0x35,0xa7,0xe9,0xfb,0xd7,0x89,0x18,0x00,0x01,0x00,0x00,0x00,0x00,0x00,0x0a,0x10,0x06,0x00,0x00,
  0x00,0x0e,0x06,0x00,0x01,0x00,0x0b,0x10,0x05,0x00,0x00,0x0c,0x10,0x04,0x00,0x00,0x02,0x00,0x00,0x0b,0x0b,0x00,0x00,0x01,
  0x01,0x00,0x07,0x10,0x09,0x00,0x00,0x00,0x00,0x01,0x00,0x00,0x00,0x0c,0x08,0x00,0x00,0x02,0x00,0x00,0x01,0x0e,0x10,0x02,
  0x00,0x00,0x00,0x01,0x00,0x00,0x0b,0x0b,0x00,0x00,0x00,0x01,0x00,0x00,0x0a,0x10,0x06,0x00,0x00,0x00,0x00,0x0a,0x10,0x06,
  0x00,0x00,0x02,0x00,0x00,0x09,0x0c,0x00,0x00,0x00,0x01,0x00,0x00,0x00,0x00,0x00,0x00,0x07,0x10,0x09,0x00,0x00,0x00,0x00,
  0x00,0x00,0x00,0x00,0x0d,0x10,0x04,0x00,0x00,0x00,0x00,0x02,0x00,0x00,0x06,0x0d,0x03,0x00,0x00,0x01,0x00,0x00,0x00,0x00,
  0x03,0x0d,0x0c,0x01,0x00,0x02,0x00,0x00,0x07,0x0c,0x01,0x00,0x00,0x02,0x00,0x00,0x00,0x00,0x00,0x00,0x00,0x00,0x00,0x00,
  0x00,0x01,0x00,0x00,0x00,0x00,0x00,0x00,0x00,0x00,0x00,0x00,0x00,0x00,0x00,0x00,0x00,0x00,0x03,0x01,0x00,0x00,0x00,0x04,
  0x00,0x00,0x00,0x00,0x00,0x00,0x00,0x00,0x00,0x00,0x00,0x01,0x04,0x00,0x00,0x00,0x02,0x03,0x00,0x00,0x00,0x00,0x00,0x00,
  0x00,0x00,0x00,0x00,0x00,0x03,0x01,0x00,0x00,0x01,0x04,0x00,0x00,0x00,0x00,0x00,0x00,0x00,0x00,0x00,0x00,0x00,0x00,0x00,
  0x00,0x00,0x00,0x00,0x03,0x02,0x00,0x00,0x00,0x04,0x01,0x00,0x00,0x00,0x00,0x00,0x00,0x00,0x00,0x00,0x00,0x00,0x00,0x00,
  0x00,0x00,0x00,0x00,0x00,0x00,0x00,0x00,0x00,0x00,0x00,0x00,0x00,0x02,0x03,0x00,0x00,0x00,0x04,0x02,0x00,0x00,0x00,0x00,
  0x03,0x00,0x00,0x00,0x00,0x00,0x00,0x02,0x03,0x00,0x00,0x00,0x04,0x02,0x00,0x00,0x00,0x00,
};
const lv_img_dsc_t txt_ch_04 = {
  .header.cf = LV_IMG_CF_ALPHA_8BIT,
  .header.always_zero = 0,
  .header.reserved = 0,
  .header.w = 145,
  .header.h = 18,
  .data_size = 2610,
  .data = txt_ch_04_map,
};

static const uint8_t txt_ch_05_map[] = {
  0x00,0x00,0x00,0x00,0x00,0x00,0x00,0x00,0x00,0x00,0x00,0x00,0x00,0x00,0x00,0x00,0x00,0x00,0x00,0x03,0x04,0x01,0x00,0x00,
  0x00,0x00,0x00,0x00,0x00,0x00,0x00,0x00,0x00,0x00,0x00,0x00,0x00,0x00,0x00,0x00,0x00,0x00,0x00,0x00,0x00,0x00,0x00,0x00,
  0x00,0x00,0x00,0x00,0x00,0x00,0x03,0x03,0x01,0x00,0x00,0x00,0x00,0x00,0x00,0x00,0x00,0x00,0x00,0x00,0x00,0x00,0x00,0x00,
  0x00,0x00,0x00,0x00,0x00,0x00,0x00,0x00,0x00,0x00,0x00,0x00,0x00,0x00,0x00,0x00,0x00,0x00,0x00,0x00,0x00,0x00,0x00,0x00,
  0x00,0x00,0x00,0x00,0x00,0x00,0x00,0x00,0x00,0x00,0x00,0x00,0x00,0x00,0x00,0x00,0x00,0x00,0x00,0x00,0x00,0x00,0x00,0x00,
  0x00,0x00,0x00,0x00,0x00,0x00,0x00,0x00,0x00,0x00,0x00,0x00,0x00,0x00,0x00,0x00,0x00,0x00,0x00,0x00,0x00,0x00,0x00,0x00,
  0x00,0x00,0x00,0x00,0x00,0x00,0x00,0x00,0x03,0x04,0x01,0x00,0x00,0x00,0x00,0x00,0x00,0x00,0x00,0x00,0x00,0x00,0x00,0x00,
  0x00,0x00,0x00,0x00,0x00,0x00,0x00,0x00,0x00,0x00,0x00,0x00,0x00,0x00,0x00,0x00,0x00,0x00,0x00,0x00,0x00,0x00,0x00,0x00,
  0x00,0x00,0x00,0x00,0x00,0x00,0x00,0x00,0x00,0x00,0x00,0x00,0x00,0x00,0x00,0x00,0x00,0x00,0x00,0x00,0x00,0x00,0x00,0x00,
  0x00,0x00,0x00,0x00,0x00,0x00,0x00,0x00,0x00,0x00,0x00,0x00,0x00,0x00,0x00,0x00,0x00,0x00,0x00,0x00,0x00,0x00,0x00,0x00,
  0x00,0x02,0x04,0x02,0x00,0x00,0x00,0x00,0x00,0x00,0x00,0x00,0x03,0x04,0x01,0x00,0x00,0x00,0x00,0x00,0x00,0x00,0x00,0x00,
  0x00,0x00,0x00,0x00,0x00,0x00,0x00,0x00,0x00,0x00,0x00,0x00,0x00,0x00,0x00,0x00,0x00,0x00,0x00,0x00,0x00,0x00,0x00,0x00,
  0x00,0x00,0x00,0x01,0x00,0x00,0x00,0x00,0x00,0x00,0x00,0x00,0x00,0x00,0x00,0x00,0x00,0x00,0x00,0x00,0x00,0x00,0x00,0x00,
  0x00,0x00,0x00,0x00,0x00,0x00,0x00,0x00,0x00,0x00,0x00,0x00,0x00,0x00,0x00,0x00,0x00,0x00,0x00,0x00,0x00,0x00,0x00,0x00,
  0x00,0x01,0x03,0x04,0x03,0x01,0x00,0x00,0x00,0x00,0x00,0x00,0x00,0x00,0x00,0x00,0x00,0x00,0x00,0x00,0x00,0x00,0x00,0x00,
  0x00,0x00,0x00,0x00,0x00,0x00,0x00,0x00,0x00,0x00,0x00,0x00,0x00,0x00,0x00,0x00,0x00,0x00,0x00,0x00,0x00,0x04,0x04,0x04,
  0x04,0x04,0x04,0x04,0x01,0x00,0x00,0x00,0x00,0x00,0x00,0x00,0x00,0x00,0x00,0x00,0x00,0x00,0x00,0x00,0x00,0x00,0x00,0x00,
  0x00,0x00,0x00,0x03,0x04,0x04,0x04,0x04,0x03,0x02,0x00,0x00,0x00,0x00,0x00,0x00,0x00,0x00,0x00,0x00,0x00,0x00,0x00,0x00,
  0x00,0x00,0x00,0x00,0x00,0x00,0x00,0x00,0x00,0x00,0x00,0x00,0x00,0x00,0x00,0x00,0x00,0x00,0x00,0x00,0x00,0x00,0x00,0x00,
  0x00,0x00,0x00,0x00,0x00,0x00,0x00,0x00,0x00,0x00,0x00,0x00,0x00,0x00,0x00,0x00,0x00,0x00,0x00,0x00,0x00,0x00,0x00,0x00,
  0x00,0x00,0x01,0x00,0x00,0x00,0x00,0x00,0x00,0x00,0x00,0x00,0x00,0x01,0x00,0x5e,0x9d,0x1e,0x00,0x01,0x00,0x00,0x00,0x00,
  0x00,0x00,0x00,0x00,0x00,0x00,0x00,0x00,0x00,0x00,0x00,0x00,0x00,0x00,0x00,0x00,0x00,0x00,0x00,0x00,0x00,0x00,0x00,0x00,
  0x01,0x00,0x53,0xab,0x8b,0x00,0x01,0x00,0x00,0x00,0x00,0x00,0x00,0x00,0x00,0x00,0x00,0x00,0x00,0x00,0x00,0x00,0x00,0x00,
  0x00,0x00,0x00,0x00,0x00,0x00,0x00,0x00,0x00,0x00,0x00,0x00,0x00,0x00,0x00,0x00,0x00,0x00,0x00,0x00,0x00,0x00,0x03,0x00,
  0x00,0x00,0x00,0x00,0x03,0x00,0x00,0x00,0x00,0x00,0x00,0x00,0x00,0x00,0x00,0x00,0x00,0x00,0x00,0x00,0x00,0x00,0x00,0x00,
  0x00,0x00,0x00,0x00,0x00,0x00,0x00,0x00,0x00,0x00,0x00,0x00,0x00,0x00,0x00,0x00,0x00,0x00,0x00,0x00,0x00,0x00,0x00,0x00,
  0x00,0x00,0x00,0x01,0x64,0x9b,0x19,0x00,0x01,0x00,0x00,0x00,0x00,0x00,0x00,0x00,0x00,0x00,0x00,0x00,0x00,0x00,0x00,0x00,
  0x00,0x00,0x00,0x00,0x00,0x00,0x00,0x00,0x02,0x01,0x00,0x00,0x00,0x00,0x00,0x00,0x00,0x00,0x00,0x00,0x00,0x00,0x00,0x00,
  0x00,0x00,0x00,0x00,0x00,0x00,0x00,0x00,0x00,0x00,0x00,0x00,0x00,0x00,0x00,0x00,0x00,0x00,0x00,0x00,0x00,0x00,0x00,0x00,
  0x00,0x00,0x00,0x00,0x00,0x00,0x00,0x00,0x00,0x00,0x00,0x00,0x00,0x00,0x00,0x00,0x00,0x00,0x00,0x01,0x00,0x38,0x55,0x33,
  0x00,0x01,0x00,0x00,0x00,0x00,0x00,0x01,0x4a,0x55,0x21,0x00,0x15,0xff,0xff,0x98,0x00,0x04,0x00,0x00,0x00,0x01,0x01,0x01,
  0x00,0x00,0x00,0x00,0x00,0x01,0x01,0x00,0x01,0x01,0x00,0x00,0x00,0x00,0x00,0x01,0x01,0x00,0x00,0x00,0x00,0x04,0x01,0x6c,
  0xff,0xff,0xb9,0x00,0x02,0x00,0x00,0x00,0x01,0x01,0x01,0x00,0x00,0x00,0x00,0x00,0x01,0x01,0x01,0x00,0x01,0x01,0x01,0x00,
  0x00,0x00,0x00,0x00,0x00,0x00,0x00,0x01,0x01,0x01,0x00,0x00,0x00,0x00,0x00,0x00,0x00,0x00,0x00,0x01,0x00,0x09,0x39,0x50,
  0x46,0x1a,0x00,0x00,0x00,0x00,0x00,0x00,0x00,0x00,0x01,0x01,0x00,0x00,0x00,0x00,0x00,0x00,0x01,0x01,0x00,0x00,0x01,0x01,
  0x00,0x00,0x00,0x00,0x01,0x01,0x01,0x00,0x00,0x00,0x00,0x00,0x00,0x00,0x01,0x00,0x09,0x53,0x55,0x51,0x51,0x51,0x51,0x52,
  0x12,0x14,0xff,0xff,0x8d,0x00,0x04,0x00,0x00,0x00,0x01,0x01,0x01,0x00,0x00,0x00,0x00,0x00,0x00,0x00,0x00,0x00,0x00,0x44,
  0x55,0x51,0x51,0x51,0x4c,0x26,0x00,0x00,0x00,0x00,0x01,0x01,0x01,0x00,0x01,0x01,0x00,0x00,0x00,0x00,0x01,0x01,0x01,0x00,
  0x00,0x01,0x01,0x00,0x00,0x01,0x01,0x01,0x00,0x01,0x01,0x01,0x00,0x00,0x00,0x00,0x00,0x00,0x00,0x00,0x01,0x01,0x01,0x00,
  0x00,0x00,0x00,0x00,0x00,0x00,0x00,0x01,0x01,0x01,0x00,0x00,0x00,0x00,0x00,0x00,0x00,0x04,0x00,0xb6,0xff,0xe5,0x0c,0x01,
  0x01,0x00,0x00,0x03,0x01,0x3a,0xff,0xff,0x66,0x00,0x08,0xa1,0xdd,0x49,0x00,0x03,0x00,0x03,0x01,0x00,0x00,0x00,0x04,0x01,
  0x00,0x00,0x00,0x00,0x00,0x03,0x00,0x00,0x00,0x00,0x01,0x03,0x00,0x00,0x00,0x01,0x03,0x00,0x00,0x00,0x00,0xcd,0xfd,0x72,
  0x08,0x02,0x00,0x00,0x03,0x02,0x00,0x00,0x00,0x04,0x01,0x00,0x00,0x00,0x00,0x00,0x00,0x03,0x00,0x00,0x00,0x03,0x01,0x00,
  0x00,0x00,0x00,0x02,0x03,0x00,0x00,0x00,0x04,0x01,0x00,0x00,0x00,0x00,0x00,0x00,0x02,0x00,0x56,0xdd,0xff,0xff,0xff,0xf0,
  0x87,0x03,0x02,0x01,0x00,0x01,0x03,0x00,0x00,0x00,0x01,0x03,0x00,0x00,0x00,0x00,0x00,0x00,0x03,0x00,0x00,0x00,0x03,0x01,
  0x00,0x03,0x00,0x00,0x00,0x03,0x01,0x00,0x00,0x00,0x00,0x00,0x02,0x00,0x1d,0xff,0xff,0xff,0xff,0xff,0xff,0xff,0x47,0x02,
  0xab,0xdc,0x42,0x00,0x03,0x00,0x03,0x02,0x00,0x00,0x00,0x04,0x01,0x00,0x00,0x00,0x00,0x00,0x00,0x01,0x00,0xdb,0xff,0xff,
  0xff,0xff,0xff,0xfe,0xa5,0x0d,0x01,0x01,0x00,0x00,0x00,0x03,0x00,0x00,0x00,0x00,0x01,0x03,0x00,0x00,0x00,0x03,0x00,0x00,
  0x00,0x00,0x00,0x00,0x00,0x00,0x03,0x00,0x00,0x00,0x04,0x01,0x00,0x00,0x00,0x00,0x03,0x02,0x00,0x00,0x00,0x04,0x01,0x00,
  0x00,0x00,0x00,0x02,0x03,0x00,0x00,0x00,0x03,0x02,0x00,0x00,0x00,0x00,0x00,0x04,0x00,0xaa,0xfb,0xff,0x62,0x00,0x04,0x00,
  0x00,0x02,0x00,0xa8,0xfd,0xfb,0x5f,0x00,0x02,0x09,0x1b,0x00,0x00,0x00,0x02,0x00,0x00,0x0a,0x0c,0x00,0x00,0x00,0x01,0x00,
  0x07,0x10,0x0a,0x00,0x03,0x09,0x00,0x01,0x00,0x00,0x00,0x0c,0x0a,0x00,0x00,0x01,0x01,0x02,0x12,0xdb,0xff,0x32,0x07,0x02,
  0x00,0x02,0x00,0x00,0x09,0x0c,0x00,0x00,0x00,0x01,0x00,0x00,0x08,0x10,0x06,0x00,0x00,0x0d,0x04,0x00,0x00,0x00,0x00,0x00,
  0x02,0x00,0x00,0x07,0x0d,0x02,0x00,0x00,0x01,0x00,0x00,0x00,0x00,0x03,0x00,0x36,0xff,0xff,0xa1,0x6c,0x9e,0xff,0xff,0x80,
  0x00,0x03,0x01,0x00,0x00,0x00,0x0b,0x0b,0x00,0x00,0x01,0x00,0x00,0x05,0x10,0x0b,0x00,0x00,0x0d,0x07,0x00,0x00,0x02,0x00,
  0x00,0x0d,0x07,0x00,0x00,0x01,0x00,0x00,0x00,0x00,0x02,0x00,0x1a,0xf8,0xf3,0x76,0x69,0x6b,0x6a,0x6c,0x1c,0x00,0x0c,0x1a,
  0x00,0x00,0x00,0x02,0x00,0x00,0x09,0x0c,0x00,0x00,0x00,0x01,0x00,0x00,0x00,0x00,0x00,0x01,0x00,0xc9,0xfb,0x90,0x68,0x6b,
  0x85,0xea,0xff,0x93,0x00,0x03,0x08,0x10,0x08,0x00,0x05,0x08,0x00,0x02,0x00,0x00,0x05,0x0d,0x00,0x00,0x02,0x10,0x0d,0x00,
  0x00,0x09,0x10,0x05,0x00,0x01,0x0d,0x03,0x00,0x00,0x00,0x00,0x00,0x02,0x00,0x00,0x09,0x0c,0x01,0x00,0x00,0x01,0x00,0x00,
  0x02,0x00,0x00,0x07,0x0d,0x03,0x00,0x00,0x02,0x00,0x00,0x00,0x00,0x04,0x00,0xac,0xff,0xff,0xce,0x03,0x01,0x01,0x02,0x00,
  0x23,0xf6,0xfe,0xff,0x61,0x00,0x01,0xb9,0xec,0x41,0x00,0x05,0x00,0x52,0xbb,0xf1,0xf6,0xcc,0x76,0x06,0x02,0x00,0x63,0xef,
  0x8f,0x51,0xd9,0x86,0x00,0x02,0x04,0x6f,0xc9,0xf6,0xf2,0xbe,0x5a,0x00,0x00,0x2a,0xfc,0xfe,0xfd,0xfe,0xd6,0x01,0x02,0x00,
  0x4e,0xb6,0xee,0xf8,0xcf,0x7b,0x0c,0x00,0x05,0x00,0x7c,0xef,0x84,0x6e,0xdd,0xf8,0xd5,0x84,0x0a,0x01,0x01,0x02,0x00,0x38,
  0xa8,0xe8,0xfa,0xd9,0x89,0x15,0x00,0x01,0x00,0x00,0x00,0x04,0x00,0x8c,0xff,0x94,0x00,0x00,0x00,0x76,0xec,0xca,0x05,0x01,
  0x01,0x02,0x6c,0xc8,0xf6,0xf4,0xc1,0x5b,0x00,0x05,0x00,0x4d,0xef,0xa9,0x59,0xd2,0xf8,0xdf,0x96,0x16,0x00,0x66,0xd4,0xf9,
  0xde,0x95,0x16,0x00,0x01,0x00,0x00,0x00,0x02,0x00,0x1a,0xfd,0xef,0x07,0x00,0x00,0x00,0x00,0x00,0x00,0xc1,0xec,0x39,0x00,
  0x05,0x00,0x46,0xb0,0xec,0xf9,0xd2,0x82,0x11,0x00,0x01,0x00,0x00,0x00,0x00,0x01,0x00,0xcb,0xff,0x3b,0x00,0x00,0x00,0x4b,
  0xfb,0xda,0x07,0x00,0x79,0xef,0x7d,0x5c,0xde,0x71,0x00,0x00,0x16,0x8f,0xdc,0xf9,0xdc,0x6e,0x36,0xef,0xc4,0x05,0x00,0x86,
  0xef,0x7d,0x72,0xdf,0xf7,0xd3,0x7f,0x08,0x01,0x01,0x02,0x00,0x41,0xb0,0xec,0xf8,0xd4,0x86,0x10,0x00,0x01,0x02,0x00,0x34,
  0xa4,0xe6,0xfa,0xda,0x8f,0x1d,0x00,0x01,0x00,0x00,0x00,0x04,0x00,0xac,0xff,0xf0,0xff,0x46,0x00,0x03,0x04,0x00,0x8d,0xff,
  0xf0,0xff,0x61,0x00,0x00,0xc9,0xff,0x45,0x00,0x00,0x78,0xff,0xff,0xd4,0xca,0xff,0xff,0xae,0x05,0x00,0x6f,0xff,0xe7,0xff,
  0xfe,0x87,0x00,0x0a,0xb6,0xff,0xff,0xca,0xd3,0xff,0xff,0x95,0x00,0x21,0xc5,0xf6,0xfe,0xcf,0xa2,0x03,0x00,0x7c,0xff,0xff,
  0xd6,0xc8,0xfe,0xff,0xc9,0x13,0x04,0x00,0x89,0xff,0xf5,0xff,0xd5,0xce,0xff,0xff,0xb1,0x03,0x03,0x00,0x52,0xfb,0xff,0xdf,
  0xc5,0xf0,0xff,0xd6,0x1b,0x01,0x02,0x00,0x00,0x04,0x00,0x92,0xfd,0x89,0x00,0x00,0x01,0x02,0x12,0x0e,0x02,0x02,0x04,0xaa,
  0xff,0xff,0xcc,0xd1,0xff,0xff,0x89,0x00,0x00,0x57,0xff,0xf4,0xff,0xdf,0xc8,0xfd,0xff,0xc4,0x8a,0xff,0xdc,0xc8,0xfe,0xff,
  0xd1,0x0e,0x01,0x01,0x00,0x00,0x02,0x00,0x1a,0xfd,0xf0,0x11,0x00,0x00,0x00,0x04,0x01,0x00,0xd2,0xff,0x3c,0x00,0x00,0x6f,
  0xff,0xff,0xd9,0xc7,0xfb,0xff,0xd1,0x1a,0x01,0x02,0x00,0x00,0x00,0x01,0x00,0xcb,0xff,0x3b,0x00,0x00,0x00,0x3c,0xff,0xcd,
  0x03,0x00,0x86,0xff,0xe7,0xff,0xfb,0x73,0x00,0x1d,0xd7,0xff,0xfe,0xc8,0xdc,0xff,0xd6,0xff,0xd7,0x06,0x00,0x94,0xff,0xf6,
  0xff,0xd3,0xd0,0xff,0xff,0xa8,0x01,0x04,0x00,0x5c,0xff,0xff,0xda,0xc6,0xfa,0xff,0xc8,0x0d,0x02,0x00,0x52,0xf8,0xff,0xe2,
  0xc4,0xf2,0xff,0xe4,0x2d,0x00,0x02,0x00,0x00,0x04,0x00,0xab,0xff,0x95,0xf9,0xbb,0x00,0x03,0x01,0x10,0xf1,0xce,0xb4,0xff,
  0x5e,0x00,0x00,0xc4,0xfe,0x46,0x00,0x34,0xff,0xf4,0x50,0x00,0x00,0x34,0xe4,0xff,0x6a,0x00,0x71,0xfe,0xff,0x7b,0x1a,0x0d,
  0x00,0x7f,0xff,0xcf,0x2b,0x00,0x00,0x45,0xea,0xff,0x54,0x00,0x01,0xd9,0xff,0x29,0x00,0x00,0x3d,0xff,0xf3,0x51,0x00,0x00,
  0x23,0xc3,0xff,0x99,0x00,0x00,0x86,0xfe,0xf7,0x4e,0x00,0x00,0x4c,0xf2,0xff,0x45,0x00,0x17,0xeb,0xfc,0x64,0x00,0x00,0x0d,
  0x8f,0xff,0xa1,0x00,0x03,0x00,0x00,0x03,0x00,0x47,0xff,0xff,0x8b,0x31,0x05,0x00,0x00,0x00,0x03,0x00,0x65,0xff,0xcf,0x28,
  0x00,0x00,0x2e,0xd6,0xff,0x42,0x00,0x57,0xfe,0xff,0x75,0x01,0x00,0x2f,0xe0,0xff,0xff,0x6f,0x00,0x00,0x31,0xe0,0xff,0x6c,
  0x00,0x04,0x00,0x00,0x02,0x00,0x1a,0xfd,0xf2,0x33,0x20,0x22,0x1f,0x05,0x00,0x00,0xcd,0xfe,0x3d,0x00,0x34,0xfe,0xf7,0x5a,
  0x02,0x00,0x1f,0xba,0xff,0xa8,0x00,0x02,0x00,0x00,0x00,0x01,0x00,0xcc,0xff,0x7f,0x51,0x53,0x6b,0xdb,0xf2,0x53,0x00,0x00,
  0x83,0xfe,0xfc,0x6b,0x17,0x0a,0x00,0xa1,0xff,0xca,0x29,0x00,0x00,0x58,0xfd,0xfe,0xd1,0x06,0x00,0x91,0xfe,0xf4,0x46,0x00,
  0x00,0x53,0xf5,0xff,0x3c,0x00,0x1d,0xf0,0xfd,0x67,0x02,0x00,0x23,0xd1,0xff,0x88,0x00,0x1c,0xee,0xff,0x73,0x07,0x00,0x15,
  0xa1,0xff,0xc9,0x04,0x01,0x01,0x00,0x04,0x00,0xa9,0xff,0x59,0xa8,0xff,0x2b,0x01,0x00,0x6a,0xff,0x5a,0x9e,0xff,0x5d,0x00,
  0x00,0xc5,0xff,0x47,0x00,0x8c,0xff,0x96,0x00,0x03,0x02,0x00,0x28,0x4a,0x30,0x00,0x6c,0xff,0xc5,0x00,0x00,0x00,0x09,0xde,
  0xfd,0x41,0x00,0x04,0x03,0x00,0x6d,0xfd,0xba,0x00,0x0a,0xda,0xff,0x30,0x01,0x00,0x9d,0xfe,0x86,0x00,0x02,0x03,0x00,0x2c,
  0xf7,0xf2,0x1a,0x00,0x86,0xff,0xa9,0x00,0x02,0x03,0x00,0xa9,0xfe,0x7d,0x00,0x62,0xff,0xb9,0x03,0x0d,0x10,0x08,0x16,0xed,
  0xf2,0x13,0x00,0x01,0x00,0x00,0x02,0x00,0x63,0xe0,0xff,0xff,0xe3,0x94,0x36,0x00,0x02,0x00,0xc2,0xfd,0x58,0x04,0x11,0x11,
  0x03,0x69,0xfb,0x9a,0x00,0x57,0xff,0xd4,0x00,0x00,0x05,0x00,0x79,0xfe,0xce,0x00,0x00,0x05,0x00,0x7d,0xfd,0xa5,0x00,0x03,
  0x00,0x00,0x02,0x00,0x1b,0xf9,0xff,0xff,0xff,0xff,0xff,0x24,0x00,0x02,0xce,0xff,0x3f,0x00,0x91,0xff,0x94,0x00,0x02,0x03,
  0x00,0x1f,0xf2,0xf9,0x20,0x00,0x02,0x00,0x00,0x01,0x00,0xcd,0xff,0xff,0xff,0xff,0xff,0xff,0x75,0x00,0x07,0x00,0x81,0xff,
  0xb2,0x00,0x00,0x00,0x16,0xf0,0xfa,0x33,0x00,0x04,0x02,0x00,0x88,0xff,0xcf,0x06,0x00,0x8f,0xff,0x9f,0x00,0x03,0x02,0x00,
  0xb2,0xfe,0x74,0x00,0x6c,0xff,0xb6,0x00,0x01,0x03,0x00,0x1d,0x49,0x39,0x00,0x6c,0xff,0xb6,0x00,0x00,0x03,0x00,0x08,0xe0,
  0xff,0x3b,0x00,0x03,0x00,0x04,0x00,0xa9,0xff,0x56,0x34,0xff,0x9a,0x00,0x08,0xdc,0xf0,0x06,0xac,0xff,0x5d,0x00,0x00,0xc5,
  0xff,0x47,0x00,0xb4,0xfe,0x5d,0x02,0x05,0x00,0x02,0x00,0x00,0x00,0x00,0x6a,0xff,0xa1,0x02,0x06,0x00,0x1f,0xfd,0xed,0x12,
  0x02,0x02,0x03,0x03,0x2d,0xff,0xdf,0x05,0x04,0xdb,0xff,0x2f,0x00,0x00,0xc7,0xff,0x46,0x03,0x04,0x01,0x02,0x02,0xd8,0xff,
  0x3b,0x00,0x86,0xff,0x87,0x02,0x05,0x05,0x02,0x88,0xff,0x87,0x00,0x8e,0xfe,0xf7,0xff,0xfd,0xfc,0xfd,0xfc,0xff,0xff,0x30,
  0x00,0x02,0x00,0x00,0x00,0x03,0x00,0x0c,0x43,0x8a,0xd5,0xff,0xfe,0x65,0x00,0x0b,0xe5,0xff,0xfa,0xff,0xfd,0xfd,0xfe,0xfd,
  0xff,0xc8,0x00,0x54,0xff,0xb6,0x01,0x02,0x04,0x02,0x57,0xff,0xb2,0x01,0x03,0x04,0x02,0x5c,0xff,0xae,0x00,0x02,0x00,0x00,
  0x02,0x00,0x1b,0xfa,0xfa,0xb2,0xab,0xac,0xa6,0x18,0x00,0x01,0xce,0xff,0x3d,0x00,0xbd,0xfe,0x54,0x03,0x04,0x00,0x02,0x00,
  0xcb,0xff,0x43,0x00,0x03,0x00,0x00,0x01,0x00,0xcc,0xff,0x91,0x68,0x6b,0x7e,0xdb,0xf8,0x67,0x00,0x00,0x80,0xff,0x8c,0x03,
  0x08,0x00,0x31,0xff,0xdc,0x06,0x02,0x01,0x04,0x03,0x3f,0xff,0xd0,0x05,0x00,0x8e,0xff,0x7e,0x02,0x05,0x05,0x02,0x92,0xff,
  0x7d,0x00,0x94,0xfe,0x7c,0x02,0x05,0x00,0x02,0x00,0x00,0x00,0x00,0x97,0xfe,0x75,0x02,0x05,0x00,0x04,0x00,0xa8,0xfe,0x64,
  0x00,0x04,0x00,0x04,0x00,0xa9,0xff,0x64,0x00,0xd7,0xf7,0x0a,0x47,0xff,0x8d,0x00,0xb4,0xff,0x5d,0x00,0x00,0xc5,0xff,0x47,
  0x00,0xb4,0xfe,0x5d,0x02,0x05,0x00,0x02,0x00,0x00,0x00,0x00,0x6a,0xff,0xa0,0x00,0x05,0x00,0x1f,0xfd,0xee,0x13,0x02,0x02,
  0x03,0x03,0x2d,0xff,0xde,0x05,0x04,0xdb,0xff,0x2f,0x00,0x00,0xc7,0xff,0x48,0x03,0x04,0x01,0x02,0x02,0xd9,0xff,0x3b,0x00,
  0x86,0xff,0x88,0x00,0x04,0x04,0x00,0x89,0xff,0x87,0x00,0x8c,0xfe,0xe0,0xc2,0xc5,0xc3,0xc4,0xc3,0xb9,0xb7,0x20,0x00,0x02,
  0x00,0x00,0x00,0x00,0x00,0x00,0x00,0x00,0x00,0x6a,0xfd,0xee,0x0d,0x06,0xe6,0xff,0xcd,0xc3,0xc4,0xc3,0xc5,0xbc,0xb9,0x89,
  0x00,0x54,0xff,0xb7,0x00,0x02,0x04,0x00,0x57,0xff,0xb2,0x00,0x02,0x04,0x00,0x5c,0xff,0xae,0x00,0x02,0x00,0x00,0x02,0x00,
  0x1a,0xfd,0xef,0x05,0x00,0x00,0x00,0x00,0x00,0x00,0xce,0xff,0x3d,0x00,0xbd,0xfe,0x55,0x03,0x04,0x00,0x03,0x00,0xcc,0xff,
  0x43,0x00,0x03,0x00,0x00,0x01,0x00,0xcb,0xff,0x38,0x00,0x00,0x00,0x22,0xf2,0xf4,0x1b,0x00,0x81,0xff,0x8b,0x00,0x06,0x00,
  0x30,0xff,0xde,0x07,0x02,0x01,0x04,0x03,0x40,0xff,0xd0,0x05,0x00,0x8e,0xff,0x7e,0x00,0x04,0x04,0x00,0x93,0xff,0x7d,0x00,
  0x93,0xfe,0x7d,0x02,0x05,0x00,0x02,0x00,0x00,0x00,0x00,0x97,0xfe,0x76,0x02,0x05,0x00,0x05,0x00,0xa9,0xfe,0x63,0x00,0x04,
  0x00,0x04,0x00,0xa9,0xff,0x68,0x01,0x65,0xff,0x77,0xb2,0xfb,0x24,0x01,0xb2,0xff,0x5d,0x00,0x00,0xc5,0xff,0x47,0x00,0x8b,
  0xff,0x97,0x00,0x03,0x02,0x00,0x27,0x4b,0x31,0x00,0x6b,0xff,0xa0,0x00,0x04,0x00,0x09,0xde,0xfd,0x3e,0x00,0x04,0x03,0x00,
  0x72,0xfe,0xb7,0x00,0x08,0xda,0xff,0x2f,0x00,0x00,0x9d,0xfe,0x84,0x00,0x03,0x03,0x00,0x2f,0xf8,0xf1,0x19,0x00,0x85,0xff,
  0x88,0x00,0x04,0x04,0x00,0x89,0xff,0x86,0x00,0x5f,0xff,0xb6,0x00,0x00,0x00,0x00,0x00,0x16,0x16,0x00,0x00,0x00,0x00,0x02,
  0x00,0x4e,0x88,0x4b,0x00,0x08,0x00,0x00,0xed,0xff,0x27,0x00,0xc2,0xfd,0x4e,0x00,0x00,0x00,0x00,0x0a,0x18,0x10,0x00,0x53,
  0xff,0xb7,0x00,0x02,0x04,0x00,0x57,0xff,0xb2,0x00,0x02,0x04,0x00,0x5c,0xff,0xae,0x00,0x02,0x00,0x00,0x02,0x00,0x1a,0xfd,
  0xf0,0x18,0x04,0x05,0x04,0x01,0x00,0x00,0xce,0xff,0x3f,0x00,0x92,0xff,0x93,0x00,0x02,0x03,0x00,0x22,0xf3,0xf8,0x1e,0x00,
  0x02,0x00,0x00,0x01,0x00,0xcb,0xff,0x48,0x05,0x08,0x04,0x00,0xd2,0xff,0x42,0x00,0x83,0xff,0x8b,0x00,0x05,0x00,0x13,0xed,
  0xfb,0x39,0x00,0x04,0x02,0x00,0x88,0xff,0xcf,0x06,0x00,0x8e,0xff,0x7e,0x00,0x04,0x04,0x00,0x93,0xff,0x7d,0x00,0x6b,0xff,
  0xb7,0x00,0x01,0x03,0x00,0x1c,0x4a,0x3a,0x00,0x6d,0xff,0xb4,0x00,0x00,0x03,0x00,0x0b,0xe2,0xff,0x39,0x00,0x03,0x00,0x04,
  0x00,0xa8,0xfe,0x65,0x00,0x0f,0xe5,0xf6,0xff,0xab,0x00,0x00,0xb0,0xfe,0x5d,0x00,0x00,0xc4,0xfe,0x46,0x00,0x32,0xfe,0xf5,
  0x50,0x00,0x00,0x2f,0xe2,0xff,0x64,0x00,0x6d,0xfe,0x9f,0x00,0x03,0x04,0x00,0x80,0xff,0xcd,0x28,0x00,0x00,0x49,0xee,0xff,
  0x4e,0x00,0x09,0xd9,0xfe,0x2f,0x00,0x00,0x3e,0xff,0xf1,0x4d,0x00,0x00,0x28,0xc8,0xff,0x93,0x00,0x00,0x83,0xfe,0x87,0x00,
  0x04,0x04,0x00,0x88,0xfe,0x83,0x00,0x15,0xe8,0xff,0x73,0x08,0x00,0x14,0xa4,0xfe,0x9d,0x00,0x03,0x00,0x00,0x04,0x00,0x78,
  0xff,0xe2,0x27,0x00,0x01,0x65,0xfd,0xe5,0x0f,0x00,0x60,0xff,0xda,0x35,0x00,0x00,0x3b,0xe0,0xfc,0x42,0x00,0x55,0xfe,0xb6,
  0x00,0x02,0x04,0x00,0x57,0xfe,0xb1,0x00,0x02,0x04,0x00,0x5c,0xfe,0xad,0x00,0x02,0x00,0x00,0x02,0x00,0x1a,0xfc,0xef,0x15,
  0x00,0x01,0x00,0x01,0x00,0x00,0xcd,0xfe,0x3d,0x00,0x35,0xff,0xf6,0x56,0x01,0x00,0x21,0xbf,0xff,0xa1,0x00,0x02,0x00,0x00,
  0x00,0x01,0x00,0xca,0xfe,0x3e,0x00,0x00,0x00,0x4c,0xf4,0xfd,0x29,0x00,0x81,0xfe,0x8a,0x00,0x04,0x03,0x00,0x98,0xff,0xce,
  0x2c,0x00,0x00,0x58,0xfd,0xfe,0xd1,0x06,0x00,0x8d,0xfe,0x7d,0x00,0x04,0x04,0x00,0x92,0xfe,0x7a,0x00,0x1d,0xef,0xfe,0x67,
  0x02,0x00,0x20,0xce,0xff,0x82,0x00,0x1e,0xf0,0xff,0x6f,0x05,0x00,0x18,0xa7,0xff,0xc3,0x03,0x02,0x00,0x00,0x04,0x00,0xac,
  0xff,0x66,0x00,0x00,0x80,0xff,0xff,0x3a,0x01,0x00,0xb3,0xff,0x5f,0x00,0x00,0xc8,0xff,0x45,0x00,0x00,0x75,0xff,0xff,0xd4,
  0xc9,0xff,0xff,0xa2,0x02,0x00,0x6c,0xff,0xa3,0x00,0x03,0x01,0x02,0x0a,0xba,0xff,0xff,0xc9,0xd5,0xff,0xff,0x89,0x00,0x01,
  0x06,0xde,0xff,0x30,0x00,0x04,0x00,0x7f,0xff,0xff,0xd4,0xc9,0xff,0xff,0xc0,0x0e,0x04,0x00,0x86,0xff,0x8a,0x00,0x04,0x04,
  0x00,0x8b,0xff,0x85,0x00,0x00,0x4a,0xf7,0xff,0xe1,0xc5,0xf0,0xff,0xd9,0x1d,0x01,0x02,0x00,0x00,0x01,0x01,0x0d,0xc8,0xff,
  0xfc,0xc6,0xd5,0xff,0xff,0x60,0x00,0x03,0x02,0xa1,0xff,0xff,0xce,0xd0,0xff,0xff,0x8b,0x00,0x00,0x54,0xff,0xba,0x00,0x02,
  0x04,0x00,0x58,0xff,0xb5,0x00,0x02,0x04,0x00,0x5e,0xff,0xb1,0x00,0x02,0x00,0x00,0x02,0x00,0x1a,0xff,0xf4,0x15,0x00,0x01,
  0x00,0x01,0x00,0x00,0xd1,0xff,0x3c,0x00,0x00,0x73,0xff,0xff,0xd7,0xc8,0xfe,0xff,0xc9,0x14,0x01,0x02,0x00,0x00,0x00,0x01,
  0x00,0xd0,0xff,0xd3,0xc1,0xc2,0xcf,0xff,0xff,0x96,0x00,0x00,0x82,0xff,0x8d,0x00,0x04,0x02,0x02,0x16,0xd3,0xff,0xff,0xc9,
  0xdb,0xff,0xd2,0xff,0xd7,0x06,0x00,0x90,0xff,0x80,0x00,0x04,0x04,0x00,0x95,0xff,0x7b,0x00,0x00,0x59,0xfd,0xff,0xda,0xc5,
  0xf9,0xff,0xbc,0x08,0x03,0x00,0x56,0xfa,0xff,0xdf,0xc5,0xf5,0xff,0xdc,0x26,0x00,0x02,0x00,0x00,0x04,0x00,0x9f,0xf0,0x5e,
  0x00,0x01,0x1a,0xeb,0xba,0x00,0x04,0x00,0xa6,0xf0,0x58,0x00,0x00,0xba,0xf0,0x40,0x00,0x05,0x00,0x50,0xbb,0xf2,0xf8,0xcb,
  0x6f,0x01,0x03,0x00,0x64,0xf0,0x97,0x00,0x03,0x00,0x01,0x00,0x06,0x74,0xcd,0xf9,0xf1,0xb8,0x52,0x00,0x02,0x00,0x06,0xcd,
  0xf0,0x2c,0x00,0x03,0x02,0x00,0x52,0xbb,0xf2,0xf8,0xcb,0x73,0x07,0x00,0x05,0x00,0x7c,0xf0,0x80,0x00,0x04,0x04,0x00,0x81,
  0xf0,0x7b,0x00,0x06,0x00,0x32,0xa4,0xe8,0xfb,0xdb,0x8d,0x14,0x00,0x01,0x00,0x00,0x00,0x00,0x01,0x00,0x10,0x85,0xd3,0xfa,
  0xf1,0xb9,0x4c,0x00,0x02,0x01,0x01,0x00,0x66,0xc6,0xf6,0xf5,0xc3,0x5d,0x00,0x04,0x00,0x4d,0xf0,0xac,0x00,0x02,0x04,0x00,
  0x52,0xf0,0xa8,0x00,0x02,0x04,0x00,0x57,0xf0,0xa4,0x00,0x02,0x00,0x00,0x02,0x00,0x18,0xee,0xe2,0x14,0x00,0x01,0x00,0x01,
  0x00,0x00,0xc2,0xf0,0x38,0x00,0x05,0x00,0x4a,0xb6,0xf0,0xf9,0xce,0x7a,0x0c,0x00,0x01,0x00,0x00,0x00,0x00,0x01,0x00,0xc1,
  0xf0,0xf8,0xfd,0xfd,0xf8,0xcd,0x72,0x02,0x04,0x00,0x79,0xf0,0x83,0x00,0x04,0x00,0x01,0x00,0x14,0x8f,0xdd,0xfa,0xdb,0x6b,
  0x34,0xf0,0xc5,0x05,0x00,0x86,0xf0,0x77,0x00,0x04,0x04,0x00,0x8a,0xf0,0x72,0x00,0x05,0x00,0x3e,0xaf,0xed,0xfa,0xd3,0x7d,
  0x0a,0x00,0x01,0x02,0x00,0x38,0xa9,0xea,0xfb,0xd7,0x88,0x17,0x00,0x01,0x00,0x00,0x00,0x00,0x00,0x0a,0x10,0x06,0x00,0x00,
  0x00,0x0d,0x06,0x00,0x01,0x00,0x0b,0x10,0x06,0x00,0x00,0x0c,0x10,0x04,0x00,0x00,0x02,0x00,0x00,0x0a,0x0c,0x00,0x00,0x00,
  0x01,0x00,0x06,0x10,0x0a,0x00,0x00,0x00,0x00,0x01,0x00,0x00,0x00,0x0c,0x09,0x00,0x00,0x02,0x00,0x00,0x00,0x0d,0x10,0x03,
  0x00,0x00,0x00,0x02,0x00,0x00,0x0a,0x0c,0x00,0x00,0x00,0x01,0x00,0x00,0x08,0x10,0x08,0x00,0x00,0x00,0x00,0x08,0x10,0x08,
  0x00,0x00,0x02,0x00,0x00,0x07,0x0c,0x03,0x00,0x00,0x01,0x00,0x00,0x00,0x00,0x00,0x00,0x01,0x00,0x00,0x00,0x0c,0x0a,0x00,
  0x00,0x02,0x00,0x00,0x00,0x01,0x00,0x00,0x0b,0x0b,0x00,0x00,0x01,0x01,0x00,0x05,0x10,0x0b,0x00,0x00,0x00,0x00,0x05,0x10,
  0x0b,0x00,0x00,0x00,0x00,0x06,0x10,0x0b,0x00,0x00,0x00,0x00,0x00,0x00,0x02,0x0f,0x0f,0x01,0x00,0x00,0x00,0x00,0x00,0x00,
  0x0d,0x10,0x04,0x00,0x00,0x02,0x00,0x00,0x09,0x0c,0x00,0x00,0x00,0x01,0x00,0x00,0x00,0x00,0x00,0x00,0x00,0x0c,0x10,0x0d,
  0x0c,0x0d,0x0c,0x00,0x00,0x00,0x01,0x00,0x08,0x10,0x08,0x00,0x00,0x00,0x00,0x01,0x00,0x00,0x06,0x0d,0x00,0x00,0x03,0x10,
  0x0c,0x00,0x00,0x09,0x10,0x08,0x00,0x00,0x00,0x00,0x09,0x10,0x07,0x00,0x00,0x02,0x00,0x00,0x09,0x0c,0x00,0x00,0x00,0x01,
  0x00,0x00,0x02,0x00,0x00,0x08,0x0c,0x01,0x00,0x00,0x02,0x00,0x00,0x00,0x00,0x00,0x00,0x00,0x00,0x00,0x00,0x00,0x01,0x00,
  0x00,0x00,0x00,0x00,0x00,0x00,0x00,0x00,0x00,0x00,0x00,0x00,0x00,0x00,0x00,0x03,0x02,0x00,0x00,0x00,0x04,0x01,0x00,0x00,
  0x00,0x00,0x00,0x00,0x00,0x00,0x00,0x00,0x01,0x04,0x00,0x00,0x00,0x02,0x03,0x00,0x00,0x00,0x00,0x00,0x00,0x00,0x00,0x00,
  0x00,0x00,0x03,0x02,0x00,0x00,0x00,0x04,0x01,0x00,0x00,0x00,0x00,0x00,0x00,0x00,0x00,0x00,0x00,0x00,0x00,0x00,0x00,0x00,
  0x00,0x02,0x03,0x00,0x00,0x00,0x04,0x01,0x00,0x00,0x00,0x00,0x00,0x00,0x00,0x00,0x01,0x04,0x00,0x00,0x00,0x02,0x03,0x00,
  0x00,0x00,0x00,0x00,0x04,0x01,0x00,0x00,0x01,0x03,0x00,0x00,0x00,0x00,0x00,0x00,0x00,0x00,0x00,0x00,0x00,0x00,0x00,0x00,
  0x00,0x00,0x00,0x00,0x00,0x00,0x00,0x00,0x00,0x00,0x00,0x00,0x00,0x00,0x00,0x00,0x00,0x00,0x00,0x00,0x00,0x00,0x00,0x00,
  0x00,0x00,0x00,0x00,0x03,0x02,0x00,0x00,0x00,0x04,0x01,0x00,0x00,0x00,0x00,0x00,0x00,0x00,0x00,0x00,0x00,0x00,0x00,0x00,
  0x00,0x00,0x04,0x01,0x00,0x00,0x00,0x00,0x00,0x00,0x00,0x00,0x00,0x00,0x01,0x04,0x00,0x00,0x00,0x04,0x00,0x00,0x00,0x00,
  0x00,0x00,0x00,0x00,0x00,0x00,0x00,0x00,0x00,0x00,0x00,0x00,0x00,0x00,0x03,0x02,0x00,0x00,0x00,0x04,0x01,0x00,0x00,0x00,
  0x00,0x03,0x03,0x00,0x00,0x00,0x04,0x02,0x00,0x00,0x00,0x00,
};
const lv_img_dsc_t txt_ch_05 = {
  .header.cf = LV_IMG_CF_ALPHA_8BIT,
  .header.always_zero = 0,
  .header.reserved = 0,
  .header.w = 238,
  .header.h = 18,
  .data_size = 4284,
  .data = txt_ch_05_map,
};

static const uint8_t txt_ch_06_map[] = {
  0x00,0x00,0x00,0x00,0x00,0x00,0x00,0x00,0x00,0x00,0x00,0x00,0x00,0x00,0x00,0x00,0x00,0x00,0x00,0x03,0x04,0x01,0x00,0x00,
  0x00,0x00,0x00,0x00,0x00,0x00,0x00,0x00,0x00,0x00,0x00,0x00,0x00,0x00,0x00,0x00,0x00,0x00,0x00,0x00,0x00,0x00,0x00,0x00,
  0x00,0x00,0x00,0x00,0x00,0x00,0x03,0x03,0x01,0x00,0x00,0x00,0x00,0x00,0x00,0x00,0x00,0x00,0x00,0x00,0x00,0x00,0x00,0x00,
  0x00,0x00,0x00,0x00,0x00,0x00,0x00,0x00,0x00,0x00,0x00,0x00,0x00,0x00,0x00,0x00,0x00,0x00,0x00,0x00,0x00,0x00,0x00,0x00,
  0x00,0x00,0x00,0x00,0x00,0x00,0x00,0x00,0x00,0x00,0x00,0x00,0x00,0x00,0x00,0x00,0x00,0x00,0x00,0x00,0x00,0x00,0x00,0x00,
  0x00,0x00,0x00,0x00,0x00,0x00,0x00,0x00,0x00,0x00,0x00,0x00,0x00,0x00,0x00,0x00,0x00,0x00,0x00,0x00,0x00,0x00,0x00,0x00,
  0x00,0x00,0x00,0x00,0x00,0x00,0x00,0x00,0x03,0x04,0x01,0x00,0x00,0x00,0x00,0x00,0x00,0x00,0x00,0x00,0x00,0x00,0x00,0x00,
  0x00,0x00,0x00,0x00,0x00,0x00,0x00,0x00,0x00,0x00,0x00,0x00,0x00,0x00,0x00,0x00,0x00,0x00,0x00,0x00,0x00,0x00,0x00,0x00,
  0x00,0x00,0x00,0x00,0x00,0x00,0x00,0x00,0x00,0x00,0x00,0x00,0x00,0x01,0x04,0x03,0x00,0x00,0x00,0x00,0x00,0x00,0x02,0x04,
  0x02,0x00,0x00,0x00,0x00,0x00,0x00,0x00,0x00,0x03,0x04,0x01,0x00,0x00,0x00,0x00,0x00,0x00,0x00,0x00,0x00,0x00,0x00,0x00,
  0x00,0x00,0x00,0x00,0x00,0x00,0x00,0x00,0x00,0x00,0x00,0x00,0x00,0x00,0x00,0x00,0x00,0x00,0x00,0x00,0x00,0x00,0x00,0x00,
  0x01,0x00,0x00,0x00,0x00,0x00,0x00,0x00,0x00,0x00,0x00,0x00,0x00,0x00,0x00,0x00,0x00,0x00,0x00,0x00,0x00,0x00,0x00,0x00,
  0x00,0x00,0x00,0x00,0x00,0x00,0x00,0x00,0x00,0x00,0x00,0x00,0x00,0x00,0x00,0x00,0x00,0x00,0x00,0x00,0x00,0x00,0x01,0x03,
  0x04,0x03,0x01,0x00,0x00,0x00,0x00,0x00,0x00,0x00,0x00,0x00,0x00,0x00,0x00,0x00,0x00,0x00,0x00,0x00,0x00,0x00,0x00,0x00,
  0x00,0x00,0x00,0x00,0x00,0x00,0x00,0x00,0x00,0x00,0x00,0x00,0x00,0x00,0x00,0x00,0x00,0x01,0x04,0x04,0x04,0x04,0x04,0x04,
  0x04,0x01,0x00,0x00,0x00,0x00,0x00,0x00,0x00,0x00,0x00,0x00,0x00,0x00,0x00,0x00,0x00,0x00,0x00,0x00,0x00,0x00,0x00,0x00,
  0x00,0x00,0x00,0x01,0x04,0x04,0x01,0x00,0x00,0x00,0x00,0x00,0x00,0x00,0x00,0x00,0x00,0x00,0x00,0x00,0x00,0x00,0x00,0x00,
  0x00,0x00,0x00,0x00,0x00,0x00,0x00,0x00,0x00,0x00,0x00,0x00,0x00,0x00,0x00,0x00,0x00,0x00,0x00,0x00,0x01,0x00,0x00,0x00,
  0x00,0x00,0x00,0x00,0x00,0x00,0x00,0x01,0x00,0x5f,0x9c,0x1d,0x00,0x01,0x00,0x00,0x00,0x00,0x00,0x00,0x00,0x00,0x00,0x00,
  0x00,0x00,0x00,0x00,0x00,0x00,0x00,0x00,0x00,0x00,0x00,0x00,0x00,0x00,0x00,0x00,0x00,0x00,0x01,0x00,0x55,0xad,0x88,0x00,
  0x01,0x00,0x00,0x00,0x00,0x00,0x00,0x00,0x00,0x00,0x00,0x00,0x00,0x00,0x00,0x00,0x00,0x00,0x00,0x00,0x00,0x00,0x00,0x00,
  0x00,0x00,0x00,0x00,0x00,0x00,0x00,0x00,0x00,0x00,0x00,0x00,0x00,0x00,0x00,0x00,0x03,0x00,0x00,0x00,0x00,0x00,0x03,0x00,
  0x00,0x00,0x00,0x00,0x00,0x00,0x00,0x00,0x00,0x00,0x00,0x00,0x00,0x00,0x00,0x00,0x00,0x00,0x00,0x00,0x00,0x00,0x00,0x00,
  0x00,0x00,0x00,0x00,0x00,0x00,0x00,0x00,0x00,0x00,0x00,0x00,0x00,0x00,0x00,0x00,0x00,0x00,0x00,0x00,0x00,0x02,0x6d,0x98,
  0x14,0x00,0x01,0x00,0x00,0x00,0x00,0x00,0x00,0x00,0x00,0x00,0x00,0x00,0x00,0x00,0x00,0x00,0x00,0x00,0x00,0x00,0x00,0x00,
  0x00,0x00,0x00,0x00,0x00,0x00,0x00,0x00,0x00,0x00,0x00,0x00,0x00,0x00,0x00,0x00,0x00,0x00,0x00,0x00,0x00,0x00,0x00,0x00,
  0x00,0x01,0x00,0x1a,0x55,0x3f,0x00,0x00,0x00,0x00,0x01,0x00,0x38,0x55,0x33,0x00,0x01,0x00,0x00,0x00,0x00,0x00,0x01,0x4a,
  0x55,0x20,0x00,0x16,0xff,0xff,0x96,0x00,0x04,0x00,0x00,0x00,0x01,0x01,0x01,0x00,0x00,0x00,0x00,0x00,0x01,0x01,0x00,0x01,
  0x01,0x00,0x00,0x00,0x00,0x00,0x01,0x01,0x00,0x00,0x00,0x00,0x04,0x01,0x70,0xff,0xff,0xb5,0x00,0x02,0x00,0x00,0x00,0x01,
  0x01,0x01,0x00,0x00,0x00,0x00,0x00,0x01,0x01,0x01,0x00,0x01,0x01,0x01,0x00,0x00,0x00,0x00,0x00,0x00,0x00,0x00,0x01,0x01,
  0x01,0x00,0x00,0x00,0x00,0x00,0x00,0x00,0x00,0x00,0x01,0x00,0x0a,0x3b,0x50,0x44,0x18,0x00,0x00,0x00,0x00,0x00,0x00,0x00,
  0x00,0x01,0x01,0x00,0x00,0x00,0x00,0x00,0x00,0x01,0x01,0x00,0x01,0x01,0x01,0x00,0x00,0x00,0x00,0x01,0x01,0x01,0x00,0x00,
  0x00,0x00,0x00,0x00,0x00,0x01,0x00,0x0c,0x55,0x55,0x51,0x51,0x51,0x51,0x52,0x0d,0x1f,0xff,0xff,0x7e,0x00,0x04,0x00,0x00,
  0x00,0x01,0x01,0x01,0x00,0x00,0x00,0x00,0x00,0x00,0x00,0x00,0x00,0x00,0x00,0x01,0x00,0x10,0x55,0x55,0x18,0x00,0x01,0x00,
  0x00,0x00,0x01,0x01,0x01,0x01,0x01,0x01,0x01,0x00,0x00,0x01,0x01,0x00,0x00,0x00,0x00,0x00,0x01,0x01,0x04,0x00,0x53,0xff,
  0xc7,0x00,0x01,0x00,0x00,0x04,0x00,0xb6,0xff,0xe4,0x0c,0x01,0x01,0x00,0x00,0x03,0x01,0x3b,0xff,0xff,0x65,0x00,0x08,0xa2,
  0xdd,0x48,0x00,0x03,0x00,0x03,0x01,0x00,0x00,0x00,0x04,0x01,0x00,0x00,0x00,0x00,0x00,0x03,0x00,0x00,0x00,0x00,0x01,0x04,
  0x00,0x00,0x00,0x01,0x03,0x00,0x00,0x00,0x00,0xd2,0xfd,0x6e,0x08,0x02,0x00,0x00,0x03,0x02,0x00,0x00,0x00,0x04,0x01,0x00,
  0x00,0x00,0x00,0x00,0x00,0x03,0x00,0x00,0x00,0x04,0x01,0x00,0x00,0x00,0x00,0x03,0x02,0x00,0x00,0x00,0x04,0x01,0x00,0x00,
  0x00,0x00,0x00,0x00,0x02,0x00,0x5b,0xdf,0xff,0xff,0xff,0xee,0x81,0x01,0x01,0x00,0x00,0x01,0x03,0x00,0x00,0x00,0x01,0x03,
  0x00,0x00,0x00,0x00,0x00,0x00,0x03,0x00,0x00,0x00,0x03,0x01,0x00,0x03,0x00,0x00,0x00,0x03,0x01,0x00,0x00,0x00,0x00,0x00,
  0x02,0x00,0x28,0xff,0xff,0xff,0xff,0xff,0xff,0xff,0x38,0x07,0xb5,0xda,0x39,0x00,0x03,0x00,0x03,0x02,0x00,0x00,0x00,0x04,
  0x01,0x00,0x00,0x00,0x00,0x00,0x00,0x00,0x00,0x00,0x04,0x00,0x6f,0xff,0xff,0x8b,0x00,0x04,0x00,0x00,0x00,0x00,0x00,0x00,
  0x00,0x00,0x00,0x00,0x00,0x00,0x00,0x00,0x00,0x00,0x00,0x00,0x00,0x00,0x00,0x03,0x00,0x4d,0xfb,0xb8,0x00,0x01,0x00,0x00,
  0x04,0x00,0xaa,0xfb,0xff,0x61,0x00,0x04,0x00,0x00,0x02,0x00,0xa9,0xfd,0xfb,0x5e,0x00,0x02,0x0a,0x1b,0x00,0x00,0x00,0x02,
  0x00,0x00,0x0a,0x0c,0x00,0x00,0x00,0x01,0x00,0x07,0x10,0x0a,0x00,0x03,0x08,0x00,0x01,0x00,0x00,0x00,0x0c,0x0a,0x00,0x00,
  0x02,0x01,0x02,0x14,0xdf,0xff,0x2e,0x07,0x02,0x00,0x02,0x00,0x00,0x0a,0x0c,0x00,0x00,0x00,0x01,0x00,0x00,0x08,0x10,0x05,
  0x00,0x00,0x0d,0x03,0x00,0x00,0x00,0x00,0x00,0x02,0x00,0x00,0x08,0x0d,0x01,0x00,0x00,0x01,0x00,0x00,0x00,0x00,0x03,0x00,
  0x3d,0xff,0xff,0x9d,0x6c,0xa1,0xff,0xff,0x77,0x00,0x03,0x01,0x00,0x00,0x00,0x0c,0x0a,0x00,0x00,0x02,0x00,0x00,0x06,0x10,
  0x0a,0x00,0x00,0x0d,0x06,0x00,0x00,0x02,0x00,0x00,0x0d,0x06,0x00,0x00,0x01,0x00,0x00,0x00,0x00,0x02,0x00,0x23,0xfb,0xed,
  0x72,0x6a,0x6b,0x6a,0x6b,0x17,0x00,0x0e,0x19,0x00,0x00,0x00,0x02,0x00,0x00,0x09,0x0c,0x00,0x00,0x00,0x01,0x00,0x00,0x00,
  0x00,0x00,0x00,0x00,0x00,0x01,0x01,0xc7,0xff,0xff,0xdc,0x08,0x01,0x01,0x00,0x00,0x0b,0x0d,0x0d,0x0d,0x0e,0x10,0x0f,0x01,
  0x00,0x0e,0x10,0x03,0x00,0x00,0x00,0x01,0x0f,0x10,0x06,0x00,0x4e,0xff,0xbb,0x00,0x01,0x00,0x00,0x04,0x00,0xad,0xff,0xff,
  0xcd,0x03,0x01,0x01,0x02,0x00,0x24,0xf7,0xfe,0xff,0x5f,0x00,0x01,0xbb,0xec,0x40,0x00,0x05,0x00,0x53,0xbc,0xf1,0xf6,0xcc,
  0x75,0x05,0x03,0x00,0x66,0xef,0x8c,0x53,0xda,0x83,0x00,0x02,0x05,0x71,0xca,0xf7,0xf1,0xbd,0x59,0x00,0x01,0x2e,0xfc,0xfd,
  0xfc,0xfe,0xd2,0x00,0x02,0x00,0x50,0xb7,0xef,0xf7,0xcd,0x79,0x0a,0x00,0x05,0x00,0x82,0xef,0x7f,0x71,0xdf,0xf7,0xd4,0x81,
  0x08,0x01,0x01,0x02,0x00,0x3c,0xab,0xea,0xf9,0xd7,0x86,0x12,0x00,0x01,0x00,0x00,0x00,0x04,0x00,0x94,0xfe,0x8b,0x00,0x00,
  0x00,0x7e,0xed,0xc3,0x02,0x01,0x00,0x04,0x70,0xca,0xf6,0xf2,0xbe,0x55,0x00,0x05,0x00,0x57,0xef,0xa0,0x5d,0xd5,0xf8,0xdd,
  0x92,0x11,0x00,0x6c,0xd7,0xf9,0xdb,0x91,0x12,0x00,0x01,0x00,0x00,0x00,0x02,0x00,0x23,0xff,0xe5,0x00,0x00,0x00,0x00,0x00,
  0x00,0x06,0xcc,0xed,0x2e,0x00,0x04,0x00,0x4d,0xb6,0xee,0xf8,0xcf,0x7b,0x0c,0x00,0x01,0x00,0x00,0x00,0x00,0x00,0x00,0x02,
  0x00,0x2d,0xfd,0xd5,0xca,0xff,0x43,0x00,0x04,0x00,0x04,0xde,0xfc,0xfa,0xfd,0xf6,0xef,0xe9,0x16,0x01,0xdb,0xef,0x27,0x00,
  0x03,0x00,0x09,0xdc,0xef,0x27,0x00,0x50,0xff,0xbb,0x00,0x01,0x00,0x00,0x04,0x00,0xad,0xff,0xf0,0xff,0x45,0x00,0x03,0x04,
  0x00,0x8e,0xff,0xef,0xff,0x5f,0x00,0x00,0xcb,0xff,0x43,0x00,0x00,0x7a,0xff,0xff,0xd3,0xcb,0xff,0xff,0xac,0x04,0x00,0x72,
  0xff,0xe7,0xff,0xfd,0x84,0x00,0x0b,0xb8,0xff,0xff,0xca,0xd4,0xff,0xff,0x91,0x00,0x24,0xc5,0xf6,0xfd,0xce,0x9f,0x01,0x00,
  0x80,0xff,0xff,0xd5,0xc9,0xff,0xff,0xc5,0x10,0x04,0x00,0x90,0xff,0xf5,0xff,0xd4,0xcf,0xff,0xff,0xaa,0x02,0x04,0x00,0x59,
  0xfe,0xff,0xdd,0xc6,0xf2,0xff,0xd1,0x16,0x01,0x02,0x00,0x00,0x04,0x00,0x9b,0xfd,0x81,0x00,0x00,0x01,0x03,0x12,0x0e,0x01,
  0x01,0x06,0xb1,0xff,0xff,0xcb,0xd2,0xff,0xff,0x7f,0x00,0x00,0x61,0xff,0xf4,0xff,0xdd,0xc9,0xff,0xff,0xbc,0x8f,0xff,0xd9,
  0xca,0xff,0xff,0xc7,0x09,0x01,0x01,0x00,0x00,0x02,0x00,0x23,0xff,0xe6,0x0a,0x00,0x00,0x00,0x04,0x01,0x06,0xde,0xff,0x30,
  0x00,0x00,0x7b,0xff,0xff,0xd7,0xc8,0xfe,0xff,0xc9,0x13,0x01,0x02,0x00,0x00,0x00,0x00,0x00,0x04,0x00,0x80,0xff,0x71,0x57,
  0xff,0x9b,0x00,0x03,0x00,0x03,0xac,0xc3,0xc3,0xbf,0xda,0xff,0xfd,0x14,0x02,0xec,0xff,0x2b,0x00,0x03,0x00,0x0a,0xef,0xff,
  0x2a,0x00,0x50,0xff,0xbb,0x00,0x01,0x00,0x00,0x04,0x00,0xac,0xff,0x95,0xfa,0xba,0x00,0x03,0x01,0x10,0xf1,0xcd,0xb4,0xff,
  0x5d,0x00,0x00,0xc6,0xfe,0x44,0x00,0x35,0xff,0xf3,0x4e,0x00,0x00,0x35,0xe6,0xff,0x67,0x00,0x74,0xfe,0xff,0x79,0x1a,0x0c,
  0x00,0x82,0xff,0xcd,0x2a,0x00,0x00,0x47,0xec,0xff,0x50,0x00,0x04,0xdd,0xff,0x25,0x00,0x00,0x40,0xff,0xf1,0x4d,0x00,0x00,
  0x26,0xc6,0xff,0x93,0x00,0x00,0x8d,0xfe,0xf5,0x48,0x00,0x00,0x51,0xf4,0xff,0x3f,0x00,0x1b,0xef,0xfa,0x5e,0x00,0x00,0x0f,
  0x95,0xff,0x99,0x00,0x03,0x00,0x00,0x03,0x00,0x4d,0xff,0xfe,0x87,0x2f,0x04,0x00,0x00,0x00,0x03,0x00,0x6e,0xff,0xc9,0x24,
  0x00,0x00,0x33,0xdc,0xff,0x3a,0x00,0x62,0xfe,0xfe,0x6b,0x00,0x00,0x35,0xe5,0xff,0xff,0x65,0x00,0x00,0x37,0xe5,0xff,0x60,
  0x00,0x04,0x00,0x00,0x02,0x00,0x23,0xff,0xe9,0x2d,0x20,0x22,0x1f,0x04,0x00,0x06,0xd9,0xfe,0x32,0x00,0x3e,0xff,0xf3,0x51,
  0x01,0x00,0x23,0xc3,0xff,0x99,0x00,0x03,0x00,0x00,0x00,0x00,0x01,0x00,0x05,0xd9,0xfe,0x26,0x12,0xf7,0xec,0x10,0x00,0x01,
  0x00,0x00,0x00,0x00,0x00,0xc1,0xff,0x87,0x00,0x0a,0xe6,0xfe,0x2a,0x00,0x03,0x00,0x0a,0xea,0xfe,0x29,0x00,0x50,0xff,0xbb,
  0x00,0x01,0x00,0x00,0x04,0x00,0xa9,0xff,0x58,0xa9,0xff,0x2a,0x00,0x00,0x6b,0xff,0x59,0x9f,0xff,0x5c,0x00,0x00,0xc7,0xff,
  0x46,0x00,0x8e,0xff,0x94,0x00,0x03,0x02,0x00,0x29,0x4a,0x30,0x00,0x6f,0xff,0xc2,0x00,0x00,0x00,0x0b,0xe1,0xfd,0x3d,0x00,
  0x04,0x03,0x00,0x72,0xfd,0xb6,0x00,0x0c,0xde,0xff,0x2c,0x01,0x00,0xa2,0xfe,0x80,0x00,0x03,0x03,0x00,0x30,0xf9,0xef,0x17,
  0x00,0x8c,0xff,0xa3,0x00,0x03,0x02,0x00,0xaf,0xfe,0x76,0x00,0x69,0xff,0xb3,0x02,0x0d,0x10,0x08,0x1b,0xf1,0xec,0x0e,0x00,
  0x01,0x00,0x00,0x02,0x00,0x69,0xe3,0xff,0xff,0xe1,0x91,0x32,0x00,0x02,0x02,0xcb,0xfd,0x4f,0x04,0x11,0x10,0x03,0x73,0xfc,
  0x90,0x00,0x62,0xff,0xcb,0x00,0x00,0x05,0x00,0x85,0xfe,0xc5,0x00,0x00,0x05,0x00,0x89,0xfd,0x99,0x00,0x04,0x00,0x00,0x02,
  0x00,0x25,0xff,0xff,0xff,0xff,0xff,0xf9,0x1b,0x00,0x07,0xda,0xff,0x32,0x00,0x9f,0xfe,0x86,0x00,0x02,0x03,0x00,0x2b,0xf7,
  0xf2,0x16,0x00,0x01,0x00,0x00,0x00,0x03,0x01,0x3e,0xff,0xca,0x06,0x02,0xb4,0xff,0x57,0x01,0x04,0x00,0x01,0x05,0x00,0x8e,
  0xff,0xc9,0x05,0x00,0x08,0xe7,0xff,0x2a,0x00,0x03,0x00,0x0a,0xeb,0xff,0x29,0x00,0x50,0xff,0xbb,0x00,0x01,0x00,0x00,0x04,
  0x00,0xa9,0xff,0x55,0x35,0xff,0x99,0x00,0x08,0xdd,0xf0,0x06,0xae,0xff,0x5c,0x00,0x00,0xc7,0xff,0x45,0x00,0xb6,0xff,0x5b,
  0x02,0x04,0x00,0x02,0x00,0x00,0x00,0x00,0x6d,0xff,0x9e,0x02,0x06,0x00,0x22,0xfe,0xea,0x10,0x02,0x01,0x03,0x03,0x30,0xff,
  0xdb,0x03,0x07,0xdf,0xff,0x2b,0x00,0x00,0xcc,0xff,0x41,0x03,0x04,0x01,0x02,0x03,0xde,0xff,0x36,0x00,0x8c,0xff,0x81,0x02,
  0x05,0x05,0x02,0x8f,0xff,0x80,0x00,0x95,0xfe,0xf7,0xff,0xfd,0xfc,0xfd,0xfc,0xff,0xff,0x29,0x00,0x02,0x00,0x00,0x00,0x03,
  0x00,0x0e,0x46,0x8c,0xd7,0xff,0xfb,0x5d,0x00,0x11,0xeb,0xff,0xfa,0xff,0xfd,0xfd,0xff,0xfe,0xff,0xbe,0x00,0x5f,0xff,0xac,
  0x01,0x03,0x04,0x02,0x62,0xff,0xa7,0x02,0x03,0x04,0x02,0x67,0xff,0xa2,0x00,0x03,0x00,0x00,0x02,0x00,0x24,0xff,0xf7,0xb1,
  0xab,0xac,0xa1,0x12,0x00,0x07,0xda,0xff,0x31,0x00,0xc9,0xff,0x47,0x03,0x04,0x01,0x02,0x01,0xd8,0xff,0x36,0x00,0x03,0x00,
  0x00,0x00,0x03,0x00,0x97,0xfe,0x5a,0x00,0x00,0x44,0xfe,0xb1,0x00,0x02,0x00,0x03,0x00,0x48,0xfd,0xf3,0x2c,0x00,0x00,0x07,
  0xe7,0xff,0x2a,0x00,0x03,0x00,0x0a,0xeb,0xff,0x29,0x00,0x50,0xff,0xbb,0x00,0x01,0x00,0x00,0x04,0x00,0xa9,0xff,0x63,0x00,
  0xd7,0xf7,0x0a,0x47,0xff,0x8b,0x00,0xb6,0xff,0x5c,0x00,0x00,0xc7,0xff,0x45,0x00,0xb6,0xfe,0x5b,0x02,0x04,0x00,0x02,0x00,
  0x00,0x00,0x00,0x6d,0xff,0x9d,0x00,0x05,0x00,0x22,0xfe,0xeb,0x11,0x02,0x02,0x03,0x03,0x31,0xff,0xdb,0x03,0x07,0xdf,0xff,
  0x2b,0x00,0x00,0xcc,0xff,0x43,0x03,0x04,0x01,0x02,0x04,0xde,0xff,0x35,0x00,0x8c,0xff,0x81,0x00,0x04,0x04,0x00,0x90,0xff,
  0x80,0x00,0x94,0xfe,0xde,0xc2,0xc5,0xc3,0xc4,0xc2,0xb9,0xb5,0x1b,0x00,0x01,0x00,0x00,0x00,0x00,0x00,0x00,0x00,0x00,0x00,
  0x71,0xff,0xe7,0x09,0x0b,0xec,0xff,0xcb,0xc3,0xc4,0xc3,0xc5,0xbb,0xb9,0x82,0x00,0x5f,0xff,0xad,0x00,0x02,0x04,0x00,0x62,
  0xff,0xa7,0x00,0x03,0x04,0x00,0x68,0xff,0xa2,0x00,0x03,0x00,0x00,0x02,0x00,0x23,0xff,0xe4,0x00,0x00,0x00,0x00,0x00,0x00,
  0x06,0xda,0xff,0x31,0x00,0xc9,0xff,0x48,0x03,0x04,0x01,0x02,0x02,0xd9,0xff,0x36,0x00,0x03,0x00,0x00,0x01,0x00,0x0e,0xe8,
  0xfc,0x6a,0x51,0x51,0x60,0xf5,0xf8,0x1d,0x00,0x03,0x02,0x15,0xe1,0xff,0x6b,0x00,0x05,0x00,0x07,0xe7,0xff,0x2a,0x01,0x03,
  0x01,0x0b,0xec,0xff,0x29,0x00,0x50,0xff,0xbb,0x00,0x01,0x00,0x00,0x04,0x00,0xa9,0xff,0x68,0x01,0x66,0xff,0x76,0xb3,0xfb,
  0x23,0x01,0xb4,0xff,0x5c,0x00,0x00,0xc7,0xff,0x46,0x00,0x8d,0xff,0x95,0x00,0x03,0x02,0x00,0x28,0x4b,0x30,0x00,0x6e,0xff,
  0x9d,0x00,0x04,0x00,0x0b,0xe1,0xfd,0x3b,0x00,0x04,0x02,0x00,0x75,0xfe,0xb3,0x00,0x0b,0xde,0xff,0x2b,0x00,0x00,0xa3,0xfe,
  0x7f,0x00,0x03,0x04,0x00,0x34,0xf9,0xed,0x16,0x00,0x8b,0xff,0x81,0x00,0x04,0x04,0x00,0x90,0xff,0x7f,0x00,0x66,0xff,0xae,
  0x00,0x00,0x00,0x00,0x00,0x16,0x15,0x00,0x00,0x00,0x00,0x02,0x00,0x53,0x88,0x46,0x00,0x08,0x00,0x02,0xf4,0xfc,0x1f,0x00,
  0xcb,0xfd,0x44,0x00,0x00,0x00,0x00,0x0c,0x19,0x0f,0x00,0x5d,0xff,0xad,0x00,0x02,0x04,0x00,0x62,0xff,0xa7,0x00,0x03,0x04,
  0x00,0x68,0xff,0xa2,0x00,0x03,0x00,0x00,0x02,0x00,0x23,0xff,0xe6,0x12,0x04,0x05,0x03,0x01,0x00,0x06,0xda,0xff,0x32,0x00,
  0x9f,0xfe,0x85,0x00,0x03,0x03,0x00,0x2f,0xf8,0xf1,0x15,0x00,0x01,0x00,0x00,0x04,0x01,0x55,0xff,0xff,0xff,0xff,0xff,0xff,
  0xff,0xff,0x70,0x00,0x05,0x00,0xab,0xff,0xb2,0x01,0x05,0x03,0x00,0x03,0xdb,0xfe,0x42,0x00,0x07,0x00,0x1e,0xf8,0xfc,0x2a,
  0x00,0x50,0xff,0xbb,0x00,0x01,0x00,0x00,0x04,0x00,0xa8,0xfe,0x65,0x00,0x10,0xe5,0xf6,0xff,0xaa,0x00,0x00,0xb1,0xfe,0x5c,
  0x00,0x00,0xc6,0xfe,0x44,0x00,0x34,0xfe,0xf4,0x4f,0x00,0x00,0x31,0xe3,0xff,0x62,0x00,0x70,0xfe,0x9c,0x00,0x03,0x04,0x00,
  0x84,0xff,0xca,0x26,0x00,0x00,0x4c,0xf0,0xff,0x4b,0x00,0x0b,0xdd,0xfe,0x2b,0x00,0x00,0x42,0xff,0xef,0x49,0x00,0x00,0x2a,
  0xcb,0xff,0x8c,0x00,0x00,0x89,0xfe,0x80,0x00,0x04,0x04,0x00,0x8f,0xfe,0x7c,0x00,0x19,0xec,0xff,0x6d,0x06,0x00,0x16,0xaa,
  0xff,0x95,0x00,0x03,0x00,0x00,0x04,0x00,0x82,0xff,0xdd,0x23,0x00,0x01,0x6c,0xfe,0xdd,0x0b,0x00,0x69,0xff,0xd4,0x30,0x00,
  0x00,0x41,0xe5,0xf9,0x3a,0x00,0x5f,0xfe,0xac,0x00,0x02,0x04,0x00,0x62,0xfe,0xa6,0x00,0x03,0x04,0x00,0x68,0xfe,0xa1,0x00,
  0x03,0x00,0x00,0x02,0x00,0x23,0xfe,0xe5,0x0e,0x00,0x01,0x00,0x01,0x00,0x06,0xd9,0xfe,0x32,0x00,0x40,0xff,0xf1,0x4d,0x00,
  0x00,0x27,0xc8,0xff,0x93,0x00,0x03,0x00,0x00,0x00,0x02,0x00,0xac,0xff,0x9e,0x67,0x6d,0x6c,0x68,0x92,0xff,0xc6,0x01,0x00,
  0x66,0xff,0xda,0x10,0x00,0x00,0x00,0x02,0x00,0xa8,0xff,0xbd,0x18,0x00,0x0c,0xa4,0xff,0xf7,0x2a,0x00,0x50,0xfe,0xba,0x00,
  0x01,0x00,0x00,0x04,0x00,0xac,0xff,0x66,0x00,0x00,0x81,0xff,0xff,0x39,0x01,0x00,0xb5,0xff,0x5e,0x00,0x00,0xca,0xff,0x43,
  0x00,0x00,0x77,0xff,0xff,0xd3,0xca,0xff,0xff,0x9f,0x02,0x00,0x6f,0xff,0xa0,0x00,0x03,0x01,0x02,0x0b,0xbc,0xff,0xff,0xc9,
  0xd6,0xff,0xff,0x85,0x00,0x00,0x08,0xe2,0xff,0x2c,0x00,0x04,0x00,0x84,0xff,0xff,0xd3,0xca,0xff,0xff,0xbc,0x0c,0x04,0x00,
  0x8c,0xff,0x83,0x00,0x04,0x04,0x00,0x92,0xff,0x7e,0x00,0x00,0x50,0xf9,0xff,0xe0,0xc5,0xf1,0xff,0xd4,0x19,0x01,0x02,0x00,
  0x00,0x01,0x01,0x11,0xce,0xff,0xf9,0xc5,0xd7,0xff,0xff,0x58,0x00,0x04,0x04,0xa9,0xff,0xff,0xcc,0xd1,0xff,0xff,0x82,0x00,
  0x00,0x5f,0xff,0xb0,0x00,0x02,0x04,0x00,0x64,0xff,0xaa,0x00,0x03,0x04,0x00,0x6a,0xff,0xa5,0x00,0x03,0x00,0x00,0x02,0x00,
  0x24,0xff,0xea,0x0e,0x00,0x01,0x00,0x01,0x00,0x06,0xde,0xff,0x30,0x00,0x00,0x7f,0xff,0xff,0xd4,0xc9,0xff,0xff,0xc0,0x0e,
  0x02,0x01,0x00,0x00,0x02,0x00,0x1c,0xf7,0xf8,0x13,0x00,0x00,0x00,0x00,0x05,0xeb,0xff,0x2f,0x00,0xe6,0xff,0xe4,0xbc,0xc3,
  0xc3,0xbe,0x16,0x00,0x30,0xf4,0xff,0xef,0xc4,0xee,0xff,0xfc,0xff,0x2b,0x00,0x51,0xff,0xbe,0x00,0x01,0x00,0x00,0x04,0x00,
  0x9f,0xf0,0x5e,0x00,0x01,0x1b,0xeb,0xb9,0x00,0x04,0x00,0xa8,0xf0,0x57,0x00,0x00,0xbb,0xf0,0x3e,0x00,0x05,0x00,0x52,0xbc,
  0xf2,0xf7,0xcb,0x6d,0x01,0x04,0x00,0x67,0xf0,0x94,0x00,0x03,0x00,0x01,0x00,0x07,0x76,0xce,0xf9,0xf0,0xb7,0x50,0x00,0x03,
  0x00,0x07,0xd1,0xf0,0x29,0x00,0x03,0x02,0x00,0x55,0xbd,0xf3,0xf8,0xc9,0x71,0x05,0x00,0x05,0x00,0x82,0xf0,0x7a,0x00,0x04,
  0x04,0x00,0x88,0xf0,0x75,0x00,0x06,0x00,0x36,0xa7,0xe9,0xfa,0xda,0x8a,0x11,0x00,0x01,0x00,0x00,0x00,0x00,0x01,0x00,0x13,
  0x89,0xd5,0xfb,0xf0,0xb6,0x47,0x00,0x02,0x01,0x00,0x01,0x6a,0xc8,0xf7,0xf4,0xc1,0x57,0x00,0x05,0x00,0x58,0xf0,0xa3,0x00,
  0x02,0x04,0x00,0x5c,0xf0,0x9d,0x00,0x03,0x04,0x00,0x62,0xf0,0x99,0x00,0x03,0x00,0x00,0x02,0x00,0x21,0xf0,0xd9,0x0d,0x00,
  0x01,0x00,0x01,0x00,0x06,0xcd,0xf0,0x2c,0x00,0x04,0x00,0x52,0xbb,0xf2,0xf8,0xcb,0x73,0x07,0x00,0x01,0x00,0x00,0x00,0x03,
  0x00,0x61,0xf2,0xa6,0x00,0x05,0x04,0x04,0x07,0x00,0x92,0xf0,0x78,0x00,0xd8,0xf0,0xf4,0xff,0xfc,0xfd,0xf6,0x1a,0x00,0x00,
  0x35,0xaf,0xeb,0xf7,0xbd,0x45,0xd8,0xf0,0x27,0x00,0x4b,0xf0,0xb0,0x00,0x01,0x00,0x00,0x00,0x00,0x0a,0x10,0x06,0x00,0x00,
  0x00,0x0d,0x06,0x00,0x01,0x00,0x0b,0x10,0x06,0x00,0x00,0x0c,0x10,0x04,0x00,0x00,0x02,0x00,0x00,0x0a,0x0b,0x00,0x00,0x00,
  0x01,0x00,0x07,0x10,0x0a,0x00,0x00,0x00,0x00,0x01,0x00,0x00,0x00,0x0c,0x09,0x00,0x00,0x02,0x00,0x00,0x01,0x0e,0x10,0x03,
  0x00,0x00,0x00,0x02,0x00,0x00,0x0a,0x0c,0x00,0x00,0x00,0x01,0x00,0x00,0x08,0x10,0x08,0x00,0x00,0x00,0x00,0x09,0x10,0x08,
  0x00,0x00,0x02,0x00,0x00,0x07,0x0d,0x02,0x00,0x00,0x01,0x00,0x00,0x00,0x00,0x00,0x00,0x01,0x00,0x00,0x01,0x0c,0x09,0x00,
  0x00,0x02,0x00,0x00,0x00,0x00,0x00,0x00,0x0c,0x0a,0x00,0x00,0x02,0x00,0x00,0x06,0x10,0x0b,0x00,0x00,0x00,0x00,0x06,0x10,
  0x0a,0x00,0x00,0x00,0x00,0x06,0x10,0x0a,0x00,0x00,0x00,0x00,0x00,0x00,0x02,0x10,0x0e,0x01,0x00,0x00,0x00,0x00,0x00,0x00,
  0x0d,0x10,0x03,0x00,0x00,0x02,0x00,0x00,0x0a,0x0c,0x00,0x00,0x00,0x01,0x00,0x00,0x00,0x00,0x00,0x00,0x0c,0x0f,0x05,0x00,
  0x00,0x00,0x00,0x00,0x01,0x04,0x0f,0x0d,0x00,0x0d,0x10,0x0e,0x0d,0x0d,0x0d,0x0c,0x01,0x00,0x02,0x00,0x00,0x0b,0x0a,0x00,
  0x00,0x0f,0x10,0x02,0x00,0x05,0x10,0x0b,0x00,0x00,0x00,0x00,0x00,0x00,0x00,0x00,0x00,0x00,0x00,0x01,0x00,0x00,0x00,0x00,
  0x00,0x00,0x00,0x00,0x00,0x00,0x00,0x00,0x00,0x00,0x00,0x00,0x03,0x02,0x00,0x00,0x00,0x04,0x01,0x00,0x00,0x00,0x00,0x00,
  0x00,0x00,0x00,0x00,0x00,0x01,0x04,0x00,0x00,0x00,0x02,0x03,0x00,0x00,0x00,0x00,0x00,0x00,0x00,0x00,0x00,0x00,0x00,0x03,
  0x02,0x00,0x00,0x00,0x04,0x01,0x00,0x00,0x00,0x00,0x00,0x00,0x00,0x00,0x00,0x00,0x00,0x00,0x00,0x00,0x00,0x00,0x02,0x03,
  0x00,0x00,0x00,0x04,0x01,0x00,0x00,0x00,0x00,0x00,0x00,0x00,0x00,0x01,0x04,0x00,0x00,0x00,0x02,0x03,0x00,0x00,0x00,0x00,
  0x01,0x04,0x00,0x00,0x00,0x01,0x03,0x00,0x00,0x00,0x00,0x00,0x00,0x00,0x00,0x00,0x00,0x00,0x00,0x00,0x00,0x00,0x00,0x00,
  0x00,0x00,0x00,0x00,0x00,0x00,0x00,0x00,0x00,0x00,0x00,0x00,0x00,0x00,0x00,0x00,0x00,0x00,0x00,0x00,0x00,0x00,0x00,0x00,
  0x00,0x03,0x02,0x00,0x00,0x00,0x04,0x01,0x00,0x00,0x00,0x00,0x00,0x00,0x00,0x00,0x00,0x00,0x00,0x00,0x00,0x00,0x00,0x00,
  0x00,0x00,0x00,0x00,0x00,0x00,0x00,0x00,0x00,0x00,0x00,0x00,0x00,0x00,0x02,0x02,0x00,0x00,0x02,0x03,0x00,0x00,0x00,0x00,
  0x00,0x00,0x00,0x00,0x00,0x00,
};
const lv_img_dsc_t txt_ch_06 = {
  .header.cf = LV_IMG_CF_ALPHA_8BIT,
  .header.always_zero = 0,
  .header.reserved = 0,
  .header.w = 211,
  .header.h = 18,
  .data_size = 3798,
  .data = txt_ch_06_map,
};

static const uint8_t txt_ch_07_map[] = {
  0x00,0x00,0x00,0x00,0x00,0x00,0x00,0x00,0x00,0x00,0x00,0x00,0x00,0x00,0x00,0x00,0x00,0x00,0x00,0x00,0x00,0x00,0x00,0x00,
  0x00,0x00,0x00,0x00,0x01,0x00,0x00,0x01,0x00,0x00,0x00,0x00,0x00,0x00,0x00,0x00,0x00,0x00,0x00,0x00,0x00,0x00,0x00,0x00,
  0x00,0x00,0x00,0x00,0x00,0x00,0x00,0x00,0x00,0x00,0x00,0x00,0x00,0x00,0x00,0x00,0x00,0x00,0x00,0x00,0x00,0x00,0x00,0x00,
  0x00,0x00,0x00,0x00,0x00,0x00,0x00,0x00,0x00,0x00,0x03,0x05,0x05,0x04,0x01,0x00,0x00,0x00,0x00,0x00,0x00,0x00,0x00,0x01,
  0x03,0x03,0x02,0x02,0x03,0x04,0x01,0x00,0x00,0x00,0x00,0x00,0x00,0x00,0x00,0x00,0x00,0x00,0x00,0x00,0x00,0x00,0x00,0x12,
  0x09,0x00,0x00,0x00,0x01,0x02,0x00,0x00,0x00,0x00,0x00,0x00,0x00,0x00,0x00,0x00,0x00,0x00,0x00,0x00,0x00,0x00,0x00,0x00,
  0x00,0x00,0x00,0x00,0x00,0x00,0x00,0x00,0x00,0x00,0x00,0x00,0x00,0x00,0x00,0x00,0x00,0x00,0x00,0x00,0x00,0x00,0x00,0x00,
  0x00,0x00,0x00,0x00,0x00,0x00,0x00,0x00,0x00,0x00,0x00,0x00,0x00,0x00,0x00,0x00,0x02,0x00,0x00,0x00,0x00,0x00,0x00,0x00,
  0x00,0x03,0x00,0x00,0x00,0x00,0x00,0x00,0x00,0x00,0x00,0x00,0x00,0x00,0x02,0x00,0x3a,0xe8,0xd3,0x19,0x01,0x01,0x00,0x00,
  0x00,0x00,0x00,0x00,0x00,0x00,0x00,0x00,0x00,0x00,0x00,0x00,0x00,0x00,0x00,0x00,0x00,0x00,0x00,0x00,0x00,0x00,0x00,0x00,
  0x00,0x00,0x00,0x00,0x00,0x00,0x00,0x00,0x00,0x00,0x00,0x00,0x00,0x00,0x00,0x00,0x00,0x00,0x00,0x00,0x02,0x00,0x46,0x6d,
  0x6e,0x6d,0x10,0x00,0x01,0x00,0x00,0x00,0x00,0x02,0x00,0x03,0x4f,0x9a,0xc7,0xca,0xa5,0x62,0x10,0x00,0x02,0x00,0x00,0x03,
  0x04,0x02,0x00,0x00,0x00,0x00,0x03,0x04,0x05,0x00,0x63,0xff,0xff,0x2e,0x01,0x0a,0xa7,0xc8,0x2b,0x04,0x05,0x00,0x00,0x00,
  0x03,0x04,0x04,0x03,0x01,0x02,0x04,0x02,0x00,0x00,0x02,0x04,0x02,0x01,0x04,0x02,0x00,0x04,0x04,0x01,0x02,0x04,0x01,0x00,
  0x00,0x01,0x03,0x04,0x04,0x03,0x00,0x03,0x04,0x02,0x00,0x00,0x00,0x00,0x04,0x00,0xb5,0xff,0xff,0xff,0x28,0x00,0x02,0x00,
  0x00,0x00,0x02,0x00,0x2b,0xc6,0xff,0xff,0xee,0xec,0xff,0xff,0xdf,0x4d,0x00,0x02,0x00,0x00,0x00,0x00,0x00,0x00,0x00,0x00,
  0x00,0x00,0x00,0x00,0x00,0x55,0x41,0x00,0x00,0x00,0xdc,0xff,0x26,0x00,0x00,0x00,0x01,0x00,0x00,0x00,0x00,0x00,0x00,0x00,
  0x00,0x00,0x00,0x00,0x00,0x00,0x00,0x00,0x00,0x00,0x00,0x00,0x00,0x00,0x00,0x00,0x00,0x00,0x01,0x00,0x00,0x00,0x00,0x00,
  0x00,0x00,0x00,0x00,0x00,0x00,0x00,0x00,0x01,0x01,0x29,0x4c,0xed,0xf9,0x24,0x00,0x02,0x00,0x00,0x02,0x01,0x22,0xe6,0xff,
  0xa0,0x2e,0x0a,0x09,0x28,0x99,0xff,0xff,0x54,0x00,0x01,0x64,0x8c,0x30,0x00,0x02,0x01,0x00,0x68,0x8c,0x2d,0x00,0x1e,0x7a,
  0x6a,0x00,0x14,0x8d,0xea,0xfc,0xa0,0x8c,0x4b,0x00,0x00,0x00,0x42,0x7d,0x89,0x58,0x01,0x3c,0x8c,0x4d,0x00,0x00,0x48,0x8c,
  0x40,0x10,0x71,0x3e,0x00,0x7a,0x8c,0x12,0x31,0x7c,0x12,0x00,0x00,0x02,0x4a,0x81,0x86,0x50,0x00,0x4b,0x8c,0x40,0x00,0x02,
  0x00,0x00,0x00,0x01,0x00,0x00,0xec,0xff,0x24,0x00,0x02,0x00,0x00,0x02,0x00,0xb0,0xff,0x92,0x00,0x00,0x00,0x02,0x00,0x00,
  0x70,0x95,0x6e,0x03,0x00,0xc4,0xff,0x5e,0x00,0x04,0x02,0x00,0xcb,0xff,0x59,0x00,0x3e,0xff,0xf0,0x00,0x28,0xff,0xff,0xff,
  0xff,0xff,0x91,0x00,0x15,0xb3,0xff,0xff,0xff,0xff,0xc8,0xac,0xff,0x99,0x00,0x00,0x8f,0xff,0xc0,0xe1,0xff,0x83,0x00,0xf3,
  0xff,0xae,0xff,0xff,0x26,0x00,0x1e,0xc1,0xff,0xff,0xff,0xff,0xb9,0xba,0xff,0x7f,0x00,0x04,0x00,0x00,0x00,0x01,0x02,0x0f,
  0xed,0xff,0x24,0x00,0x02,0x00,0x02,0x00,0x24,0xfc,0xef,0x13,0x01,0x04,0x00,0x00,0x00,0x00,0x00,0x00,0x00,0x00,0x00,0xb3,
  0xfb,0x56,0x00,0x04,0x02,0x00,0xba,0xfb,0x52,0x00,0x38,0xfb,0xd7,0x01,0x06,0x2d,0xdc,0xff,0x54,0x29,0x1a,0x01,0xb0,0xff,
  0xdc,0x5b,0x2e,0x55,0xde,0xff,0xfb,0x8f,0x00,0x00,0x85,0xfb,0xff,0xc0,0x66,0x2a,0x00,0xd8,0xfb,0xff,0x94,0x5b,0x0d,0x06,
  0xc5,0xff,0xcf,0x52,0x2e,0x5e,0xeb,0xff,0xfb,0x77,0x00,0x04,0x00,0x00,0x00,0x01,0x00,0x0c,0xed,0xff,0x24,0x00,0x02,0x00,
  0x04,0x00,0x4d,0xff,0xbf,0x00,0x03,0x00,0x78,0xac,0xa9,0xad,0xb0,0xab,0xab,0x31,0x00,0xb9,0xff,0x57,0x00,0x04,0x02,0x00,
  0xbd,0xff,0x53,0x00,0x39,0xff,0xda,0x01,0x00,0x00,0xd3,0xff,0x2b,0x00,0x00,0x36,0xff,0xec,0x25,0x00,0x00,0x00,0x17,0xe3,
  0xff,0x90,0x00,0x00,0x84,0xff,0xc9,0x00,0x00,0x00,0x00,0xd7,0xff,0x7a,0x00,0x00,0x00,0x4b,0xff,0xe0,0x17,0x00,0x00,0x00,
  0x27,0xee,0xff,0x78,0x00,0x04,0x00,0x00,0x00,0x01,0x00,0x0c,0xed,0xff,0x24,0x00,0x02,0x00,0x04,0x00,0x52,0xfe,0xb8,0x00,
  0x05,0x00,0xb4,0xff,0xfe,0xff,0xff,0xff,0xff,0x50,0x00,0xba,0xff,0x57,0x00,0x04,0x02,0x00,0xbd,0xff,0x53,0x00,0x39,0xff,
  0xda,0x01,0x00,0x06,0xd5,0xff,0x35,0x02,0x01,0x6c,0xfe,0xa8,0x00,0x05,0x02,0x06,0x00,0x92,0xff,0x8d,0x00,0x00,0x83,0xff,
  0x8e,0x00,0x08,0x02,0x00,0xda,0xff,0x39,0x03,0x0b,0x01,0x84,0xfe,0x8f,0x00,0x07,0x02,0x06,0x00,0xaa,0xff,0x76,0x00,0x04,
  0x00,0x00,0x00,0x01,0x00,0x0c,0xed,0xff,0x24,0x00,0x02,0x00,0x03,0x00,0x33,0xff,0xe2,0x06,0x03,0x02,0x0f,0x17,0x18,0x18,
  0x2c,0xf2,0xfb,0x33,0x00,0xb9,0xff,0x56,0x01,0x04,0x02,0x01,0xbc,0xff,0x53,0x00,0x39,0xff,0xda,0x01,0x00,0x04,0xd5,0xff,
  0x34,0x00,0x00,0x74,0xfe,0x95,0x02,0x04,0x00,0x05,0x03,0x7e,0xff,0x8d,0x00,0x00,0x83,0xff,0x88,0x01,0x04,0x00,0x00,0xda,
  0xff,0x35,0x00,0x07,0x00,0x8d,0xfe,0x7d,0x03,0x05,0x00,0x05,0x02,0x97,0xff,0x75,0x00,0x04,0x00,0x00,0x00,0x01,0x00,0x0c,
  0xed,0xff,0x24,0x00,0x02,0x00,0x00,0x01,0x05,0xd1,0xff,0x64,0x00,0x02,0x00,0x00,0x00,0x00,0x6e,0xff,0xcc,0x05,0x00,0xb1,
  0xfe,0x69,0x00,0x08,0x03,0x00,0xce,0xff,0x54,0x00,0x39,0xff,0xda,0x01,0x00,0x04,0xd5,0xff,0x32,0x03,0x01,0x54,0xff,0xcd,
  0x00,0x00,0x04,0x02,0x00,0xb5,0xff,0x8e,0x00,0x00,0x83,0xff,0x88,0x00,0x04,0x00,0x00,0xda,0xff,0x35,0x00,0x06,0x00,0x6b,
  0xff,0xb9,0x00,0x02,0x04,0x00,0x00,0xca,0xff,0x77,0x00,0x04,0x00,0x00,0x00,0x01,0x00,0x0c,0xed,0xff,0x24,0x00,0x02,0x00,
  0x00,0x03,0x00,0x46,0xff,0xf6,0x5d,0x03,0x00,0x00,0x02,0x5c,0xf9,0xff,0x42,0x00,0x00,0x81,0xff,0xca,0x14,0x00,0x00,0x55,
  0xfc,0xfe,0x56,0x00,0x39,0xfe,0xd9,0x01,0x00,0x03,0xd5,0xfc,0x37,0x00,0x00,0x12,0xe8,0xff,0x7e,0x01,0x00,0x00,0x6b,0xff,
  0xfe,0x91,0x00,0x00,0x83,0xfe,0x88,0x00,0x04,0x00,0x00,0xd9,0xfe,0x35,0x00,0x04,0x00,0x20,0xf6,0xfd,0x6b,0x00,0x00,0x00,
  0x80,0xff,0xfe,0x79,0x00,0x04,0x00,0x00,0x00,0x01,0x00,0x0c,0xec,0xfe,0x24,0x00,0x02,0x00,0x00,0x00,0x02,0x00,0x61,0xf8,
  0xff,0xde,0xa9,0xa7,0xd8,0xff,0xf8,0x5f,0x00,0x04,0x01,0x1d,0xe7,0xff,0xe5,0xa5,0xbe,0xff,0xfa,0xff,0x57,0x00,0x39,0xff,
  0xdb,0x00,0x02,0x00,0xb7,0xff,0xcf,0xa0,0x57,0x00,0x58,0xff,0xff,0xd1,0xa1,0xcf,0xff,0xe0,0xff,0x91,0x00,0x00,0x84,0xff,
  0x89,0x00,0x04,0x00,0x00,0xdb,0xff,0x35,0x00,0x03,0x02,0x00,0x6b,0xff,0xff,0xc9,0xa1,0xd8,0xff,0xe2,0xff,0x79,0x00,0x04,
  0x00,0x00,0x00,0x01,0x00,0x0c,0xef,0xff,0x24,0x00,0x02,0x00,0x00,0x00,0x00,0x03,0x00,0x2b,0x97,0xe2,0xff,0xff,0xe6,0x9b,
  0x2c,0x00,0x03,0x00,0x01,0x00,0x2a,0xaf,0xf2,0xff,0xe7,0x6c,0xba,0xfb,0x52,0x00,0x38,0xfb,0xd7,0x00,0x02,0x01,0x2d,0xc6,
  0xfa,0xff,0x8c,0x01,0x00,0x48,0xc0,0xfc,0xff,0xdf,0x54,0x76,0xfb,0x8a,0x00,0x00,0x81,0xfb,0x86,0x00,0x04,0x00,0x00,0xd7,
  0xfb,0x34,0x00,0x03,0x00,0x02,0x00,0x56,0xc8,0xff,0xff,0xd7,0x46,0x8d,0xfb,0x73,0x00,0x04,0x00,0x00,0x00,0x01,0x00,0x0c,
  0xe9,0xfb,0x23,0x00,0x02,0x00,0x00,0x00,0x00,0x00,0x03,0x00,0x00,0x04,0x16,0x17,0x06,0x00,0x00,0x03,0x00,0x00,0x00,0x01,
  0x00,0x00,0x12,0x18,0x03,0x00,0x14,0x1c,0x09,0x00,0x06,0x1c,0x18,0x00,0x00,0x00,0x00,0x00,0x17,0x19,0x0d,0x00,0x03,0x00,
  0x00,0x15,0x17,0x00,0x00,0x0e,0x1c,0x0f,0x00,0x00,0x0f,0x1c,0x0f,0x00,0x00,0x00,0x00,0x18,0x1c,0x06,0x00,0x00,0x00,0x00,
  0x02,0x00,0x00,0x16,0x16,0x00,0x00,0x12,0x1c,0x0d,0x00,0x00,0x00,0x00,0x00,0x00,0x00,0x01,0x1a,0x1c,0x04,0x00,0x00,0x00,
  0x00,0x00,0x00,0x00,0x00,0x02,0x04,0x00,0x00,0x00,0x00,0x03,0x02,0x00,0x00,0x00,0x00,0x00,0x02,0x02,0x00,0x00,0x00,0x03,
  0x00,0x00,0x00,0x00,0x00,0x00,0x00,0x00,0x00,0x00,0x02,0x00,0x00,0x00,0x00,0x00,0x00,0x03,0x01,0x00,0x00,0x00,0x03,0x00,
  0x00,0x00,0x00,0x00,0x00,0x00,0x00,0x00,0x00,0x00,0x00,0x00,0x00,0x00,0x00,0x00,0x00,0x00,0x00,0x03,0x00,0x00,0x00,0x00,
  0x03,0x00,0x00,0x00,0x00,0x00,0x00,0x00,0x00,0x00,0x00,0x00,0x00,0x00,0x00,0x00,0x00,0x00,
};
const lv_img_dsc_t txt_ch_07 = {
  .header.cf = LV_IMG_CF_ALPHA_8BIT,
  .header.always_zero = 0,
  .header.reserved = 0,
  .header.w = 90,
  .header.h = 17,
  .data_size = 1530,
  .data = txt_ch_07_map,
};

static const uint8_t txt_ch_08_map[] = {
  0x00,0x00,0x00,0x00,0x00,0x00,0x00,0x00,0x00,0x00,0x00,0x00,0x00,0x00,0x00,0x00,0x00,0x00,0x00,0x00,0x00,0x00,0x00,0x00,
  0x00,0x00,0x00,0x00,0x01,0x00,0x00,0x01,0x00,0x00,0x00,0x00,0x00,0x00,0x00,0x00,0x00,0x00,0x00,0x00,0x00,0x00,0x00,0x00,
  0x00,0x00,0x00,0x00,0x00,0x00,0x00,0x00,0x00,0x00,0x00,0x00,0x00,0x00,0x00,0x00,0x00,0x00,0x00,0x00,0x00,0x00,0x00,0x00,
  0x00,0x00,0x00,0x00,0x00,0x00,0x00,0x00,0x00,0x00,0x00,0x00,0x03,0x03,0x01,0x01,0x03,0x03,0x00,0x00,0x00,0x00,0x00,0x00,
  0x00,0x00,0x00,0x01,0x03,0x03,0x02,0x02,0x03,0x04,0x01,0x00,0x00,0x00,0x00,0x00,0x00,0x00,0x00,0x00,0x00,0x00,0x00,0x00,
  0x00,0x00,0x00,0x12,0x09,0x00,0x00,0x00,0x01,0x02,0x00,0x00,0x00,0x00,0x00,0x00,0x00,0x00,0x00,0x00,0x00,0x00,0x00,0x00,
  0x00,0x00,0x00,0x00,0x00,0x00,0x00,0x00,0x00,0x00,0x00,0x00,0x00,0x00,0x00,0x00,0x00,0x00,0x00,0x00,0x00,0x00,0x00,0x00,
  0x00,0x00,0x00,0x00,0x00,0x00,0x00,0x00,0x00,0x02,0x00,0x00,0x00,0x00,0x00,0x00,0x02,0x00,0x00,0x00,0x00,0x00,0x00,0x00,
  0x02,0x00,0x00,0x00,0x00,0x00,0x00,0x00,0x00,0x03,0x00,0x00,0x00,0x00,0x00,0x00,0x00,0x00,0x00,0x00,0x00,0x00,0x02,0x00,
  0x3a,0xe8,0xd4,0x19,0x01,0x01,0x00,0x00,0x00,0x00,0x00,0x00,0x00,0x00,0x00,0x00,0x00,0x00,0x00,0x00,0x00,0x00,0x00,0x00,
  0x00,0x00,0x00,0x00,0x00,0x00,0x00,0x00,0x00,0x00,0x00,0x00,0x00,0x00,0x00,0x00,0x00,0x00,0x00,0x00,0x00,0x00,0x00,0x00,
  0x00,0x00,0x00,0x00,0x00,0x00,0x01,0x00,0x3e,0xa2,0xd3,0xd1,0x9c,0x35,0x00,0x01,0x00,0x00,0x00,0x00,0x00,0x02,0x00,0x03,
  0x4f,0x9a,0xc7,0xca,0xa5,0x62,0x10,0x00,0x02,0x00,0x00,0x03,0x04,0x02,0x00,0x00,0x00,0x00,0x03,0x04,0x05,0x00,0x62,0xff,
  0xff,0x2f,0x01,0x09,0xa7,0xc8,0x2d,0x04,0x05,0x00,0x00,0x00,0x03,0x04,0x04,0x03,0x01,0x02,0x04,0x02,0x00,0x00,0x02,0x04,
  0x02,0x01,0x04,0x02,0x00,0x04,0x04,0x01,0x02,0x04,0x01,0x00,0x00,0x01,0x03,0x04,0x04,0x03,0x01,0x02,0x04,0x02,0x00,0x00,
  0x00,0x00,0x00,0x03,0x00,0x5f,0xff,0xff,0xe6,0xe8,0xff,0xfa,0x48,0x00,0x03,0x00,0x00,0x00,0x02,0x00,0x2b,0xc6,0xff,0xff,
  0xee,0xec,0xff,0xff,0xdf,0x4d,0x00,0x02,0x00,0x00,0x00,0x00,0x00,0x00,0x00,0x00,0x00,0x00,0x00,0x00,0x00,0x54,0x42,0x00,
  0x00,0x00,0xdb,0xff,0x28,0x00,0x00,0x00,0x01,0x01,0x00,0x00,0x00,0x00,0x00,0x00,0x00,0x00,0x00,0x00,0x00,0x00,0x00,0x00,
  0x00,0x00,0x00,0x00,0x00,0x00,0x00,0x00,0x00,0x00,0x01,0x00,0x00,0x00,0x00,0x00,0x00,0x00,0x00,0x00,0x00,0x00,0x00,0x00,
  0x01,0x00,0x13,0xec,0xfe,0x6a,0x02,0x05,0x7c,0xff,0xd1,0x04,0x01,0x00,0x00,0x02,0x01,0x22,0xe6,0xff,0xa0,0x2e,0x0b,0x09,
  0x28,0x99,0xff,0xff,0x54,0x00,0x01,0x64,0x8c,0x30,0x00,0x02,0x02,0x00,0x67,0x8c,0x2e,0x00,0x1d,0x7a,0x6b,0x00,0x14,0x8d,
  0xe9,0xfc,0xa1,0x8c,0x4b,0x00,0x00,0x00,0x42,0x7d,0x89,0x58,0x02,0x3b,0x8c,0x4e,0x00,0x00,0x46,0x8c,0x41,0x0f,0x70,0x3f,
  0x00,0x79,0x8c,0x13,0x30,0x7c,0x13,0x00,0x00,0x01,0x49,0x81,0x87,0x51,0x00,0x49,0x8c,0x42,0x00,0x02,0x00,0x00,0x03,0x00,
  0x40,0xff,0xd7,0x00,0x00,0x00,0x0f,0xf4,0xfa,0x1c,0x00,0x02,0x00,0x02,0x00,0xb0,0xff,0x92,0x00,0x00,0x00,0x02,0x00,0x00,
  0x70,0x95,0x6e,0x03,0x00,0xc4,0xff,0x5f,0x00,0x04,0x03,0x00,0xca,0xff,0x5a,0x00,0x3d,0xff,0xf1,0x00,0x27,0xff,0xff,0xff,
  0xff,0xff,0x93,0x00,0x14,0xb3,0xff,0xff,0xff,0xff,0xc9,0xab,0xff,0x9b,0x00,0x00,0x8c,0xff,0xc0,0xe0,0xff,0x86,0x00,0xf0,
  0xff,0xae,0xff,0xff,0x29,0x00,0x1d,0xc0,0xff,0xff,0xff,0xff,0xbb,0xb9,0xff,0x82,0x00,0x04,0x00,0x00,0x01,0x00,0x10,0x39,
  0x28,0x01,0x02,0x02,0x15,0xf5,0xf8,0x19,0x00,0x02,0x02,0x00,0x24,0xfc,0xef,0x13,0x01,0x04,0x00,0x00,0x00,0x00,0x00,0x00,
  0x00,0x00,0x00,0xb3,0xfb,0x56,0x00,0x04,0x03,0x00,0xb9,0xfb,0x53,0x00,0x37,0xfb,0xd8,0x01,0x06,0x2c,0xdb,0xff,0x56,0x29,
  0x1a,0x01,0xaf,0xff,0xdc,0x5c,0x2e,0x54,0xdd,0xff,0xfb,0x91,0x00,0x00,0x83,0xfb,0xff,0xc2,0x67,0x2b,0x00,0xd7,0xfb,0xff,
  0x95,0x5c,0x0e,0x05,0xc3,0xff,0xd0,0x53,0x2e,0x5d,0xea,0xff,0xfb,0x7a,0x00,0x04,0x00,0x00,0x00,0x00,0x00,0x00,0x00,0x00,
  0x05,0x00,0x5e,0xff,0xc5,0x02,0x01,0x00,0x04,0x00,0x4d,0xff,0xbf,0x00,0x03,0x00,0x78,0xac,0xa9,0xad,0xb0,0xab,0xab,0x32,
  0x00,0xb8,0xff,0x58,0x00,0x04,0x03,0x00,0xbc,0xff,0x54,0x00,0x38,0xff,0xdb,0x01,0x00,0x00,0xd2,0xff,0x2d,0x00,0x00,0x34,
  0xff,0xed,0x26,0x00,0x00,0x00,0x16,0xe2,0xff,0x91,0x00,0x00,0x82,0xff,0xcb,0x00,0x00,0x00,0x00,0xd5,0xff,0x7c,0x00,0x00,
  0x00,0x48,0xff,0xe2,0x18,0x00,0x00,0x00,0x25,0xed,0xff,0x7b,0x00,0x04,0x00,0x00,0x00,0x00,0x01,0x03,0x02,0x03,0x00,0x1e,
  0xe3,0xff,0x4a,0x00,0x03,0x00,0x04,0x00,0x52,0xfe,0xb8,0x00,0x05,0x00,0xb3,0xff,0xfe,0xff,0xff,0xff,0xff,0x51,0x00,0xb9,
  0xff,0x58,0x00,0x04,0x03,0x00,0xbc,0xff,0x54,0x00,0x38,0xff,0xdb,0x01,0x00,0x05,0xd4,0xff,0x37,0x02,0x01,0x6b,0xff,0xa9,
  0x00,0x05,0x02,0x07,0x00,0x90,0xff,0x8f,0x00,0x00,0x81,0xff,0x90,0x00,0x08,0x02,0x00,0xd8,0xff,0x3b,0x03,0x0b,0x01,0x81,
  0xfe,0x92,0x00,0x07,0x02,0x06,0x00,0xa7,0xff,0x78,0x00,0x04,0x00,0x00,0x00,0x00,0x00,0x00,0x04,0x00,0x16,0xcc,0xff,0x91,
  0x00,0x03,0x00,0x00,0x03,0x00,0x33,0xff,0xe2,0x06,0x03,0x02,0x0f,0x17,0x18,0x18,0x2c,0xf1,0xfb,0x34,0x00,0xb8,0xff,0x57,
  0x01,0x04,0x03,0x01,0xbb,0xff,0x54,0x00,0x38,0xff,0xdb,0x01,0x00,0x03,0xd4,0xff,0x36,0x00,0x00,0x73,0xfe,0x96,0x02,0x04,
  0x00,0x05,0x03,0x7d,0xff,0x8e,0x00,0x00,0x81,0xff,0x8a,0x01,0x04,0x00,0x00,0xd8,0xff,0x37,0x00,0x07,0x00,0x8a,0xfe,0x80,
  0x03,0x05,0x00,0x05,0x02,0x94,0xff,0x78,0x00,0x04,0x00,0x00,0x00,0x00,0x00,0x04,0x00,0x25,0xd1,0xff,0xa3,0x03,0x04,0x01,
  0x00,0x00,0x00,0x01,0x05,0xd1,0xff,0x64,0x00,0x02,0x00,0x00,0x00,0x00,0x6d,0xff,0xcd,0x05,0x00,0xb0,0xfe,0x6a,0x00,0x08,
  0x03,0x00,0xcd,0xff,0x55,0x00,0x38,0xff,0xdb,0x01,0x00,0x03,0xd4,0xff,0x34,0x03,0x01,0x52,0xff,0xcf,0x00,0x00,0x04,0x02,
  0x00,0xb4,0xff,0x90,0x00,0x00,0x81,0xff,0x8a,0x00,0x04,0x00,0x00,0xd8,0xff,0x37,0x00,0x06,0x00,0x69,0xff,0xbb,0x00,0x02,
  0x04,0x01,0x00,0xc7,0xff,0x79,0x00,0x04,0x00,0x00,0x00,0x00,0x01,0x00,0x41,0xe7,0xff,0x90,0x00,0x00,0x00,0x00,0x00,0x00,
  0x00,0x03,0x00,0x46,0xff,0xf6,0x5d,0x03,0x00,0x00,0x02,0x5c,0xf9,0xff,0x43,0x00,0x00,0x80,0xff,0xcb,0x15,0x00,0x00,0x54,
  0xfc,0xfe,0x57,0x00,0x38,0xfe,0xda,0x01,0x00,0x02,0xd4,0xfc,0x38,0x00,0x00,0x11,0xe7,0xff,0x7f,0x02,0x00,0x00,0x69,0xff,
  0xfe,0x92,0x00,0x00,0x81,0xfe,0x8a,0x00,0x04,0x00,0x00,0xd7,0xfe,0x37,0x00,0x04,0x00,0x1e,0xf4,0xfd,0x6d,0x00,0x00,0x00,
  0x7d,0xff,0xfe,0x7c,0x00,0x04,0x00,0x00,0x00,0x02,0x01,0x61,0xf6,0xfc,0x80,0x03,0x0a,0x09,0x09,0x03,0x00,0x00,0x00,0x00,
  0x02,0x00,0x60,0xf8,0xff,0xde,0xa9,0xa7,0xd8,0xff,0xf8,0x5f,0x00,0x04,0x01,0x1c,0xe7,0xff,0xe6,0xa5,0xbe,0xff,0xfa,0xff,
  0x58,0x00,0x38,0xff,0xdc,0x01,0x02,0x00,0xb6,0xff,0xd0,0xa0,0x58,0x00,0x57,0xff,0xff,0xd2,0xa1,0xcf,0xff,0xe1,0xff,0x93,
  0x00,0x00,0x82,0xff,0x8b,0x00,0x04,0x00,0x00,0xd9,0xff,0x37,0x00,0x03,0x03,0x00,0x69,0xff,0xff,0xca,0xa1,0xd7,0xff,0xe2,
  0xff,0x7c,0x00,0x04,0x00,0x00,0x03,0x00,0x43,0xff,0xff,0xff,0xe6,0xf1,0xf1,0xec,0xf1,0x53,0x00,0x04,0x00,0x00,0x00,0x03,
  0x00,0x2b,0x97,0xe2,0xff,0xff,0xe6,0x9b,0x2c,0x00,0x03,0x00,0x01,0x00,0x29,0xaf,0xf2,0xff,0xe8,0x6c,0xb9,0xfb,0x53,0x00,
  0x37,0xfb,0xd8,0x00,0x01,0x01,0x2c,0xc6,0xfa,0xff,0x8d,0x01,0x00,0x47,0xbf,0xfc,0xff,0xe0,0x55,0x75,0xfb,0x8c,0x00,0x00,
  0x7f,0xfb,0x88,0x00,0x04,0x00,0x00,0xd5,0xfb,0x36,0x00,0x03,0x00,0x02,0x00,0x55,0xc7,0xff,0xff,0xd8,0x48,0x8a,0xfb,0x76,
  0x00,0x04,0x00,0x00,0x02,0x00,0x3b,0xbf,0xbd,0xc1,0xc9,0xc7,0xc7,0xc4,0xc6,0x45,0x00,0x03,0x00,0x00,0x00,0x00,0x03,0x00,
  0x00,0x04,0x16,0x17,0x06,0x00,0x00,0x03,0x00,0x00,0x00,0x01,0x00,0x00,0x12,0x18,0x03,0x00,0x14,0x1c,0x09,0x00,0x06,0x1c,
  0x18,0x00,0x00,0x00,0x00,0x00,0x17,0x19,0x0d,0x00,0x02,0x00,0x00,0x15,0x17,0x00,0x00,0x0e,0x1c,0x10,0x00,0x00,0x0e,0x1c,
  0x0f,0x00,0x00,0x00,0x00,0x18,0x1c,0x06,0x00,0x00,0x00,0x00,0x02,0x00,0x00,0x16,0x16,0x00,0x00,0x11,0x1c,0x0d,0x00,0x00,
  0x00,0x00,0x00,0x00,0x00,0x00,0x00,0x00,0x00,0x00,0x00,0x00,0x00,0x00,0x00,0x00,0x00,0x00,0x00,0x00,0x00,0x02,0x04,0x00,
  0x00,0x00,0x00,0x03,0x02,0x00,0x00,0x00,0x00,0x00,0x02,0x02,0x00,0x00,0x00,0x03,0x00,0x00,0x00,0x00,0x00,0x00,0x00,0x00,
  0x00,0x00,0x02,0x00,0x00,0x00,0x00,0x00,0x00,0x03,0x01,0x00,0x00,0x00,0x03,0x00,0x00,0x00,0x00,0x00,0x00,0x00,0x00,0x00,
  0x00,0x00,0x00,0x00,0x00,0x00,0x00,0x00,0x00,0x00,0x00,0x03,0x00,0x00,0x00,0x00,0x03,0x00,0x00,0x00,0x00,0x00,0x00,0x00,
  0x00,0x00,0x01,0x03,0x03,0x03,0x03,0x03,0x03,0x03,0x03,0x01,0x00,0x00,
};
const lv_img_dsc_t txt_ch_08 = {
  .header.cf = LV_IMG_CF_ALPHA_8BIT,
  .header.always_zero = 0,
  .header.reserved = 0,
  .header.w = 94,
  .header.h = 17,
  .data_size = 1598,
  .data = txt_ch_08_map,
};

static const uint8_t txt_ch_09_map[] = {
  0x00,0x00,0x00,0x00,0x00,0x00,0x00,0x00,0x00,0x00,0x00,0x00,0x00,0x00,0x00,0x01,0x00,0x00,0x00,0x00,0x00,0x00,0x00,0x00,
  0x00,0x00,0x00,0x00,0x00,0x00,0x00,0x00,0x02,0x03,0x00,0x00,0x00,0x00,0x00,0x01,0x03,0x01,0x00,0x02,0x01,0x00,0x00,0x00,
  0x00,0x00,0x00,0x00,0x00,0x00,0x00,0x00,0x00,0x00,0x00,0x00,0x00,0x00,0x00,0x00,0x02,0x02,0x00,0x00,0x00,0x00,0x00,0x00,
  0x01,0x02,0x01,0x00,0x00,0x17,0x01,0x00,0x01,0x00,0x00,0x00,0x00,0x00,0x00,0x00,0x00,0x00,0x00,0x00,0x00,0x00,0x00,0x00,
  0x00,0x00,0x00,0x01,0x00,0x00,0x00,0x04,0x00,0x00,0x00,0x00,0x00,0x00,0x00,0x00,0x00,0x00,0x00,0x00,0x00,0x00,0x00,0x00,
  0x00,0x00,0x00,0x00,0x00,0x00,0x00,0x01,0x00,0x00,0x00,0x00,0x00,0x00,0x00,0x00,0x00,0x66,0xef,0xac,0x05,0x01,0x00,0x00,
  0x00,0x00,0x00,0x00,0x00,0x00,0x00,0x01,0x00,0x0b,0xb5,0xbe,0x19,0x00,0x01,0x01,0x00,0x0d,0x3a,0x07,0x00,0x2a,0x1e,0x00,
  0x01,0x00,0x00,0x00,0x00,0x00,0x00,0x00,0x00,0x00,0x00,0x00,0x00,0x00,0x00,0x03,0x00,0x63,0xc8,0x83,0x00,0x02,0x00,0x00,
  0x02,0x00,0x26,0xc6,0xba,0x04,0x9c,0xff,0xed,0x0a,0x00,0x01,0x00,0x01,0x03,0x04,0x04,0x03,0x01,0x00,0x01,0x00,0x10,0xfe,
  0xff,0x23,0x00,0x04,0x01,0x26,0xea,0xff,0xe7,0x97,0xff,0x4d,0x04,0x04,0x00,0x00,0x00,0x00,0x03,0x04,0x04,0x04,0x02,0x00,
  0x00,0x00,0x00,0x00,0x03,0x00,0x32,0xff,0xf5,0x15,0x00,0x02,0x00,0x04,0x00,0x80,0xff,0xa6,0x00,0x0e,0x60,0x2a,0x00,0x01,
  0x00,0x03,0x00,0x00,0x00,0x00,0x00,0x00,0x03,0x01,0x00,0x0f,0xee,0xf9,0x21,0x00,0x05,0x02,0x59,0x9a,0x10,0x7a,0xd2,0x77,
  0x00,0x00,0x00,0x00,0x00,0x01,0x01,0x00,0x00,0x00,0x00,0x00,0x02,0x01,0x00,0x00,0x00,0x00,0x02,0x00,0xb7,0xff,0x63,0x00,
  0x04,0x01,0x00,0x07,0xda,0xfd,0x39,0x00,0x38,0x79,0x51,0x00,0x02,0x02,0x00,0x10,0x54,0x84,0x86,0x58,0x14,0x00,0x03,0x00,
  0x0f,0xf1,0xfc,0x21,0x00,0x04,0x00,0x1a,0x59,0x81,0x65,0x1d,0x00,0x83,0x8a,0x12,0x00,0x02,0x00,0x00,0x3c,0x78,0x8a,0x6b,
  0x2a,0x00,0x00,0x00,0x00,0x00,0x00,0x04,0x00,0x57,0xff,0xc0,0x00,0x02,0x04,0x00,0x44,0xff,0xcc,0x04,0x00,0x71,0xff,0xb5,
  0x00,0x06,0x00,0x4a,0xdf,0xff,0xff,0xff,0xff,0xe6,0x5a,0x00,0x00,0x0f,0xf1,0xfc,0x21,0x00,0x00,0x60,0xee,0xff,0xff,0xff,
  0xff,0x93,0xfe,0xff,0x24,0x00,0x00,0x1a,0xb7,0xff,0xff,0xff,0xff,0xff,0x93,0x05,0x02,0x01,0x00,0x00,0x01,0x00,0x0c,0xe5,
  0xfc,0x2b,0x00,0x05,0x00,0xa2,0xff,0x6a,0x00,0x00,0x66,0xfb,0xa3,0x00,0x01,0x34,0xfa,0xff,0x8e,0x36,0x35,0x87,0xff,0xff,
  0x44,0x00,0x12,0xf1,0xfc,0x24,0x00,0x41,0xff,0xff,0x95,0x38,0x35,0x91,0xff,0xfa,0xf3,0x22,0x00,0x09,0xc8,0xff,0xbd,0x48,
  0x2e,0x62,0xe4,0xff,0x8f,0x00,0x02,0x00,0x00,0x00,0x03,0x00,0x89,0xff,0x81,0x00,0x01,0x16,0xf1,0xf2,0x17,0x01,0x00,0x68,
  0xff,0xa6,0x00,0x00,0xac,0xff,0x88,0x00,0x00,0x00,0x00,0x79,0xff,0xc2,0x00,0x10,0xf2,0xfc,0x23,0x00,0xb5,0xff,0x91,0x00,
  0x00,0x00,0x00,0x80,0xff,0xf5,0x26,0x00,0x5b,0xff,0xce,0x07,0x00,0x00,0x00,0x2f,0xf2,0xfb,0x25,0x00,0x02,0x00,0x00,0x02,
  0x00,0x2c,0xfd,0xdd,0x0a,0x01,0x64,0xff,0x9f,0x00,0x06,0x00,0x68,0xff,0xa7,0x00,0x0d,0xe4,0xfe,0x2c,0x03,0x05,0x04,0x03,
  0x1b,0xf9,0xf5,0x11,0x0a,0xf3,0xfd,0x1e,0x03,0xe7,0xfe,0x2d,0x02,0x05,0x04,0x03,0x1c,0xf9,0xfa,0x25,0x00,0x9a,0xfe,0x79,
  0x00,0x07,0x02,0x05,0x00,0xb8,0xff,0x5b,0x00,0x04,0x00,0x00,0x00,0x02,0x00,0xbe,0xff,0x47,0x00,0xc7,0xff,0x3d,0x00,0x07,
  0x00,0x68,0xff,0xa7,0x00,0x12,0xef,0xfe,0x24,0x02,0x02,0x01,0x02,0x11,0xf4,0xfc,0x1a,0x08,0xf3,0xfd,0x1d,0x06,0xf0,0xfe,
  0x23,0x02,0x02,0x01,0x02,0x11,0xf3,0xfc,0x25,0x00,0xa6,0xfe,0x6a,0x03,0x04,0x00,0x04,0x02,0xa6,0xfd,0x65,0x00,0x04,0x00,
  0x00,0x00,0x04,0x00,0x59,0xff,0x97,0x1d,0xff,0xd3,0x04,0x01,0x04,0x00,0x68,0xff,0xa7,0x00,0x06,0xd1,0xfd,0x47,0x00,0x06,
  0x05,0x00,0x3a,0xfc,0xe3,0x05,0x0d,0xf2,0xfd,0x21,0x00,0xd2,0xfd,0x53,0x00,0x06,0x06,0x00,0x3c,0xfe,0xf7,0x26,0x00,0x85,
  0xff,0x9b,0x00,0x05,0x04,0x00,0x00,0xd7,0xff,0x44,0x00,0x03,0x00,0x00,0x00,0x01,0x00,0x0d,0xec,0xe4,0xa0,0xff,0x71,0x00,
  0x04,0x04,0x00,0x68,0xfe,0xa6,0x00,0x00,0x79,0xff,0xc7,0x1b,0x00,0x00,0x1c,0xc5,0xff,0x87,0x00,0x13,0xf1,0xfb,0x25,0x00,
  0x7d,0xff,0xd6,0x27,0x00,0x00,0x1a,0xcf,0xff,0xf5,0x25,0x00,0x30,0xfd,0xf3,0x47,0x00,0x00,0x04,0x88,0xff,0xd5,0x09,0x01,
  0x01,0x00,0x00,0x00,0x00,0x04,0x00,0x91,0xff,0xff,0xf4,0x1b,0x00,0x02,0x04,0x00,0x69,0xff,0xa7,0x00,0x04,0x0a,0xbc,0xff,
  0xf2,0xab,0xad,0xf6,0xff,0xbe,0x0d,0x00,0x10,0xf3,0xfe,0x22,0x00,0x0d,0xc5,0xff,0xf9,0xaf,0xad,0xfc,0xf0,0xf7,0xfc,0x22,
  0x00,0x00,0x76,0xff,0xff,0xbd,0xa2,0xdb,0xff,0xec,0x38,0x00,0x02,0x00,0x00,0x00,0x00,0x00,0x02,0x01,0x31,0xf4,0xfa,0xa2,
  0x00,0x03,0x00,0x04,0x00,0x66,0xfb,0xa3,0x00,0x05,0x00,0x08,0x7c,0xda,0xff,0xff,0xd7,0x79,0x07,0x00,0x00,0x0f,0xed,0xf8,
  0x20,0x00,0x00,0x0e,0x8d,0xe3,0xff,0xf8,0xa7,0x2b,0xe7,0xfa,0x20,0x00,0x04,0x00,0x51,0xc1,0xfc,0xff,0xea,0x9d,0x27,0x00,
  0x02,0x00,0x00,0x00,0x00,0x00,0x00,0x00,0x00,0x00,0x19,0x1c,0x0a,0x01,0x01,0x00,0x00,0x00,0x0c,0x1c,0x12,0x00,0x00,0x01,
  0x00,0x00,0x02,0x17,0x16,0x01,0x00,0x00,0x01,0x00,0x02,0x1b,0x1c,0x04,0x00,0x01,0x00,0x00,0x0a,0x19,0x0d,0x00,0x00,0x1c,
  0x1c,0x04,0x00,0x00,0x02,0x00,0x00,0x12,0x18,0x09,0x00,0x00,0x02,0x00,0x00,0x00,0x00,0x00,0x00,0x00,0x00,0x00,0x00,0x00,
  0x00,0x00,0x00,0x00,0x00,0x00,0x00,0x00,0x00,0x00,0x00,0x00,0x00,0x01,0x04,0x00,0x00,0x00,0x00,0x04,0x01,0x00,0x00,0x00,
  0x00,0x00,0x00,0x00,0x00,0x01,0x03,0x00,0x00,0x00,0x03,0x02,0x00,0x00,0x00,0x00,0x00,0x00,0x03,0x01,0x00,0x00,0x00,0x03,
  0x02,0x00,0x00,0x00,0x00,
};
const lv_img_dsc_t txt_ch_09 = {
  .header.cf = LV_IMG_CF_ALPHA_8BIT,
  .header.always_zero = 0,
  .header.reserved = 0,
  .header.w = 61,
  .header.h = 17,
  .data_size = 1037,
  .data = txt_ch_09_map,
};

static const uint8_t txt_ch_10_map[] = {
  0x00,0x00,0x01,0x02,0x02,0x02,0x02,0x02,0x02,0x02,0x02,0x00,0x00,0x00,0x00,0x00,0x00,0x00,0x00,0x00,0x00,0x00,0x00,0x00,
  0x00,0x00,0x00,0x00,0x00,0x00,0x00,0x00,0x00,0x00,0x00,0x00,0x00,0x00,0x00,0x00,0x00,0x00,0x00,0x00,0x00,0x00,0x00,0x00,
  0x00,0x00,0x00,0x00,0x00,0x00,0x00,0x00,0x00,0x00,0x00,0x00,0x00,0x00,0x00,0x00,0x00,0x00,0x00,0x00,0x00,0x00,0x00,0x00,
  0x00,0x00,0x00,0x00,0x00,0x00,0x00,0x00,0x00,0x00,0x00,0x00,0x00,0x00,0x00,0x00,0x00,0x00,0x00,0x00,0x00,0x00,0x00,0x00,
  0x00,0x00,0x00,0x00,0x00,0x00,0x00,0x00,0x00,0x00,0x00,0x00,0x00,0x00,0x01,0x14,0x16,0x03,0x00,0x00,0x00,0x00,0x00,0x00,
  0x00,0x00,0x00,0x00,0x00,0x00,0x00,0x00,0x00,0x00,0x00,0x00,0x00,0x00,0x00,0x12,0x16,0x05,0x00,0x00,0x00,0x00,0x00,0x00,
  0x00,0x00,0x00,0x00,0x00,0x00,0x00,0x00,0x00,0x00,0x08,0x16,0x16,0x16,0x1a,0x19,0x16,0x16,0x16,0x05,0x00,0x00,0x00,0x00,
  0x00,0x00,0x00,0x00,0x00,0x00,0x00,0x00,0x00,0x00,0x00,0x00,0x00,0x00,0x00,0x00,0x01,0x00,0x0b,0xe5,0xf5,0x21,0x00,0x02,
  0x00,0x00,0x00,0x00,0x00,0x00,0x00,0x00,0x00,0x00,0x00,0x00,0x00,0x00,0x00,0x00,0x00,0x00,0x00,0xcc,0xf6,0x38,0x00,0x03,
  0x00,0x00,0x00,0x00,0x00,0x00,0x00,0x00,0x00,0x00,0x00,0x00,0x04,0x00,0x5e,0xff,0xff,0xff,0xf8,0xf8,0xff,0xff,0xff,0x3f,
  0x00,0x03,0x01,0x04,0x03,0x02,0x03,0x03,0x01,0x00,0x00,0x00,0x00,0x01,0x03,0x03,0x02,0x03,0x04,0x01,0x01,0x00,0x0b,0xf0,
  0xff,0x22,0x00,0x02,0x00,0x03,0x03,0x02,0x03,0x03,0x01,0x02,0x02,0x00,0x00,0x00,0x00,0x02,0x03,0x02,0x03,0x04,0x01,0xd5,
  0xff,0x3b,0x00,0x03,0x00,0x01,0x04,0x03,0x02,0x03,0x04,0x01,0x00,0x00,0x00,0x00,0x03,0x00,0x3d,0xae,0xa8,0xb4,0xff,0xfd,
  0xb3,0xaa,0xad,0x29,0x00,0x04,0x00,0x00,0x00,0x00,0x00,0x00,0x00,0x01,0x00,0x00,0x01,0x00,0x00,0x00,0x00,0x00,0x00,0x00,
  0x03,0x00,0x0b,0xec,0xfd,0x22,0x00,0x02,0x01,0x00,0x00,0x00,0x00,0x00,0x00,0x00,0x00,0x00,0x00,0x00,0x02,0x00,0x00,0x00,
  0x00,0x00,0x00,0xd4,0xfe,0x3a,0x00,0x03,0x02,0x00,0x00,0x00,0x00,0x00,0x00,0x00,0x01,0x00,0x00,0x00,0x00,0x00,0x00,0x00,
  0x00,0x0b,0xfa,0xf0,0x09,0x00,0x00,0x00,0x01,0x00,0x0b,0x67,0xae,0xc7,0xa7,0x5b,0x02,0x00,0x01,0x01,0x00,0x00,0x56,0xa4,
  0xc6,0xb1,0x70,0x11,0x00,0x00,0x0b,0xed,0xfe,0x22,0x00,0x03,0x00,0x48,0x9d,0xc5,0xad,0x4d,0x0e,0xc0,0xb4,0x0e,0x00,0x03,
  0x00,0x31,0x8f,0xc2,0xb7,0x68,0x05,0xce,0xff,0x3a,0x00,0x05,0x00,0x0c,0x67,0xae,0xc7,0xa6,0x5c,0x04,0x00,0x01,0x00,0x00,
  0x00,0x00,0x01,0x04,0x03,0x1a,0xfb,0xf1,0x18,0x03,0x04,0x03,0x00,0x21,0xd2,0xff,0xff,0xf2,0xff,0xff,0xbb,0x10,0x02,0x02,
  0x0a,0xb0,0xff,0xff,0xf2,0xff,0xff,0xd6,0x22,0x00,0x0d,0xed,0xfe,0x22,0x00,0x00,0x8f,0xff,0xff,0xf9,0xfc,0xff,0xb8,0xff,
  0xf9,0x13,0x00,0x00,0x5f,0xf9,0xff,0xff,0xf5,0xff,0xcb,0xdf,0xff,0x3b,0x00,0x00,0x26,0xd3,0xff,0xff,0xf2,0xff,0xff,0xc4,
  0x17,0x01,0x01,0x00,0x00,0x00,0x00,0x01,0x00,0x17,0xfb,0xf1,0x15,0x00,0x02,0x02,0x03,0xc1,0xff,0xa2,0x25,0x10,0x2c,0xab,
  0xff,0x98,0x00,0x00,0x87,0xff,0xcd,0x38,0x0f,0x26,0xb2,0xff,0xcc,0x03,0x0c,0xed,0xfe,0x26,0x00,0x5b,0xff,0xf3,0x66,0x15,
  0x15,0x6c,0xff,0xfd,0xe6,0x14,0x00,0x2c,0xfa,0xff,0x87,0x1c,0x11,0x4c,0xed,0xff,0xff,0x3d,0x00,0x09,0xce,0xff,0xa4,0x27,
  0x10,0x33,0xbe,0xff,0xb4,0x01,0x02,0x00,0x00,0x00,0x00,0x01,0x00,0x17,0xfb,0xf1,0x15,0x00,0x04,0x00,0x38,0xff,0xd4,0x00,
  0x00,0x00,0x00,0x03,0xe4,0xf5,0x12,0x0a,0xed,0xfb,0x31,0x00,0x00,0x00,0x10,0x6b,0x6c,0x09,0x08,0xee,0xff,0x23,0x00,0xc3,
  0xfe,0x72,0x00,0x00,0x00,0x00,0x79,0xff,0xe7,0x16,0x00,0x8d,0xff,0xa7,0x00,0x00,0x00,0x00,0x43,0xfc,0xff,0x3f,0x00,0x50,
  0xff,0xd1,0x03,0x00,0x00,0x00,0x12,0xe5,0xff,0x34,0x00,0x03,0x00,0x00,0x00,0x01,0x00,0x17,0xfb,0xf1,0x15,0x00,0x06,0x00,
  0x69,0xfe,0xef,0xdc,0xde,0xdd,0xde,0xdc,0xff,0xff,0x2f,0x24,0xff,0xdc,0x06,0x03,0x02,0x02,0x00,0x00,0x00,0x00,0x0b,0xed,
  0xff,0x1e,0x05,0xed,0xfc,0x23,0x03,0x04,0x04,0x03,0x25,0xff,0xeb,0x14,0x00,0xbc,0xfe,0x52,0x02,0x05,0x02,0x03,0x03,0xdd,
  0xff,0x3e,0x00,0x84,0xfe,0x89,0x00,0x06,0x01,0x05,0x00,0xa7,0xfe,0x64,0x00,0x04,0x00,0x00,0x00,0x01,0x00,0x17,0xfb,0xf1,
  0x15,0x00,0x06,0x00,0x6d,0xfe,0xef,0xe2,0xe3,0xe2,0xe2,0xe4,0xd5,0xd3,0x24,0x2a,0xff,0xd5,0x05,0x01,0x01,0x01,0x01,0x00,
  0x00,0x00,0x0b,0xed,0xff,0x1e,0x06,0xf1,0xfc,0x20,0x02,0x02,0x02,0x02,0x1f,0xff,0xec,0x14,0x00,0xc0,0xff,0x4d,0x03,0x04,
  0x01,0x01,0x01,0xd6,0xff,0x3e,0x00,0x89,0xfe,0x82,0x02,0x05,0x00,0x04,0x01,0x9f,0xfe,0x69,0x00,0x04,0x00,0x00,0x00,0x01,
  0x00,0x17,0xfb,0xf1,0x15,0x00,0x04,0x00,0x47,0xff,0xc9,0x00,0x02,0x05,0x00,0x00,0x12,0x16,0x00,0x19,0xf6,0xf5,0x1b,0x00,
  0x05,0x00,0x00,0x2f,0x33,0x05,0x09,0xed,0xff,0x22,0x00,0xcf,0xfd,0x56,0x00,0x05,0x05,0x00,0x58,0xff,0xe8,0x16,0x00,0x9a,
  0xfe,0x8f,0x00,0x04,0x05,0x00,0x25,0xf6,0xff,0x3f,0x00,0x64,0xff,0xb9,0x00,0x02,0x04,0x00,0x01,0xd6,0xff,0x43,0x00,0x03,
  0x00,0x00,0x00,0x01,0x00,0x17,0xfa,0xf0,0x15,0x00,0x02,0x01,0x0a,0xdc,0xff,0x71,0x01,0x00,0x03,0x81,0xeb,0xa6,0x01,0x00,
  0xaa,0xff,0xa2,0x0b,0x00,0x00,0x7a,0xff,0xd6,0x07,0x0a,0xed,0xfd,0x26,0x00,0x76,0xff,0xdc,0x31,0x00,0x00,0x2f,0xe6,0xff,
  0xe7,0x15,0x00,0x41,0xff,0xf3,0x53,0x00,0x00,0x16,0xc2,0xff,0xfe,0x3d,0x00,0x19,0xed,0xff,0x68,0x00,0x00,0x0a,0x90,0xff,
  0xd2,0x07,0x01,0x01,0x00,0x00,0x00,0x01,0x00,0x17,0xfe,0xf4,0x15,0x00,0x01,0x02,0x00,0x40,0xf5,0xff,0xd9,0xb3,0xdc,0xff,
  0xef,0x31,0x01,0x01,0x20,0xde,0xff,0xe4,0xb2,0xd3,0xff,0xf7,0x40,0x00,0x0e,0xf0,0xff,0x24,0x00,0x0a,0xbe,0xff,0xff,0xbe,
  0xc1,0xff,0xe3,0xfd,0xef,0x13,0x00,0x00,0x8e,0xff,0xff,0xc9,0xb7,0xfa,0xf2,0xeb,0xff,0x3c,0x00,0x00,0x53,0xfb,0xff,0xd2,
  0xb3,0xe5,0xff,0xe9,0x33,0x00,0x02,0x00,0x00,0x00,0x00,0x01,0x00,0x16,0xf2,0xe8,0x14,0x00,0x01,0x00,0x02,0x00,0x2e,0xa6,
  0xec,0xff,0xe9,0xa0,0x23,0x00,0x01,0x01,0x00,0x1b,0x96,0xe5,0xff,0xf0,0xae,0x34,0x00,0x00,0x0a,0xe5,0xf5,0x21,0x00,0x00,
  0x0b,0x86,0xdc,0xff,0xed,0x8e,0x29,0xf1,0xe5,0x11,0x00,0x02,0x00,0x69,0xcf,0xfe,0xf8,0xb2,0x26,0xc4,0xf6,0x38,0x00,0x05,
  0x00,0x3a,0xaf,0xf1,0xff,0xe3,0x97,0x22,0x00,0x02,0x00,0x00,0x00,0x00,0x00,0x00,0x00,0x02,0x15,0x15,0x02,0x00,0x00,0x00,
  0x00,0x02,0x00,0x00,0x0a,0x12,0x09,0x00,0x00,0x02,0x00,0x00,0x01,0x00,0x00,0x07,0x12,0x0b,0x00,0x00,0x02,0x00,0x01,0x14,
  0x16,0x03,0x00,0x01,0x00,0x00,0x06,0x13,0x07,0x00,0x00,0x17,0x14,0x02,0x00,0x00,0x01,0x00,0x00,0x13,0x0c,0x00,0x00,0x14,
  0x16,0x05,0x00,0x00,0x02,0x00,0x00,0x0c,0x12,0x06,0x00,0x00,0x02,0x00,0x00,0x00,0x00,0x00,0x00,0x00,0x00,0x00,0x00,0x00,
  0x00,0x00,0x00,0x00,0x00,0x00,0x02,0x03,0x00,0x00,0x00,0x03,0x02,0x00,0x00,0x00,0x00,0x02,0x03,0x00,0x00,0x00,0x02,0x02,
  0x00,0x00,0x00,0x00,0x00,0x00,0x00,0x00,0x01,0x04,0x00,0x00,0x00,0x04,0x01,0x00,0x00,0x00,0x00,0x00,0x00,0x03,0x00,0x00,
  0x00,0x02,0x02,0x00,0x00,0x00,0x00,0x00,0x00,0x03,0x02,0x00,0x00,0x00,0x03,0x02,0x00,0x00,0x00,0x00,
};
const lv_img_dsc_t txt_ch_10 = {
  .header.cf = LV_IMG_CF_ALPHA_8BIT,
  .header.always_zero = 0,
  .header.reserved = 0,
  .header.w = 76,
  .header.h = 17,
  .data_size = 1292,
  .data = txt_ch_10_map,
};

static const uint8_t txt_ch_11_map[] = {
  0x00,0x00,0x00,0x00,0x00,0x00,0x00,0x00,0x00,0x00,0x00,0x00,0x00,0x00,0x00,0x00,0x00,0x00,0x00,0x00,0x00,0x00,0x00,0x00,
  0x00,0x00,0x01,0x00,0x00,0x00,0x00,0x00,0x00,0x00,0x00,0x00,0x00,0x00,0x00,0x00,0x00,0x00,0x00,0x00,0x00,0x00,0x00,0x00,
  0x00,0x00,0x00,0x00,0x00,0x00,0x00,0x01,0x02,0x02,0x02,0x02,0x02,0x03,0x02,0x00,0x00,0x00,0x00,0x00,0x00,0x00,0x00,0x00,
  0x00,0x00,0x00,0x00,0x00,0x00,0x00,0x17,0x00,0x00,0x01,0x00,0x00,0x00,0x00,0x00,0x00,0x00,0x00,0x00,0x00,0x00,0x00,0x00,
  0x00,0x00,0x00,0x00,0x00,0x00,0x00,0x00,0x00,0x00,0x00,0x00,0x00,0x00,0x00,0x00,0x00,0x00,0x00,0x02,0x00,0x00,0x00,0x00,
  0x00,0x00,0x00,0x00,0x00,0x00,0x00,0x00,0x03,0x00,0x67,0xef,0xa5,0x02,0x01,0x00,0x00,0x00,0x00,0x00,0x00,0x00,0x00,0x00,
  0x00,0x00,0x00,0x00,0x00,0x00,0x00,0x00,0x00,0x00,0x00,0x00,0x00,0x02,0x00,0x8d,0xc8,0xca,0xd0,0xd0,0xc6,0x94,0x36,0x00,
  0x01,0x00,0x00,0x00,0x02,0x04,0x04,0x04,0x01,0x01,0x04,0x03,0x04,0x00,0xa1,0xff,0xe6,0x05,0x03,0x05,0x03,0x00,0x00,0x00,
  0x03,0x04,0x02,0x00,0x00,0x00,0x02,0x04,0x04,0x04,0x02,0x00,0x00,0x00,0x00,0x00,0x00,0x03,0x00,0xbc,0xff,0xf1,0xe6,0xe7,
  0xf6,0xff,0xfc,0x50,0x00,0x03,0x00,0x02,0x00,0x00,0x00,0x00,0x00,0x00,0x00,0x00,0x01,0x00,0x0b,0x60,0x27,0x00,0x00,0x00,
  0x00,0x01,0x00,0x01,0x00,0x00,0x00,0x00,0x01,0x02,0x00,0x00,0x00,0x00,0x00,0x02,0x01,0x00,0x00,0x00,0x00,0x03,0x00,0xaf,
  0xfc,0x59,0x03,0x09,0x13,0x89,0xff,0xcf,0x02,0x01,0x01,0x00,0x2c,0x71,0x8a,0x67,0x11,0x19,0x8c,0x69,0x00,0x00,0x36,0x79,
  0x4e,0x00,0x62,0x8c,0x51,0x00,0x04,0x00,0x57,0x90,0x3f,0x00,0x00,0x00,0x33,0x72,0x8b,0x6f,0x2f,0x00,0x00,0x00,0x00,0x00,
  0x00,0x03,0x00,0xb1,0xff,0x53,0x00,0x01,0x00,0x19,0xfc,0xe1,0x05,0x00,0x00,0x85,0xfe,0xff,0xff,0xff,0xed,0x94,0xff,0xd0,
  0x00,0x00,0x73,0xff,0xaf,0x00,0x4d,0xff,0xf7,0x27,0x01,0x27,0xfb,0xf4,0x1e,0x00,0x0c,0xa4,0xff,0xff,0xff,0xff,0xff,0x9c,
  0x07,0x02,0x01,0x00,0x00,0x03,0x00,0xb1,0xff,0x5e,0x0a,0x0f,0x1d,0x97,0xff,0x93,0x00,0x00,0x68,0xff,0xf6,0x78,0x31,0x40,
  0xb9,0xff,0xfb,0xc0,0x00,0x00,0x68,0xfb,0x9b,0x00,0x00,0x84,0xff,0xb8,0x01,0xb5,0xff,0x42,0x00,0x01,0xa7,0xff,0xcf,0x51,
  0x2d,0x5a,0xdb,0xff,0x99,0x00,0x02,0x00,0x00,0x03,0x00,0xb4,0xff,0xf9,0xfb,0xfa,0xff,0xff,0x93,0x00,0x01,0x08,0xdc,0xfe,
  0x60,0x00,0x00,0x00,0x00,0xbc,0xff,0xc0,0x00,0x00,0x6a,0xff,0x9e,0x00,0x04,0x0b,0xda,0xff,0xaa,0xff,0x9c,0x00,0x01,0x36,
  0xff,0xe3,0x16,0x00,0x00,0x00,0x22,0xeb,0xfe,0x2b,0x00,0x02,0x00,0x03,0x00,0xb3,0xff,0xcf,0xb7,0xb9,0xc4,0xf7,0xce,0x39,
  0x00,0x2a,0xfd,0xe6,0x0a,0x03,0x04,0x07,0x00,0x57,0xff,0xbf,0x00,0x00,0x6a,0xff,0x9e,0x00,0x07,0x00,0x43,0xf4,0xff,0xd2,
  0x10,0x04,0x00,0x71,0xfe,0x9b,0x00,0x06,0x02,0x06,0x00,0xa9,0xff,0x63,0x00,0x04,0x00,0x03,0x00,0xb1,0xff,0x50,0x00,0x00,
  0x00,0x44,0xff,0xe5,0x08,0x2b,0xff,0xd9,0x06,0x01,0x01,0x03,0x03,0x46,0xff,0xc0,0x00,0x00,0x6a,0xff,0x9e,0x00,0x05,0x03,
  0x00,0xd5,0xfd,0xab,0x00,0x08,0x00,0x7b,0xfe,0x8a,0x03,0x04,0x00,0x05,0x02,0x98,0xfd,0x6d,0x00,0x04,0x00,0x03,0x00,0xb1,
  0xff,0x5b,0x06,0x09,0x04,0x00,0xc8,0xff,0x37,0x0c,0xf4,0xf7,0x25,0x00,0x06,0x06,0x00,0x7e,0xff,0xbf,0x00,0x00,0x6a,0xff,
  0x9e,0x00,0x08,0x00,0x7d,0xff,0xf9,0xff,0x54,0x00,0x00,0x5b,0xff,0xba,0x00,0x02,0x04,0x00,0x00,0xcb,0xff,0x4c,0x00,0x03,
  0x00,0x03,0x00,0xb0,0xfe,0x4d,0x00,0x00,0x00,0x28,0xe9,0xff,0x34,0x00,0xac,0xff,0xb3,0x11,0x00,0x00,0x3c,0xf3,0xfe,0xc2,
  0x00,0x00,0x6a,0xfe,0x9d,0x00,0x00,0x2b,0xfd,0xbe,0x56,0xff,0xe1,0x12,0x01,0x16,0xed,0xfd,0x5f,0x00,0x00,0x00,0x79,0xff,
  0xde,0x0c,0x01,0x01,0x00,0x03,0x00,0xb4,0xff,0xbf,0x9c,0xa0,0xab,0xf1,0xff,0xb2,0x04,0x02,0x22,0xe4,0xff,0xe7,0xa5,0xbc,
  0xff,0xe4,0xff,0xc5,0x00,0x00,0x6b,0xff,0xa0,0x00,0x07,0xcb,0xff,0x37,0x00,0xaa,0xff,0x9c,0x00,0x00,0x56,0xfe,0xff,0xc5,
  0xa1,0xd4,0xff,0xf2,0x40,0x00,0x02,0x00,0x00,0x03,0x00,0xb1,0xfb,0xff,0xff,0xff,0xff,0xe2,0x8d,0x0d,0x00,0x02,0x00,0x23,
  0xa6,0xef,0xff,0xed,0x7d,0x49,0xfb,0xbe,0x00,0x00,0x68,0xfb,0x9e,0x00,0x7b,0xff,0x91,0x00,0x03,0x1a,0xe1,0xfb,0x46,0x01,
  0x00,0x3f,0xb6,0xf7,0xff,0xed,0xa4,0x2d,0x00,0x02,0x00,0x00,0x00,0x00,0x00,0x14,0x1c,0x1a,0x18,0x19,0x18,0x08,0x00,0x00,
  0x00,0x00,0x02,0x00,0x00,0x0f,0x19,0x07,0x00,0x05,0x1c,0x15,0x00,0x00,0x0c,0x1c,0x12,0x00,0x1d,0x1b,0x03,0x01,0x01,0x00,
  0x11,0x1c,0x15,0x00,0x03,0x00,0x00,0x10,0x18,0x0b,0x00,0x00,0x02,0x00,0x00,0x00,0x00,0x00,0x00,0x00,0x00,0x00,0x00,0x00,
  0x00,0x00,0x03,0x01,0x00,0x00,0x00,0x02,0x03,0x00,0x00,0x00,0x03,0x00,0x00,0x00,0x00,0x00,0x00,0x00,0x00,0x00,0x00,0x00,
  0x00,0x00,0x00,0x01,0x00,0x00,0x00,0x00,0x00,0x03,0x02,0x00,0x00,0x00,0x03,0x02,0x00,0x00,0x00,0x00,
};
const lv_img_dsc_t txt_ch_11 = {
  .header.cf = LV_IMG_CF_ALPHA_8BIT,
  .header.always_zero = 0,
  .header.reserved = 0,
  .header.w = 52,
  .header.h = 17,
  .data_size = 884,
  .data = txt_ch_11_map,
};

static const uint8_t txt_ch_12_map[] = {
  0x00,0x00,0x00,0x00,0x00,0x00,0x00,0x00,0x00,0x00,0x00,0x00,0x00,0x00,0x00,0x00,0x00,0x00,0x00,0x00,0x02,0x03,0x00,0x00,
  0x00,0x00,0x00,0x00,0x00,0x00,0x00,0x00,0x00,0x00,0x00,0x00,0x02,0x00,0x00,0x00,0x00,0x00,0x00,0x00,0x00,0x00,0x00,0x00,
  0x00,0x00,0x00,0x00,0x00,0x00,0x00,0x00,0x00,0x00,0x00,0x00,0x00,0x00,0x00,0x00,0x00,0x00,0x00,0x00,0x00,0x00,0x00,0x01,
  0x03,0x00,0x00,0x00,0x00,0x00,0x00,0x00,0x00,0x00,0x00,0x00,0x02,0x02,0x00,0x00,0x00,0x00,0x00,0x00,0x00,0x00,0x00,0x00,
  0x00,0x00,0x00,0x00,0x00,0x00,0x00,0x00,0x00,0x00,0x00,0x00,0x00,0x01,0x01,0x02,0x00,0x00,0x00,0x00,0x00,0x00,0x00,0x01,
  0x01,0x01,0x00,0x00,0x00,0x00,0x21,0x7a,0x0a,0x00,0x01,0x00,0x00,0x00,0x00,0x00,0x00,0x00,0x00,0x00,0x00,0x00,0x1e,0x00,
  0x00,0x01,0x00,0x00,0x00,0x00,0x00,0x00,0x00,0x00,0x00,0x00,0x00,0x00,0x00,0x00,0x00,0x00,0x00,0x00,0x00,0x01,0x00,0x00,
  0x00,0x00,0x00,0x00,0x00,0x00,0x00,0x00,0x00,0x12,0x87,0xff,0xe1,0x04,0x01,0x01,0x00,0x00,0x00,0x01,0x00,0x13,0xc4,0xba,
  0x12,0x00,0x83,0xf4,0x94,0x00,0x02,0x00,0x00,0x00,0x00,0x00,0x00,0x00,0x00,0x00,0x00,0x00,0x00,0x00,0x00,0x02,0x00,0x8f,
  0xce,0x8c,0x00,0x02,0x00,0x00,0x00,0x02,0x01,0x27,0xca,0xce,0x2b,0x0d,0xef,0xff,0x90,0x1e,0x01,0x01,0x00,0x02,0x04,0x04,
  0x05,0x02,0x19,0xff,0xfb,0x17,0x00,0xba,0xff,0xcc,0x00,0x01,0x00,0x00,0x02,0x04,0x04,0x04,0x01,0x01,0x04,0x03,0x00,0x00,
  0x00,0x00,0x03,0x00,0xbb,0xff,0xfc,0x26,0x01,0x02,0x00,0x00,0x03,0x00,0x95,0xff,0xff,0x38,0x12,0x7e,0x05,0x00,0x00,0x00,
  0x00,0x02,0x00,0x00,0x00,0x00,0x00,0x1a,0xf9,0xec,0x14,0x00,0x12,0x5b,0x19,0x00,0x01,0x00,0x02,0x00,0x00,0x00,0x00,0x00,
  0x00,0x00,0x00,0x00,0x00,0x00,0x00,0x03,0x00,0xb2,0xfd,0xff,0x93,0x00,0x03,0x00,0x02,0x01,0x1a,0xef,0xfb,0xfd,0x3c,0x00,
  0x00,0x7a,0x95,0x1b,0x00,0x03,0x00,0x1f,0x6a,0x90,0x78,0x26,0x0b,0xfc,0xef,0x16,0x00,0x47,0x80,0x44,0x00,0x03,0x01,0x00,
  0x30,0x76,0x91,0x6e,0x16,0x19,0x92,0x70,0x00,0x01,0x00,0x00,0x03,0x00,0xb4,0xff,0xff,0xee,0x17,0x01,0x02,0x04,0x00,0x7e,
  0xff,0xfc,0xff,0x3c,0x00,0x09,0xf1,0xff,0x31,0x00,0x00,0x60,0xf0,0xff,0xff,0xff,0xff,0x96,0xf5,0xf0,0x18,0x00,0x90,0xff,
  0x8e,0x00,0x06,0x00,0x87,0xff,0xff,0xff,0xff,0xf3,0x97,0xff,0xd3,0x00,0x01,0x00,0x00,0x03,0x00,0xb5,0xff,0xba,0xff,0x7d,
  0x00,0x05,0x01,0x0c,0xe9,0xdb,0xd8,0xff,0x3b,0x00,0x05,0xdb,0xfb,0x2f,0x00,0x3d,0xff,0xff,0x90,0x33,0x32,0x91,0xff,0xff,
  0xed,0x18,0x00,0x83,0xfb,0x81,0x00,0x00,0x68,0xff,0xf5,0x74,0x2d,0x3b,0xb2,0xff,0xfb,0xc2,0x00,0x01,0x00,0x00,0x03,0x00,
  0xb2,0xff,0x5e,0xd8,0xea,0x0b,0x02,0x00,0x64,0xff,0x67,0xbf,0xff,0x3a,0x00,0x05,0xdf,0xff,0x30,0x00,0xad,0xff,0x90,0x00,
  0x00,0x00,0x00,0x89,0xff,0xe9,0x18,0x00,0x85,0xff,0x83,0x00,0x0b,0xdb,0xfe,0x5f,0x00,0x00,0x00,0x00,0xb7,0xff,0xc2,0x00,
  0x01,0x00,0x00,0x03,0x00,0xb1,0xff,0x46,0x64,0xff,0x62,0x01,0x06,0xd9,0xee,0x0c,0xce,0xff,0x3a,0x00,0x05,0xdf,0xff,0x2c,
  0x00,0xe0,0xfe,0x2f,0x02,0x05,0x05,0x03,0x26,0xff,0xed,0x18,0x00,0x85,0xff,0x85,0x00,0x2b,0xfd,0xe7,0x0b,0x03,0x04,0x07,
  0x01,0x54,0xff,0xc2,0x00,0x01,0x00,0x00,0x03,0x00,0xb1,0xff,0x53,0x09,0xf3,0xda,0x00,0x4c,0xff,0x86,0x00,0xd6,0xff,0x3a,
  0x00,0x05,0xdf,0xff,0x2b,0x00,0xe9,0xff,0x26,0x02,0x02,0x02,0x02,0x1a,0xfe,0xef,0x17,0x00,0x85,0xff,0x85,0x00,0x30,0xff,
  0xdb,0x07,0x01,0x01,0x03,0x03,0x44,0xff,0xc3,0x00,0x01,0x00,0x00,0x03,0x00,0xb1,0xff,0x5c,0x00,0x91,0xff,0x47,0xb6,0xfa,
  0x1d,0x01,0xd4,0xff,0x3a,0x00,0x05,0xdf,0xff,0x2e,0x00,0xc9,0xfd,0x57,0x00,0x06,0x06,0x00,0x49,0xff,0xea,0x18,0x00,0x85,
  0xff,0x84,0x00,0x1a,0xf1,0xf8,0x27,0x00,0x06,0x06,0x00,0x7c,0xff,0xc2,0x00,0x01,0x00,0x00,0x03,0x00,0xb1,0xfe,0x59,0x01,
  0x26,0xf5,0xe5,0xfe,0xa2,0x00,0x00,0xd1,0xfe,0x3a,0x00,0x05,0xde,0xfe,0x31,0x00,0x73,0xff,0xd9,0x29,0x00,0x00,0x20,0xd8,
  0xff,0xea,0x18,0x00,0x85,0xfe,0x83,0x00,0x00,0xa5,0xff,0xb7,0x14,0x00,0x00,0x3c,0xf2,0xfe,0xc3,0x00,0x01,0x00,0x00,0x03,
  0x00,0xb2,0xff,0x58,0x00,0x00,0xa4,0xff,0xfb,0x2f,0x01,0x00,0xd4,0xff,0x3a,0x00,0x05,0xe1,0xff,0x2e,0x00,0x0a,0xbf,0xff,
  0xfa,0xb0,0xb0,0xff,0xed,0xfb,0xf1,0x18,0x00,0x86,0xff,0x84,0x00,0x03,0x20,0xe2,0xff,0xe9,0xa8,0xbd,0xff,0xe3,0xff,0xc7,
  0x00,0x01,0x00,0x00,0x03,0x00,0xae,0xfa,0x56,0x00,0x01,0x31,0xf9,0xae,0x00,0x02,0x00,0xce,0xfa,0x39,0x00,0x05,0xdb,0xfa,
  0x2c,0x00,0x01,0x0c,0x89,0xe1,0xff,0xf8,0xa2,0x2f,0xf2,0xec,0x17,0x00,0x83,0xfa,0x81,0x00,0x06,0x00,0x21,0xa4,0xee,0xff,
  0xed,0x7d,0x46,0xfa,0xc0,0x00,0x01,0x00,0x00,0x00,0x00,0x13,0x1c,0x09,0x00,0x00,0x00,0x1b,0x0b,0x01,0x01,0x00,0x17,0x1c,
  0x06,0x00,0x01,0x18,0x1c,0x05,0x00,0x01,0x00,0x00,0x09,0x18,0x0d,0x00,0x00,0x1c,0x1a,0x02,0x00,0x0e,0x1c,0x0e,0x00,0x00,
  0x01,0x00,0x00,0x0f,0x18,0x06,0x00,0x05,0x1c,0x15,0x00,0x00,0x00,0x00,0x00,0x00,0x00,0x00,0x00,0x00,0x00,0x01,0x00,0x00,
  0x00,0x00,0x00,0x00,0x00,0x00,0x00,0x00,0x00,0x00,0x00,0x00,0x00,0x01,0x03,0x00,0x00,0x00,0x03,0x01,0x00,0x00,0x00,0x00,
  0x00,0x00,0x00,0x00,0x00,0x00,0x02,0x03,0x00,0x00,0x00,0x03,0x00,0x00,0x00,0x00,0x00,0x00,
};
const lv_img_dsc_t txt_ch_12 = {
  .header.cf = LV_IMG_CF_ALPHA_8BIT,
  .header.always_zero = 0,
  .header.reserved = 0,
  .header.w = 53,
  .header.h = 18,
  .data_size = 954,
  .data = txt_ch_12_map,
};

static const uint8_t txt_ch_13_map[] = {
  0x00,0x00,0x01,0x02,0x02,0x02,0x02,0x02,0x02,0x02,0x02,0x00,0x00,0x00,0x00,0x00,0x00,0x00,0x00,0x00,0x00,0x00,0x00,0x00,
  0x00,0x00,0x00,0x00,0x00,0x00,0x00,0x00,0x00,0x00,0x00,0x00,0x00,0x00,0x00,0x00,0x00,0x00,0x00,0x00,0x00,0x00,0x00,0x00,
  0x00,0x00,0x00,0x00,0x00,0x00,0x00,0x00,0x00,0x00,0x00,0x00,0x00,0x00,0x00,0x00,0x00,0x00,0x00,0x00,0x00,0x00,0x00,0x00,
  0x00,0x00,0x00,0x00,0x00,0x00,0x00,0x00,0x00,0x00,0x00,0x00,0x00,0x00,0x00,0x00,0x00,0x00,0x00,0x00,0x00,0x00,0x00,0x00,
  0x00,0x00,0x00,0x00,0x00,0x00,0x00,0x00,0x00,0x00,0x00,0x00,0x00,0x00,0x00,0x09,0x16,0x0e,0x00,0x00,0x11,0x16,0x06,0x00,
  0x00,0x00,0x00,0x00,0x00,0x00,0x11,0x16,0x06,0x00,0x00,0x00,0x00,0x00,0x00,0x00,0x00,0x00,0x00,0x00,0x00,0x00,0x00,0x00,
  0x00,0x00,0x00,0x00,0x00,0x00,0x00,0x00,0x00,0x00,0x00,0x00,0x00,0x00,0x00,0x00,0x00,0x0d,0x16,0x0a,0x00,0x00,0x00,0x00,
  0x00,0x00,0x00,0x00,0x00,0x00,0x08,0x16,0x16,0x16,0x19,0x19,0x16,0x16,0x16,0x06,0x00,0x00,0x00,0x00,0x00,0x00,0x00,0x00,
  0x00,0x00,0x00,0x04,0x00,0x66,0xf6,0x99,0x00,0x00,0xbc,0xf6,0x48,0x00,0x03,0x00,0x00,0x00,0x01,0x00,0xc5,0xf6,0x40,0x00,
  0x03,0x00,0x00,0x00,0x00,0x00,0x00,0x00,0x00,0x00,0x00,0x00,0x00,0x00,0x00,0x00,0x00,0x00,0x00,0x00,0x00,0x00,0x00,0x00,
  0x00,0x00,0x00,0x00,0x00,0x04,0x00,0x96,0xf6,0x6c,0x00,0x04,0x00,0x00,0x00,0x00,0x00,0x00,0x04,0x00,0x5b,0xff,0xff,0xff,
  0xf8,0xf8,0xff,0xff,0xff,0x4c,0x00,0x03,0x01,0x04,0x03,0x02,0x03,0x02,0x01,0x02,0x01,0x04,0x00,0x6b,0xff,0xa1,0x00,0x00,
  0xc5,0xff,0x4c,0x00,0x03,0x02,0x02,0x02,0x01,0x00,0xce,0xff,0x43,0x02,0x06,0x02,0x03,0x03,0x01,0x00,0x00,0x00,0x00,0x01,
  0x03,0x03,0x02,0x03,0x03,0x01,0x02,0x02,0x00,0x00,0x00,0x01,0x03,0x03,0x02,0x03,0x04,0x01,0x00,0x04,0x00,0x9e,0xff,0x71,
  0x00,0x04,0x02,0x02,0x02,0x00,0x00,0x00,0x03,0x00,0x3b,0xae,0xa8,0xb2,0xfe,0xfe,0xb5,0xa9,0xae,0x32,0x00,0x04,0x00,0x00,
  0x00,0x00,0x00,0x00,0x00,0x00,0x00,0x04,0x00,0x6a,0xfe,0x9e,0x00,0x00,0xc2,0xfe,0x4b,0x00,0x05,0x00,0x00,0x00,0x02,0x00,
  0xcb,0xfe,0x44,0x00,0x00,0x00,0x00,0x00,0x00,0x01,0x00,0x00,0x01,0x00,0x00,0x00,0x00,0x00,0x00,0x00,0x00,0x00,0x00,0x00,
  0x01,0x00,0x00,0x00,0x00,0x00,0x00,0x00,0x02,0x04,0x00,0x9b,0xfe,0x70,0x00,0x06,0x00,0x00,0x00,0x00,0x00,0x00,0x00,0x00,
  0x00,0x00,0x00,0x06,0xf5,0xf6,0x10,0x00,0x00,0x00,0x01,0x00,0x0a,0x6b,0xb2,0xc6,0x97,0x25,0x42,0xc2,0x7d,0x01,0x00,0x6a,
  0xff,0x9f,0x00,0x00,0xc3,0xff,0x4b,0x01,0x00,0x57,0xc1,0xc8,0x46,0x00,0xce,0xff,0x37,0x35,0x9f,0xc6,0xaa,0x60,0x02,0x00,
  0x01,0x01,0x00,0x00,0x5a,0xa8,0xc6,0xa3,0x3a,0x22,0xc2,0x9d,0x00,0x01,0x00,0x01,0x58,0xa5,0xc6,0xb1,0x70,0x11,0x00,0x05,
  0x00,0x9c,0xff,0x70,0x01,0x00,0x3a,0xbd,0xca,0x62,0x00,0x02,0x00,0x00,0x01,0x04,0x03,0x16,0xf6,0xf7,0x1e,0x03,0x05,0x03,
  0x01,0x1b,0xce,0xff,0xff,0xf2,0xff,0xfa,0xba,0xff,0xaf,0x00,0x00,0x6a,0xff,0x9f,0x00,0x00,0xc3,0xff,0x4f,0x00,0x3c,0xf5,
  0xff,0x95,0x05,0x00,0xcf,0xff,0xad,0xff,0xff,0xf5,0xff,0xff,0xba,0x0e,0x02,0x02,0x0a,0xb1,0xff,0xff,0xf5,0xff,0xff,0xb5,
  0xff,0xdb,0x01,0x02,0x0d,0xb5,0xff,0xff,0xf2,0xff,0xff,0xd6,0x22,0x01,0x00,0x9c,0xff,0x73,0x00,0x22,0xe3,0xff,0xb6,0x0c,
  0x02,0x01,0x00,0x00,0x00,0x01,0x00,0x13,0xf6,0xf7,0x1c,0x00,0x02,0x02,0x00,0xb4,0xff,0xcc,0x3c,0x10,0x24,0xa7,0xff,0xfc,
  0xa6,0x00,0x00,0x6a,0xff,0x9f,0x00,0x00,0xc3,0xff,0x41,0x15,0xe4,0xff,0x94,0x00,0x02,0x00,0xce,0xff,0xff,0x8a,0x1b,0x11,
  0x4b,0xdf,0xff,0x90,0x00,0x00,0x87,0xff,0xe2,0x4e,0x11,0x1a,0x86,0xff,0xfc,0xce,0x03,0x00,0x90,0xff,0xca,0x36,0x10,0x27,
  0xb4,0xff,0xcd,0x07,0x00,0x9c,0xff,0x6c,0x03,0xcc,0xff,0xb5,0x03,0x00,0x01,0x00,0x00,0x00,0x00,0x01,0x00,0x13,0xf6,0xf7,
  0x1c,0x00,0x04,0x00,0x2d,0xfe,0xf0,0x20,0x00,0x00,0x00,0x00,0xc4,0xff,0xa6,0x00,0x00,0x6a,0xff,0x9f,0x00,0x00,0xc5,0xff,
  0x51,0xba,0xff,0xa5,0x00,0x03,0x02,0x00,0xcb,0xff,0xa4,0x00,0x00,0x00,0x00,0x42,0xfb,0xee,0x0f,0x0b,0xea,0xfc,0x47,0x00,
  0x00,0x00,0x00,0x9e,0xff,0xce,0x00,0x14,0xf1,0xf8,0x2c,0x00,0x00,0x00,0x11,0x6b,0x6b,0x10,0x00,0x9d,0xff,0x6a,0x96,0xff,
  0xc4,0x0d,0x00,0x02,0x00,0x00,0x00,0x00,0x00,0x01,0x00,0x13,0xf6,0xf7,0x1c,0x00,0x05,0x00,0x58,0xff,0xb8,0x00,0x04,0x01,
  0x06,0x00,0x72,0xff,0xa4,0x00,0x00,0x6a,0xff,0x9f,0x00,0x00,0xc6,0xff,0xdf,0xff,0xaa,0x07,0x02,0x01,0x01,0x00,0xcb,0xff,
  0x4d,0x02,0x05,0x02,0x03,0x02,0xdc,0xff,0x29,0x24,0xff,0xe0,0x07,0x03,0x02,0x05,0x02,0x46,0xff,0xd0,0x00,0x38,0xff,0xd5,
  0x03,0x03,0x02,0x02,0x00,0x00,0x00,0x03,0x00,0xa0,0xff,0xdd,0xff,0xc5,0x15,0x00,0x02,0x00,0x00,0x00,0x00,0x00,0x00,0x01,
  0x00,0x13,0xf6,0xf7,0x1c,0x00,0x06,0x00,0x5b,0xfe,0xb0,0x00,0x03,0x00,0x05,0x03,0x69,0xff,0xa4,0x00,0x00,0x6a,0xff,0x9f,
  0x00,0x00,0xc6,0xff,0xfe,0xff,0x7e,0x00,0x05,0x00,0x01,0x00,0xcc,0xff,0x46,0x03,0x03,0x01,0x02,0x01,0xd7,0xff,0x2c,0x26,
  0xff,0xda,0x06,0x02,0x01,0x03,0x03,0x3e,0xff,0xd1,0x00,0x3c,0xff,0xce,0x02,0x01,0x01,0x01,0x01,0x00,0x00,0x03,0x00,0xa0,
  0xff,0xfb,0xff,0xa3,0x00,0x04,0x01,0x00,0x00,0x00,0x00,0x00,0x00,0x01,0x00,0x13,0xf6,0xf7,0x1c,0x00,0x04,0x00,0x38,0xff,
  0xe5,0x0c,0x00,0x04,0x02,0x00,0xaa,0xff,0xa5,0x00,0x00,0x6a,0xff,0x9f,0x00,0x00,0xc6,0xff,0x79,0xe4,0xff,0x6e,0x00,0x04,
  0x01,0x00,0xca,0xff,0x85,0x00,0x04,0x05,0x00,0x29,0xf7,0xf6,0x15,0x10,0xf2,0xf9,0x2d,0x00,0x05,0x04,0x00,0x7e,0xff,0xce,
  0x00,0x1f,0xfa,0xf2,0x16,0x00,0x05,0x00,0x00,0x2f,0x32,0x0b,0x00,0x9e,0xff,0x87,0xc9,0xff,0x91,0x00,0x04,0x01,0x00,0x00,
  0x00,0x00,0x00,0x01,0x00,0x13,0xf5,0xf6,0x1c,0x00,0x02,0x01,0x05,0xce,0xff,0xa3,0x10,0x00,0x00,0x69,0xff,0xfe,0xa7,0x00,
  0x00,0x6a,0xfe,0x9e,0x00,0x00,0xc2,0xfe,0x39,0x3b,0xfc,0xff,0x5e,0x00,0x05,0x00,0xcd,0xfe,0xf8,0x4b,0x00,0x00,0x1b,0xbc,
  0xff,0xab,0x00,0x00,0xa3,0xff,0xc1,0x1e,0x00,0x00,0x47,0xf7,0xfe,0xcf,0x02,0x00,0xb3,0xff,0x9d,0x0a,0x00,0x00,0x7c,0xff,
  0xd6,0x0b,0x00,0x9c,0xfe,0x62,0x1e,0xed,0xff,0x80,0x00,0x03,0x00,0x00,0x00,0x00,0x00,0x01,0x00,0x13,0xf9,0xfa,0x1c,0x00,
  0x02,0x02,0x00,0x38,0xf3,0xff,0xe7,0xb3,0xd8,0xff,0xd9,0xff,0xa9,0x00,0x00,0x6b,0xff,0xa1,0x00,0x00,0xc5,0xff,0x50,0x00,
  0x66,0xff,0xfe,0x54,0x00,0x00,0xd1,0xff,0xe1,0xff,0xcc,0xb7,0xf2,0xff,0xe1,0x22,0x01,0x01,0x1d,0xdd,0xff,0xf4,0xb7,0xcb,
  0xff,0xdc,0xff,0xd3,0x02,0x01,0x25,0xe2,0xff,0xe3,0xb2,0xd3,0xff,0xf7,0x40,0x00,0x00,0x9e,0xff,0x76,0x00,0x46,0xf7,0xff,
  0x75,0x00,0x02,0x00,0x00,0x00,0x00,0x01,0x00,0x12,0xed,0xee,0x1b,0x00,0x02,0x00,0x02,0x00,0x30,0xad,0xef,0xff,0xdb,0x58,
  0x5c,0xf6,0x9e,0x00,0x00,0x66,0xf6,0x99,0x00,0x00,0xbc,0xf6,0x48,0x02,0x00,0x81,0xf7,0xed,0x3f,0x00,0xc8,0xf6,0x45,0x79,
  0xe5,0xff,0xe7,0x9e,0x1f,0x00,0x01,0x01,0x00,0x1c,0x9b,0xe6,0xff,0xe5,0x77,0x3b,0xf6,0xc7,0x00,0x01,0x00,0x1e,0x99,0xe6,
  0xff,0xef,0xad,0x34,0x00,0x06,0x00,0x96,0xf6,0x6c,0x01,0x00,0x5f,0xf0,0xf8,0x5c,0x00,0x02,0x00,0x00,0x00,0x00,0x00,0x02,
  0x15,0x15,0x02,0x00,0x00,0x00,0x00,0x02,0x00,0x00,0x0e,0x12,0x00,0x00,0x09,0x16,0x0e,0x00,0x00,0x09,0x16,0x0e,0x00,0x00,
  0x11,0x16,0x06,0x00,0x01,0x00,0x15,0x17,0x15,0x00,0x12,0x16,0x03,0x00,0x03,0x13,0x0b,0x00,0x00,0x01,0x00,0x00,0x01,0x00,
  0x00,0x0a,0x13,0x03,0x00,0x03,0x16,0x11,0x00,0x00,0x02,0x00,0x00,0x07,0x12,0x0b,0x00,0x00,0x02,0x00,0x00,0x0d,0x16,0x0a,
  0x00,0x02,0x00,0x13,0x15,0x19,0x00,0x00,0x00,0x00,0x00,0x00,0x00,0x00,0x00,0x00,0x00,0x00,0x00,0x00,0x00,0x00,0x02,0x02,
  0x00,0x00,0x00,0x03,0x00,0x00,0x00,0x00,0x00,0x00,0x00,0x00,0x00,0x00,0x00,0x00,0x00,0x00,0x00,0x01,0x00,0x00,0x00,0x00,
  0x00,0x00,0x00,0x04,0x00,0x00,0x00,0x03,0x02,0x00,0x00,0x00,0x00,0x02,0x03,0x00,0x00,0x00,0x04,0x00,0x00,0x00,0x00,0x00,
  0x00,0x02,0x03,0x00,0x00,0x00,0x02,0x02,0x00,0x00,0x00,0x00,0x00,0x00,0x00,0x00,0x02,0x00,0x00,0x00,0x00,0x00,
};
const lv_img_dsc_t txt_ch_13 = {
  .header.cf = LV_IMG_CF_ALPHA_8BIT,
  .header.always_zero = 0,
  .header.reserved = 0,
  .header.w = 86,
  .header.h = 17,
  .data_size = 1462,
  .data = txt_ch_13_map,
};

static const uint8_t txt_ch_14_map[] = {
  0x00,0x00,0x00,0x00,0x00,0x00,0x00,0x00,0x00,0x00,0x00,0x00,0x00,0x00,0x00,0x00,0x00,0x00,0x00,0x00,0x00,0x00,0x00,0x00,
  0x00,0x00,0x00,0x00,0x00,0x00,0x00,0x01,0x00,0x00,0x00,0x00,0x00,0x00,0x00,0x00,0x00,0x00,0x00,0x00,0x00,0x00,0x00,0x00,
  0x00,0x00,0x00,0x00,0x00,0x00,0x00,0x00,0x00,0x00,0x00,0x00,0x00,0x01,0x03,0x03,0x02,0x02,0x03,0x04,0x01,0x00,0x00,0x00,
  0x00,0x00,0x00,0x00,0x00,0x00,0x00,0x00,0x00,0x00,0x00,0x01,0x00,0x01,0x17,0x00,0x00,0x00,0x00,0x00,0x00,0x00,0x00,0x00,
  0x00,0x00,0x00,0x00,0x00,0x00,0x00,0x00,0x00,0x00,0x00,0x00,0x00,0x00,0x00,0x00,0x00,0x00,0x00,0x00,0x02,0x00,0x00,0x00,
  0x00,0x00,0x00,0x00,0x00,0x02,0x00,0x00,0x00,0x00,0x00,0x00,0x00,0x00,0x00,0x00,0x00,0x00,0x00,0x01,0x05,0xab,0xf0,0x66,
  0x00,0x03,0x00,0x00,0x00,0x00,0x00,0x00,0x00,0x00,0x00,0x00,0x00,0x00,0x00,0x00,0x00,0x00,0x00,0x00,0x00,0x00,0x00,0x00,
  0x00,0x00,0x00,0x02,0x00,0x03,0x4f,0x9b,0xc8,0xc9,0xa2,0x5b,0x0a,0x00,0x02,0x00,0x00,0x00,0x00,0x03,0x04,0x04,0x04,0x01,
  0x01,0x04,0x04,0x00,0x0a,0xed,0xff,0x9f,0x00,0x07,0x04,0x03,0x00,0x00,0x00,0x03,0x04,0x02,0x00,0x00,0x00,0x03,0x04,0x04,
  0x04,0x01,0x01,0x04,0x03,0x00,0x00,0x00,0x00,0x00,0x02,0x00,0x2b,0xc7,0xff,0xff,0xed,0xec,0xff,0xff,0xd3,0x39,0x00,0x02,
  0x00,0x01,0x02,0x00,0x00,0x00,0x00,0x00,0x00,0x00,0x00,0x01,0x00,0x28,0x60,0x0c,0x00,0x00,0x00,0x00,0x01,0x00,0x01,0x00,
  0x00,0x00,0x00,0x00,0x02,0x00,0x00,0x00,0x00,0x00,0x00,0x00,0x00,0x00,0x00,0x00,0x00,0x02,0x01,0x21,0xe5,0xff,0x9e,0x2d,
  0x0b,0x0a,0x2d,0xa8,0xff,0xff,0x3b,0x00,0x03,0x00,0x00,0x36,0x76,0x8a,0x62,0x0d,0x21,0x8c,0x65,0x00,0x00,0x5b,0x79,0x2b,
  0x00,0x5b,0x8d,0x5d,0x00,0x04,0x00,0x44,0x8e,0x55,0x00,0x01,0x00,0x36,0x76,0x8a,0x62,0x0d,0x21,0x8c,0x65,0x00,0x01,0x00,
  0x00,0x02,0x00,0xae,0xff,0x91,0x00,0x00,0x00,0x00,0x00,0x00,0x91,0xbd,0x7a,0x01,0x04,0x06,0x9c,0xff,0xff,0xff,0xff,0xe4,
  0x98,0xff,0xc9,0x00,0x00,0xc9,0xff,0x5c,0x00,0x41,0xff,0xff,0x36,0x00,0x15,0xe9,0xff,0x35,0x00,0x07,0x9c,0xff,0xff,0xff,
  0xff,0xe4,0x98,0xff,0xc9,0x00,0x02,0x00,0x02,0x00,0x22,0xfc,0xf0,0x14,0x02,0x04,0x01,0x01,0x02,0x00,0x00,0x00,0x00,0x03,
  0x00,0x8b,0xff,0xee,0x6b,0x2f,0x46,0xc4,0xff,0xfb,0xba,0x00,0x00,0xb6,0xfb,0x50,0x00,0x00,0x73,0xff,0xce,0x02,0x94,0xff,
  0x64,0x00,0x00,0x8b,0xff,0xee,0x6b,0x2f,0x46,0xc4,0xff,0xfb,0xba,0x00,0x02,0x00,0x04,0x00,0x4b,0xff,0xc3,0x00,0x01,0x00,
  0x00,0x00,0x00,0x01,0x03,0x03,0x03,0x00,0x1b,0xf5,0xf9,0x44,0x00,0x00,0x00,0x03,0xc7,0xff,0xba,0x00,0x00,0xb9,0xff,0x52,
  0x00,0x05,0x04,0xca,0xff,0xab,0xff,0xbd,0x00,0x01,0x1b,0xf5,0xf9,0x44,0x00,0x00,0x00,0x03,0xc7,0xff,0xba,0x00,0x02,0x00,
  0x04,0x00,0x4f,0xfe,0xbc,0x00,0x01,0x00,0x00,0x00,0x00,0x00,0x03,0x04,0x06,0x00,0x49,0xff,0xcc,0x00,0x04,0x03,0x07,0x00,
  0x65,0xff,0xb9,0x00,0x00,0xb9,0xff,0x52,0x00,0x06,0x00,0x33,0xee,0xff,0xe4,0x20,0x02,0x00,0x49,0xff,0xcc,0x00,0x04,0x03,
  0x07,0x00,0x65,0xff,0xb9,0x00,0x02,0x00,0x03,0x00,0x31,0xff,0xe4,0x08,0x03,0x02,0x00,0x00,0x01,0x02,0x00,0x00,0x00,0x00,
  0x50,0xfe,0xba,0x00,0x02,0x00,0x04,0x03,0x53,0xff,0xb9,0x00,0x00,0xb9,0xff,0x52,0x00,0x04,0x03,0x00,0xc4,0xfe,0xc6,0x00,
  0x05,0x00,0x50,0xfe,0xba,0x00,0x02,0x00,0x04,0x03,0x53,0xff,0xb9,0x00,0x02,0x00,0x00,0x01,0x05,0xcf,0xff,0x66,0x00,0x01,
  0x03,0x03,0x00,0x00,0x51,0x72,0x57,0x00,0x34,0xff,0xe9,0x0e,0x00,0x05,0x05,0x00,0x8c,0xff,0xb9,0x00,0x00,0xb9,0xff,0x52,
  0x00,0x07,0x00,0x68,0xff,0xf8,0xff,0x75,0x00,0x00,0x33,0xff,0xe9,0x0e,0x00,0x05,0x05,0x00,0x8c,0xff,0xb9,0x00,0x02,0x00,
  0x00,0x03,0x00,0x45,0xff,0xf7,0x5e,0x03,0x00,0x00,0x02,0x68,0xff,0xff,0x66,0x00,0x06,0xcc,0xff,0x9e,0x09,0x00,0x00,0x48,
  0xf8,0xfe,0xbc,0x00,0x00,0xb9,0xfe,0x52,0x00,0x00,0x1f,0xf4,0xd5,0x4c,0xfc,0xf3,0x26,0x00,0x05,0xcc,0xff,0x9e,0x09,0x00,
  0x00,0x48,0xf8,0xfe,0xbb,0x00,0x02,0x00,0x00,0x00,0x02,0x00,0x60,0xf8,0xff,0xde,0xa9,0xa6,0xdb,0xff,0xfd,0x73,0x00,0x04,
  0x00,0x39,0xf3,0xff,0xde,0xa3,0xc2,0xff,0xe2,0xff,0xbe,0x00,0x00,0xba,0xff,0x53,0x00,0x02,0xbc,0xff,0x4c,0x00,0x8d,0xff,
  0xbe,0x02,0x00,0x39,0xf3,0xff,0xde,0xa3,0xc2,0xff,0xe2,0xff,0xbe,0x00,0x02,0x00,0x00,0x00,0x00,0x02,0x00,0x2c,0x98,0xe2,
  0xff,0xff,0xe7,0xa2,0x39,0x00,0x02,0x00,0x02,0x00,0x32,0xb1,0xf5,0xff,0xe9,0x71,0x52,0xfb,0xb7,0x00,0x00,0xb6,0xfb,0x53,
  0x00,0x6d,0xff,0xa4,0x00,0x05,0x0b,0xce,0xff,0x69,0x00,0x00,0x32,0xb1,0xf5,0xff,0xe9,0x71,0x52,0xfb,0xb6,0x00,0x02,0x00,
  0x00,0x00,0x00,0x00,0x03,0x00,0x00,0x04,0x16,0x16,0x07,0x00,0x00,0x02,0x00,0x00,0x00,0x02,0x00,0x00,0x12,0x18,0x04,0x00,
  0x07,0x1c,0x14,0x00,0x00,0x14,0x1c,0x09,0x00,0x1b,0x1b,0x05,0x01,0x01,0x00,0x0c,0x1b,0x1a,0x00,0x02,0x00,0x00,0x12,0x18,
  0x04,0x00,0x07,0x1c,0x14,0x00,0x00,0x00,0x00,0x00,0x00,0x00,0x00,0x02,0x04,0x00,0x00,0x00,0x00,0x03,0x03,0x00,0x00,0x00,
  0x00,0x00,0x02,0x02,0x00,0x00,0x00,0x03,0x00,0x00,0x00,0x00,0x00,0x00,0x00,0x00,0x00,0x00,0x00,0x00,0x00,0x00,0x01,0x00,
  0x00,0x00,0x00,0x00,0x02,0x02,0x00,0x00,0x00,0x03,0x00,0x00,0x00,0x00,0x00,0x00,
};
const lv_img_dsc_t txt_ch_14 = {
  .header.cf = LV_IMG_CF_ALPHA_8BIT,
  .header.always_zero = 0,
  .header.reserved = 0,
  .header.w = 56,
  .header.h = 17,
  .data_size = 952,
  .data = txt_ch_14_map,
};

static const uint8_t txt_ch_15_map[] = {
  0x00,0x00,0x01,0x04,0x04,0x04,0x04,0x04,0x04,0x04,0x04,0x01,0x00,0x00,0x00,0x00,0x00,0x00,0x00,0x00,0x00,0x00,0x00,0x00,
  0x00,0x00,0x00,0x00,0x00,0x00,0x00,0x00,0x00,0x00,0x00,0x00,0x00,0x00,0x00,0x00,0x00,0x00,0x00,0x00,0x00,0x00,0x00,0x00,
  0x00,0x00,0x00,0x00,0x00,0x00,0x00,0x00,0x00,0x00,0x00,0x00,0x00,0x00,0x00,0x00,0x00,0x00,0x00,0x00,0x00,0x00,0x00,0x00,
  0x00,0x00,0x00,0x00,0x00,0x00,0x00,0x00,0x00,0x00,0x00,0x00,0x00,0x00,0x00,0x00,0x00,0x00,0x00,0x00,0x00,0x00,0x00,0x00,
  0x00,0x00,0x00,0x00,0x00,0x00,0x08,0x0d,0x0f,0x0f,0x02,0x00,0x00,0x00,0x01,0x00,0x1c,0x52,0x50,0x52,0x55,0x55,0x52,0x51,
  0x52,0x16,0x00,0x01,0x00,0x00,0x01,0x01,0x01,0x00,0x00,0x00,0x00,0x00,0x00,0x01,0x01,0x00,0x00,0x01,0x01,0x00,0x00,0x00,
  0x00,0x00,0x01,0x01,0x00,0x00,0x00,0x00,0x00,0x00,0x00,0x04,0x00,0x9e,0xfc,0xee,0xec,0x25,0x00,0x02,0x00,0x05,0x00,0x65,
  0xff,0xff,0xff,0xff,0xff,0xff,0xff,0xff,0x4d,0x00,0x03,0x02,0x03,0x00,0x00,0x00,0x03,0x02,0x00,0x00,0x00,0x00,0x00,0x00,
  0x03,0x01,0x00,0x00,0x02,0x02,0x00,0x03,0x01,0x00,0x00,0x03,0x02,0x00,0x00,0x00,0x00,0x00,0x03,0x00,0x79,0xc7,0xfc,0xff,
  0x27,0x00,0x02,0x00,0x02,0x00,0x25,0x6d,0x68,0x76,0xf7,0xf5,0x79,0x68,0x6d,0x1c,0x00,0x03,0x00,0x00,0x03,0x0d,0x06,0x00,
  0x00,0x02,0x00,0x00,0x02,0x10,0x0f,0x00,0x00,0x0b,0x0a,0x00,0x00,0x03,0x00,0x00,0x0c,0x09,0x00,0x00,0x01,0x00,0x00,0x00,
  0x00,0x00,0x01,0x00,0x03,0xe9,0xfe,0x25,0x00,0x02,0x00,0x00,0x00,0x00,0x00,0x00,0x06,0xf8,0xf3,0x0a,0x00,0x00,0x00,0x01,
  0x00,0x1c,0x8f,0xdb,0xfa,0xe5,0xa2,0x32,0x00,0x04,0x00,0x27,0xef,0xcb,0x4b,0xc3,0xf7,0xe7,0xa6,0x2a,0x00,0x52,0xca,0xf8,
  0xe5,0xa3,0x25,0x00,0x02,0x00,0x00,0x00,0x00,0x01,0x01,0x0b,0xeb,0xff,0x25,0x00,0x02,0x00,0x00,0x00,0x01,0x05,0x04,0x18,
  0xf8,0xf4,0x1c,0x04,0x05,0x03,0x00,0x2b,0xe3,0xff,0xef,0xc3,0xe4,0xff,0xf7,0x4f,0x00,0x00,0x2c,0xff,0xfa,0xff,0xeb,0xc5,
  0xf2,0xff,0xdf,0x7d,0xff,0xe7,0xc5,0xf5,0xff,0xe6,0x1f,0x01,0x01,0x00,0x00,0x00,0x01,0x00,0x0a,0xeb,0xff,0x25,0x00,0x02,
  0x00,0x00,0x00,0x00,0x01,0x00,0x15,0xf8,0xf4,0x19,0x00,0x02,0x02,0x04,0xc7,0xff,0x9c,0x13,0x00,0x09,0x7b,0xff,0xec,0x19,
  0x00,0x2d,0xfe,0xff,0x9a,0x09,0x00,0x1b,0xc9,0xff,0xff,0x91,0x07,0x00,0x20,0xcd,0xff,0x8e,0x00,0x04,0x00,0x00,0x00,0x01,
  0x00,0x0a,0xeb,0xff,0x25,0x00,0x02,0x00,0x00,0x00,0x00,0x01,0x00,0x15,0xf8,0xf4,0x19,0x00,0x04,0x00,0x38,0xff,0xe0,0x07,
  0x00,0x03,0x00,0x00,0xba,0xff,0x6b,0x00,0x2e,0xff,0xf2,0x17,0x00,0x07,0x00,0x51,0xfe,0xe9,0x10,0x00,0x06,0x00,0x5a,0xfe,
  0xc4,0x00,0x01,0x00,0x00,0x00,0x01,0x00,0x0a,0xeb,0xff,0x25,0x00,0x02,0x00,0x00,0x00,0x00,0x01,0x00,0x15,0xf8,0xf4,0x19,
  0x00,0x05,0x00,0x60,0xfe,0xaa,0x00,0x04,0x00,0x05,0x02,0x76,0xfe,0x94,0x00,0x2d,0xff,0xdf,0x0a,0x01,0x03,0x02,0x33,0xff,
  0xd5,0x05,0x01,0x04,0x02,0x3c,0xff,0xcd,0x00,0x00,0x00,0x00,0x00,0x01,0x00,0x0a,0xeb,0xff,0x25,0x00,0x02,0x00,0x00,0x00,
  0x00,0x01,0x00,0x15,0xf8,0xf4,0x19,0x00,0x05,0x00,0x60,0xfe,0xab,0x00,0x04,0x00,0x05,0x02,0x78,0xfe,0x94,0x00,0x2d,0xff,
  0xdf,0x09,0x00,0x03,0x00,0x32,0xff,0xd6,0x04,0x00,0x04,0x00,0x3b,0xff,0xcd,0x00,0x00,0x00,0x00,0x00,0x01,0x00,0x0a,0xeb,
  0xff,0x25,0x00,0x02,0x00,0x00,0x00,0x00,0x01,0x00,0x15,0xf8,0xf4,0x19,0x00,0x04,0x00,0x38,0xff,0xdf,0x06,0x00,0x03,0x00,
  0x00,0xbd,0xff,0x68,0x00,0x2d,0xff,0xdf,0x09,0x00,0x03,0x00,0x32,0xff,0xd6,0x04,0x00,0x04,0x00,0x3b,0xff,0xcd,0x00,0x00,
  0x00,0x00,0x00,0x01,0x00,0x0a,0xeb,0xff,0x25,0x00,0x02,0x00,0x00,0x00,0x00,0x01,0x00,0x15,0xf7,0xf3,0x19,0x00,0x02,0x01,
  0x04,0xc9,0xff,0x98,0x10,0x00,0x0b,0x81,0xff,0xe8,0x16,0x00,0x2b,0xfe,0xde,0x09,0x00,0x03,0x00,0x32,0xfe,0xd5,0x04,0x00,
  0x04,0x00,0x3b,0xfe,0xcc,0x00,0x00,0x00,0x00,0x00,0x01,0x00,0x0a,0xea,0xfe,0x25,0x00,0x02,0x00,0x00,0x00,0x00,0x01,0x00,
  0x15,0xfc,0xf8,0x19,0x00,0x01,0x02,0x00,0x2d,0xe6,0xff,0xec,0xc3,0xe8,0xff,0xf2,0x46,0x00,0x00,0x2a,0xff,0xe3,0x09,0x00,
  0x03,0x00,0x33,0xff,0xda,0x04,0x00,0x04,0x00,0x3c,0xff,0xd0,0x00,0x00,0x00,0x00,0x00,0x01,0x00,0x0a,0xef,0xff,0x26,0x00,
  0x02,0x00,0x00,0x00,0x00,0x01,0x00,0x14,0xea,0xe6,0x18,0x00,0x01,0x00,0x01,0x00,0x1f,0x94,0xdf,0xfb,0xe2,0x9b,0x29,0x00,
  0x04,0x00,0x27,0xf0,0xd2,0x08,0x00,0x03,0x00,0x2f,0xf0,0xca,0x04,0x00,0x04,0x00,0x38,0xf0,0xc1,0x00,0x00,0x00,0x00,0x00,
  0x01,0x00,0x09,0xdd,0xf0,0x23,0x00,0x02,0x00,0x00,0x00,0x00,0x00,0x00,0x01,0x0f,0x0f,0x02,0x00,0x00,0x00,0x00,0x02,0x00,
  0x00,0x04,0x0d,0x05,0x00,0x00,0x02,0x00,0x00,0x03,0x10,0x0e,0x01,0x00,0x00,0x00,0x03,0x10,0x0d,0x00,0x00,0x00,0x00,0x04,
  0x10,0x0c,0x00,0x00,0x00,0x00,0x00,0x00,0x00,0x01,0x0e,0x10,0x02,0x00,0x00,0x00,0x00,0x00,0x00,0x00,0x00,0x00,0x00,0x00,
  0x00,0x00,0x00,0x00,0x00,0x00,0x02,0x04,0x00,0x00,0x00,0x03,0x02,0x00,0x00,0x00,0x00,0x00,0x00,0x00,0x00,0x00,0x00,0x00,
  0x00,0x00,0x00,0x00,0x00,0x00,0x00,0x00,0x00,0x00,0x00,0x00,0x00,0x00,0x00,0x00,0x00,0x00,0x00,0x00,0x00,0x00,0x00,
};
const lv_img_dsc_t txt_ch_15 = {
  .header.cf = LV_IMG_CF_ALPHA_8BIT,
  .header.always_zero = 0,
  .header.reserved = 0,
  .header.w = 55,
  .header.h = 17,
  .data_size = 935,
  .data = txt_ch_15_map,
};

static const uint8_t txt_ch_16_map[] = {
  0x00,0x00,0x00,0x00,0x00,0x00,0x00,0x00,0x00,0x00,0x00,0x00,0x00,0x00,0x00,0x00,0x00,0x00,0x00,0x00,0x00,0x00,0x00,0x00,
  0x00,0x00,0x00,0x00,0x00,0x00,0x00,0x00,0x00,0x00,0x00,0x00,0x00,0x00,0x00,0x00,0x00,0x00,0x00,0x00,0x00,0x00,0x00,0x00,
  0x00,0x03,0x03,0x01,0x01,0x03,0x03,0x00,0x00,0x00,0x00,0x00,0x00,0x01,0x02,0x02,0x02,0x02,0x02,0x02,0x02,0x02,0x00,0x00,
  0x00,0x00,0x00,0x00,0x00,0x00,0x00,0x00,0x00,0x00,0x00,0x00,0x00,0x00,0x00,0x00,0x00,0x00,0x00,0x00,0x00,0x00,0x00,0x00,
  0x00,0x00,0x00,0x00,0x00,0x00,0x00,0x00,0x00,0x00,0x00,0x02,0x00,0x00,0x00,0x00,0x00,0x00,0x02,0x00,0x00,0x00,0x00,0x00,
  0x00,0x00,0x00,0x00,0x00,0x00,0x00,0x00,0x00,0x00,0x00,0x00,0x00,0x00,0x00,0x00,0x00,0x00,0x00,0x00,0x00,0x00,0x00,0x00,
  0x00,0x00,0x00,0x00,0x00,0x00,0x00,0x00,0x00,0x00,0x00,0x00,0x00,0x00,0x00,0x00,0x00,0x00,0x00,0x00,0x00,0x01,0x00,0x3c,
  0xa1,0xd3,0xd1,0x9d,0x36,0x00,0x01,0x00,0x00,0x03,0x00,0x48,0xcf,0xcd,0xcf,0xc8,0xc8,0xcf,0xcd,0xcf,0x39,0x00,0x02,0x00,
  0x02,0x04,0x04,0x04,0x03,0x00,0x00,0x00,0x00,0x01,0x04,0x04,0x01,0x03,0x04,0x04,0x03,0x00,0x00,0x01,0x03,0x04,0x04,0x03,
  0x00,0x00,0x00,0x00,0x00,0x00,0x00,0x03,0x00,0x5a,0xfe,0xff,0xe7,0xe8,0xff,0xfa,0x49,0x00,0x03,0x00,0x04,0x00,0x51,0xe9,
  0xe3,0xea,0xff,0xff,0xeb,0xe4,0xe9,0x40,0x00,0x03,0x02,0x00,0x00,0x00,0x00,0x00,0x01,0x01,0x00,0x00,0x00,0x00,0x00,0x00,
  0x00,0x00,0x00,0x00,0x01,0x02,0x00,0x00,0x00,0x00,0x00,0x01,0x00,0x00,0x00,0x00,0x00,0x01,0x01,0x0f,0xe8,0xff,0x6e,0x03,
  0x04,0x79,0xff,0xd3,0x05,0x01,0x00,0x00,0x00,0x01,0x06,0x03,0x17,0xf5,0xf3,0x1c,0x03,0x07,0x01,0x00,0x00,0x00,0x2a,0x6c,
  0x8b,0x76,0x3a,0x00,0x00,0x02,0x00,0x15,0x8c,0x77,0x06,0x4e,0x87,0x7d,0x40,0x00,0x00,0x07,0x55,0x89,0x7b,0x3d,0x00,0x00,
  0x01,0x00,0x00,0x00,0x03,0x00,0x3a,0xff,0xdc,0x00,0x00,0x00,0x0d,0xf2,0xfb,0x1e,0x00,0x02,0x00,0x00,0x00,0x00,0x00,0x12,
  0xf8,0xf5,0x17,0x00,0x00,0x00,0x02,0x05,0x93,0xff,0xff,0xff,0xff,0xff,0xb2,0x16,0x01,0x00,0x2b,0xff,0xf9,0xd0,0xff,0xff,
  0xff,0xff,0x9d,0x2b,0xd6,0xff,0xff,0xff,0xff,0x9e,0x04,0x02,0x01,0x00,0x00,0x01,0x00,0x0f,0x39,0x29,0x01,0x02,0x02,0x13,
  0xf3,0xf9,0x1a,0x00,0x02,0x00,0x00,0x00,0x02,0x01,0x15,0xf8,0xf5,0x1a,0x01,0x03,0x03,0x00,0x8d,0xff,0xdf,0x5d,0x2e,0x4d,
  0xc6,0xff,0xc0,0x06,0x00,0x29,0xfa,0xfe,0xe1,0x51,0x2e,0x66,0xf0,0xff,0xf0,0xdb,0x4c,0x2e,0x6a,0xf2,0xff,0x69,0x00,0x03,
  0x00,0x00,0x00,0x00,0x00,0x00,0x00,0x00,0x05,0x00,0x5b,0xff,0xc6,0x02,0x01,0x00,0x00,0x00,0x00,0x01,0x00,0x14,0xf8,0xf5,
  0x19,0x00,0x03,0x00,0x22,0xfb,0xf2,0x2a,0x00,0x00,0x00,0x0d,0xd6,0xff,0x52,0x00,0x2c,0xff,0xfa,0x33,0x00,0x00,0x00,0x6f,
  0xfe,0xfa,0x2b,0x00,0x00,0x00,0x76,0xfd,0xbe,0x00,0x02,0x00,0x00,0x00,0x00,0x01,0x03,0x02,0x03,0x00,0x1c,0xe2,0xff,0x4b,
  0x00,0x03,0x00,0x00,0x00,0x00,0x01,0x00,0x14,0xf8,0xf5,0x19,0x00,0x05,0x00,0x58,0xff,0xb8,0x00,0x05,0x02,0x07,0x00,0x80,
  0xfe,0x90,0x00,0x2c,0xff,0xe4,0x0b,0x03,0x06,0x03,0x31,0xff,0xdb,0x06,0x03,0x06,0x03,0x3a,0xff,0xcf,0x00,0x00,0x01,0x00,
  0x00,0x00,0x00,0x00,0x04,0x00,0x14,0xca,0xff,0x92,0x00,0x03,0x00,0x00,0x00,0x00,0x00,0x01,0x00,0x14,0xf8,0xf5,0x19,0x00,
  0x06,0x00,0x62,0xfd,0xa6,0x02,0x03,0x00,0x05,0x03,0x6f,0xfe,0x9a,0x00,0x2b,0xff,0xe0,0x0a,0x00,0x03,0x00,0x2f,0xff,0xd9,
  0x06,0x00,0x04,0x00,0x38,0xff,0xd0,0x01,0x00,0x01,0x00,0x00,0x00,0x00,0x04,0x00,0x22,0xcf,0xff,0xa6,0x03,0x04,0x01,0x00,
  0x00,0x00,0x00,0x00,0x01,0x00,0x14,0xf8,0xf5,0x19,0x00,0x04,0x00,0x43,0xff,0xd4,0x00,0x00,0x04,0x03,0x00,0xa8,0xff,0x78,
  0x00,0x2c,0xff,0xe1,0x0a,0x00,0x03,0x00,0x2f,0xff,0xd9,0x05,0x00,0x04,0x00,0x38,0xff,0xd0,0x01,0x00,0x01,0x00,0x00,0x00,
  0x01,0x00,0x3e,0xe4,0xff,0x93,0x00,0x00,0x00,0x00,0x00,0x00,0x00,0x00,0x00,0x01,0x00,0x14,0xf7,0xf4,0x19,0x00,0x02,0x01,
  0x0a,0xdb,0xff,0x78,0x00,0x00,0x00,0x5c,0xfc,0xf6,0x24,0x00,0x29,0xfe,0xe0,0x0a,0x00,0x03,0x00,0x2f,0xfe,0xd8,0x05,0x00,
  0x04,0x00,0x38,0xfe,0xcf,0x01,0x00,0x01,0x00,0x00,0x02,0x01,0x5e,0xf5,0xfd,0x83,0x03,0x0a,0x09,0x09,0x03,0x00,0x00,0x00,
  0x00,0x00,0x01,0x00,0x14,0xfa,0xf7,0x19,0x00,0x02,0x02,0x00,0x41,0xf5,0xff,0xcf,0xa1,0xc8,0xff,0xff,0x60,0x00,0x00,0x27,
  0xff,0xe3,0x0a,0x00,0x03,0x00,0x2f,0xff,0xda,0x05,0x00,0x04,0x00,0x38,0xff,0xd1,0x01,0x00,0x01,0x00,0x03,0x00,0x3e,0xff,
  0xff,0xff,0xe6,0xf0,0xf1,0xec,0xf1,0x54,0x00,0x04,0x00,0x00,0x00,0x01,0x00,0x14,0xf4,0xf1,0x19,0x00,0x02,0x00,0x02,0x00,
  0x31,0xaa,0xf1,0xff,0xf5,0xb2,0x3f,0x00,0x04,0x00,0x26,0xfb,0xdd,0x0a,0x00,0x03,0x00,0x2e,0xfb,0xd6,0x05,0x00,0x04,0x00,
  0x37,0xfb,0xcd,0x01,0x00,0x01,0x00,0x02,0x00,0x37,0xbf,0xbd,0xc1,0xc9,0xc7,0xc7,0xc4,0xc6,0x45,0x00,0x03,0x00,0x00,0x00,
  0x00,0x00,0x02,0x1b,0x1b,0x03,0x00,0x00,0x00,0x00,0x02,0x00,0x00,0x0d,0x18,0x0f,0x00,0x00,0x02,0x00,0x00,0x04,0x1c,0x19,
  0x01,0x00,0x00,0x00,0x05,0x1c,0x18,0x01,0x00,0x00,0x00,0x06,0x1c,0x17,0x00,0x00,0x00,0x00,0x00,0x00,0x00,0x00,0x00,0x00,
  0x00,0x00,0x00,0x00,0x00,0x00,0x00,0x00,0x00,0x00,0x00,0x00,0x00,0x00,0x00,0x00,0x00,0x00,0x00,0x00,0x00,0x00,0x02,0x03,
  0x00,0x00,0x00,0x02,0x03,0x00,0x00,0x00,0x00,0x00,0x00,0x00,0x00,0x00,0x00,0x00,0x00,0x00,0x00,0x00,0x00,0x00,0x00,0x00,
  0x00,0x00,0x00,0x00,0x00,0x00,0x00,0x01,0x03,0x03,0x03,0x03,0x03,0x03,0x03,0x03,0x01,0x00,0x00,
};
const lv_img_dsc_t txt_ch_16 = {
  .header.cf = LV_IMG_CF_ALPHA_8BIT,
  .header.always_zero = 0,
  .header.reserved = 0,
  .header.w = 59,
  .header.h = 17,
  .data_size = 1003,
  .data = txt_ch_16_map,
};

static const uint8_t txt_ch_17_map[] = {
  0x00,0x00,0x00,0x00,0x00,0x00,0x01,0x02,0x01,0x00,0x00,0x00,0x00,0x00,0x00,0x00,0x00,0x00,0x00,0x00,0x00,0x00,0x00,0x00,
  0x00,0x00,0x00,0x00,0x00,0x00,0x00,0x00,0x00,0x00,0x00,0x00,0x00,0x00,0x00,0x00,0x00,0x00,0x00,0x00,0x00,0x00,0x00,0x00,
  0x00,0x00,0x00,0x00,0x00,0x00,0x00,0x00,0x00,0x00,0x00,0x00,0x00,0x03,0x01,0x00,0x00,0x00,0x03,0x02,0x00,0x00,0x00,0x00,
  0x00,0x00,0x00,0x00,0x00,0x00,0x00,0x00,0x00,0x00,0x00,0x00,0x00,0x00,0x00,0x00,0x00,0x00,0x00,0x00,0x00,0x00,0x00,0x00,
  0x01,0x15,0x16,0x03,0x00,0x00,0x00,0x00,0x00,0x00,0x00,0x00,0x00,0x00,0x00,0x00,0x00,0x00,0x00,0x00,0x00,0x01,0x00,0x00,
  0x11,0x16,0x0a,0x00,0x00,0x01,0x00,0x00,0x00,0x00,0x00,0x00,0x00,0x00,0x00,0x00,0x00,0x00,0x00,0x00,0x00,0x00,0x00,0x00,
  0x00,0x00,0x00,0x00,0x00,0x00,0x00,0x01,0x00,0x0e,0xe8,0xf3,0x20,0x00,0x02,0x00,0x00,0x00,0x00,0x00,0x00,0x00,0x00,0x00,
  0x00,0x00,0x00,0x00,0x00,0x01,0x00,0x5b,0xc5,0xfa,0xff,0xe2,0x9c,0x1e,0x00,0x01,0x00,0x01,0x02,0x01,0x00,0x00,0x00,0x00,
  0x01,0x02,0x01,0x00,0x00,0x02,0x02,0x01,0x03,0x02,0x00,0x00,0x00,0x03,0x03,0x02,0x04,0x03,0x10,0xf4,0xff,0x21,0x00,0x02,
  0x00,0x01,0x04,0x03,0x02,0x03,0x03,0x01,0x00,0x00,0x00,0x00,0x00,0x03,0x00,0x68,0xff,0xff,0xbf,0xb3,0xf5,0xff,0xdb,0x16,
  0x01,0x02,0x00,0x00,0x00,0x00,0x00,0x00,0x00,0x00,0x00,0x00,0x00,0x00,0x00,0x00,0x00,0x00,0x00,0x00,0x00,0x01,0x00,0x00,
  0x00,0x00,0x00,0x0f,0xf1,0xfb,0x21,0x00,0x02,0x02,0x00,0x00,0x00,0x00,0x00,0x00,0x00,0x01,0x00,0x00,0x00,0x01,0x00,0x07,
  0xdd,0xfd,0x5c,0x00,0x00,0x23,0xe0,0xff,0x7b,0x00,0x01,0x7f,0xc2,0x4f,0x00,0x03,0x03,0x00,0x7f,0xc2,0x50,0x00,0x0e,0xb9,
  0xbd,0x1c,0x71,0xb0,0x0d,0x01,0x00,0x45,0x9a,0xc4,0xae,0x55,0x0c,0xee,0xfd,0x21,0x00,0x04,0x00,0x13,0x6e,0xb2,0xc6,0xa3,
  0x58,0x02,0x00,0x01,0x00,0x00,0x01,0x00,0x0e,0xef,0xfc,0x1c,0x00,0x04,0x00,0x25,0x37,0x22,0x03,0x00,0xaf,0xff,0x6d,0x00,
  0x04,0x04,0x00,0xaf,0xff,0x6e,0x00,0x14,0xff,0xff,0xd6,0xff,0xff,0x12,0x00,0x8b,0xff,0xff,0xfb,0xfb,0xff,0xbf,0xf0,0xfc,
  0x21,0x00,0x00,0x36,0xde,0xff,0xff,0xf3,0xff,0xff,0xbe,0x14,0x01,0x01,0x00,0x01,0x02,0x01,0xba,0xff,0xbd,0x39,0x05,0x00,
  0x00,0x00,0x00,0x04,0x00,0xa4,0xfc,0x67,0x00,0x04,0x04,0x00,0xa4,0xfc,0x68,0x00,0x14,0xea,0xfd,0xe6,0x59,0x31,0x02,0x55,
  0xff,0xf6,0x6b,0x16,0x13,0x62,0xfd,0xff,0xf7,0x24,0x00,0x13,0xe1,0xff,0x96,0x22,0x0f,0x38,0xc6,0xff,0xad,0x00,0x02,0x00,
  0x00,0x02,0x00,0x22,0xc5,0xff,0xff,0xe6,0xa0,0x51,0x06,0x00,0x05,0x00,0xa6,0xff,0x68,0x00,0x04,0x04,0x00,0xa6,0xff,0x69,
  0x00,0x13,0xed,0xff,0x4d,0x00,0x00,0x00,0xbf,0xfd,0x79,0x00,0x00,0x00,0x00,0x67,0xff,0xf5,0x26,0x00,0x69,0xff,0xbf,0x00,
  0x00,0x00,0x00,0x19,0xeb,0xff,0x2f,0x00,0x03,0x00,0x00,0x01,0x00,0x05,0x3f,0x85,0xcc,0xff,0xff,0xc0,0x15,0x03,0x00,0xa6,
  0xff,0x68,0x00,0x04,0x04,0x00,0xa6,0xff,0x69,0x00,0x13,0xf1,0xfe,0x24,0x04,0x02,0x0c,0xe9,0xfe,0x28,0x03,0x04,0x03,0x03,
  0x18,0xf7,0xfb,0x25,0x00,0x9f,0xfe,0x72,0x01,0x06,0x01,0x05,0x00,0xb1,0xff,0x5f,0x00,0x04,0x00,0x00,0x00,0x00,0x00,0x00,
  0x00,0x00,0x2c,0xc6,0xff,0x8d,0x00,0x00,0xa6,0xff,0x67,0x02,0x04,0x04,0x02,0xa5,0xff,0x69,0x00,0x13,0xf1,0xfc,0x21,0x00,
  0x00,0x0d,0xed,0xfe,0x24,0x02,0x02,0x01,0x02,0x13,0xf4,0xfc,0x25,0x00,0xa4,0xfe,0x6c,0x03,0x05,0x00,0x04,0x01,0xa9,0xfe,
  0x64,0x00,0x04,0x01,0x00,0x06,0x63,0x6a,0x12,0x03,0x09,0x00,0x4e,0xfb,0xba,0x00,0x00,0x9f,0xfd,0x82,0x00,0x06,0x02,0x00,
  0xbe,0xff,0x6a,0x00,0x13,0xf1,0xfc,0x21,0x00,0x02,0x02,0xcb,0xfd,0x5e,0x00,0x05,0x05,0x00,0x46,0xff,0xf6,0x26,0x00,0x7e,
  0xff,0xa4,0x00,0x03,0x04,0x00,0x05,0xde,0xff,0x3e,0x00,0x03,0x01,0x01,0x05,0xe3,0xff,0x8a,0x00,0x00,0x09,0xa2,0xff,0x96,
  0x00,0x00,0x69,0xff,0xde,0x28,0x00,0x00,0x53,0xfa,0xfe,0x6c,0x00,0x13,0xf0,0xfb,0x21,0x00,0x06,0x00,0x71,0xff,0xe0,0x36,
  0x00,0x00,0x27,0xdc,0xff,0xf5,0x24,0x00,0x29,0xf9,0xf9,0x58,0x00,0x00,0x0d,0x99,0xff,0xcc,0x06,0x02,0x00,0x00,0x03,0x00,
  0x52,0xfc,0xff,0xd3,0xb1,0xde,0xff,0xe8,0x25,0x01,0x01,0x0f,0xd4,0xff,0xf7,0xb9,0xca,0xff,0xf7,0xff,0x6e,0x00,0x13,0xf4,
  0xff,0x21,0x00,0x03,0x02,0x08,0xba,0xff,0xff,0xc0,0xbe,0xff,0xe7,0xf6,0xfe,0x22,0x00,0x00,0x69,0xff,0xff,0xcd,0xb4,0xe9,
  0xff,0xe4,0x2e,0x00,0x02,0x00,0x00,0x00,0x01,0x00,0x45,0xb5,0xf1,0xff,0xe9,0xa1,0x25,0x00,0x01,0x01,0x00,0x1a,0x9e,0xe6,
  0xff,0xe2,0x69,0xa2,0xf6,0x66,0x00,0x12,0xe8,0xf3,0x20,0x00,0x02,0x01,0x00,0x09,0x81,0xd9,0xff,0xf1,0x9d,0x24,0xe3,0xf5,
  0x20,0x00,0x04,0x00,0x46,0xb6,0xf4,0xff,0xe0,0x92,0x1e,0x00,0x02,0x00,0x00,0x00,0x00,0x00,0x02,0x00,0x00,0x0c,0x12,0x09,
  0x00,0x00,0x01,0x00,0x00,0x01,0x00,0x00,0x0b,0x13,0x01,0x00,0x0d,0x16,0x09,0x00,0x02,0x15,0x16,0x03,0x00,0x00,0x00,0x01,
  0x00,0x00,0x05,0x13,0x09,0x00,0x00,0x16,0x15,0x03,0x00,0x00,0x02,0x00,0x00,0x0d,0x12,0x05,0x00,0x00,0x02,0x00,0x00,0x00,
  0x00,0x00,0x00,0x00,0x03,0x02,0x00,0x00,0x00,0x03,0x02,0x00,0x00,0x00,0x00,0x02,0x03,0x00,0x00,0x00,0x03,0x00,0x00,0x00,
  0x00,0x00,0x00,0x00,0x00,0x00,0x00,0x00,0x00,0x01,0x04,0x00,0x00,0x00,0x03,0x01,0x00,0x00,0x00,0x00,0x00,0x00,0x03,0x02,
  0x00,0x00,0x00,0x04,0x02,0x00,0x00,0x00,0x00,
};
const lv_img_dsc_t txt_ch_17 = {
  .header.cf = LV_IMG_CF_ALPHA_8BIT,
  .header.always_zero = 0,
  .header.reserved = 0,
  .header.w = 57,
  .header.h = 17,
  .data_size = 969,
  .data = txt_ch_17_map,
};

static const uint8_t txt_ch_18_map[] = {
  0x00,0x00,0x00,0x01,0x02,0x02,0x02,0x02,0x01,0x01,0x00,0x00,0x00,0x00,0x00,0x00,0x00,0x00,0x00,0x00,0x00,0x00,0x00,0x00,
  0x00,0x00,0x00,0x00,0x00,0x00,0x00,0x00,0x00,0x00,0x00,0x00,0x00,0x00,0x00,0x00,0x00,0x00,0x00,0x00,0x00,0x00,0x00,0x00,
  0x00,0x00,0x00,0x00,0x00,0x00,0x00,0x00,0x00,0x00,0x00,0x00,0x00,0x00,0x00,0x00,0x00,0x00,0x00,0x00,0x00,0x00,0x00,0x00,
  0x00,0x00,0x00,0x00,0x00,0x00,0x00,0x03,0x00,0x00,0x00,0x00,0x00,0x00,0x00,0x00,0x00,0x00,0x00,0x00,0x00,0x00,0x00,0x00,
  0x00,0x00,0x00,0x00,0x00,0x00,0x00,0x00,0x00,0x00,0x00,0x00,0x00,0x00,0x00,0x00,0x00,0x05,0x16,0x12,0x00,0x00,0x00,0x00,
  0x00,0x00,0x00,0x00,0x00,0x00,0x00,0x00,0x00,0x00,0x00,0x00,0x00,0x00,0x00,0x00,0x00,0x00,0x00,0x00,0x00,0x11,0x1a,0x17,
  0x16,0x16,0x15,0x03,0x00,0x00,0x00,0x00,0x00,0x00,0x00,0x00,0x00,0x00,0x00,0x00,0x00,0x00,0x00,0x00,0x00,0x00,0x00,0x00,
  0x00,0x00,0x00,0x00,0x00,0x00,0x00,0x00,0x00,0x00,0x00,0x00,0x03,0x00,0x35,0xf6,0xca,0x01,0x00,0x01,0x00,0x00,0x00,0x00,
  0x00,0x00,0x00,0x00,0x00,0x00,0x00,0x00,0x00,0x00,0x00,0x00,0x00,0x00,0x00,0x00,0x03,0x00,0xa9,0xf8,0xfd,0xff,0xff,0xff,
  0xd5,0x78,0x03,0x01,0x01,0x01,0x02,0x01,0x00,0x00,0x00,0x00,0x01,0x02,0x01,0x00,0x00,0x02,0x02,0x01,0x03,0x03,0x02,0x03,
  0x02,0x00,0x01,0x04,0x03,0x02,0x03,0x02,0x00,0x03,0x00,0x38,0xff,0xd3,0x02,0x04,0x04,0x02,0x03,0x03,0x00,0x00,0x00,0x00,
  0x00,0x01,0x04,0x03,0x02,0x03,0x03,0x01,0x00,0x00,0x00,0x00,0x00,0x03,0x00,0xaf,0xff,0xca,0xa9,0xac,0xbf,0xff,0xff,0x8b,
  0x00,0x03,0x00,0x00,0x00,0x00,0x00,0x00,0x00,0x00,0x00,0x00,0x00,0x00,0x00,0x00,0x00,0x00,0x00,0x00,0x00,0x00,0x03,0x00,
  0x00,0x00,0x00,0x00,0x00,0x02,0x03,0x00,0x37,0xfe,0xd2,0x00,0x00,0x00,0x00,0x00,0x00,0x02,0x00,0x00,0x00,0x02,0x00,0x00,
  0x00,0x00,0x00,0x00,0x00,0x01,0x00,0x00,0x00,0x00,0x03,0x00,0xaa,0xfe,0x5b,0x00,0x00,0x00,0x52,0xfb,0xec,0x11,0x00,0x4c,
  0xc2,0x7f,0x00,0x02,0x03,0x00,0x52,0xc2,0x78,0x00,0x00,0x97,0xc2,0x39,0x59,0xb6,0xc1,0x90,0x30,0x00,0x05,0x68,0xb8,0xc1,
  0x8e,0x2d,0x00,0x05,0x00,0x37,0xff,0xcc,0x04,0x65,0xb7,0xc2,0x93,0x38,0x00,0x02,0x00,0x02,0x00,0x0f,0x6a,0xb0,0xc7,0xa5,
  0x5a,0x03,0x00,0x01,0x00,0x00,0x00,0x03,0x00,0xab,0xff,0x5e,0x00,0x00,0x00,0x11,0xfc,0xef,0x12,0x00,0x69,0xff,0xaf,0x00,
  0x03,0x04,0x00,0x72,0xff,0xa6,0x00,0x00,0xd3,0xff,0xe5,0xff,0xf6,0xff,0xff,0xf7,0x55,0xb9,0xff,0xf3,0xff,0xff,0xf4,0x44,
  0x00,0x00,0x38,0xff,0xd9,0xc4,0xff,0xf6,0xff,0xff,0xfd,0x6b,0x00,0x04,0x00,0x2d,0xd8,0xff,0xff,0xf2,0xff,0xff,0xc2,0x16,
  0x01,0x01,0x00,0x00,0x03,0x00,0xab,0xff,0x7a,0x28,0x2c,0x3a,0xac,0xff,0x8d,0x00,0x00,0x62,0xfc,0xa4,0x00,0x03,0x04,0x00,
  0x6b,0xfc,0x9c,0x00,0x00,0xc4,0xfc,0xef,0x4c,0x10,0x20,0xa4,0xff,0xff,0xf0,0x47,0x0f,0x23,0xa9,0xff,0xd5,0x08,0x00,0x3a,
  0xff,0xff,0xef,0x4d,0x10,0x1b,0x83,0xff,0xfe,0x34,0x01,0x0e,0xd7,0xff,0x9e,0x24,0x0f,0x35,0xc1,0xff,0xb1,0x00,0x02,0x00,
  0x00,0x03,0x00,0xae,0xff,0xff,0xff,0xff,0xff,0xff,0x94,0x00,0x06,0x00,0x63,0xff,0xa6,0x00,0x03,0x04,0x00,0x6c,0xff,0x9e,
  0x00,0x00,0xc4,0xff,0x75,0x00,0x01,0x00,0x10,0xe8,0xff,0x6d,0x00,0x02,0x00,0x16,0xef,0xff,0x2e,0x00,0x3b,0xff,0xfd,0x46,
  0x00,0x00,0x00,0x00,0xa0,0xff,0x9a,0x00,0x5d,0xff,0xc9,0x00,0x00,0x00,0x00,0x15,0xe8,0xff,0x32,0x00,0x03,0x00,0x03,0x00,
  0xad,0xff,0xb9,0x8f,0x93,0x9e,0xe3,0xec,0x63,0x00,0x00,0x63,0xff,0xa6,0x00,0x03,0x04,0x00,0x6c,0xff,0x9e,0x00,0x00,0xc6,
  0xff,0x49,0x03,0x05,0x02,0x00,0xce,0xfe,0x41,0x03,0x04,0x02,0x00,0xd5,0xff,0x3d,0x00,0x3a,0xff,0xdc,0x06,0x03,0x02,0x05,
  0x02,0x4a,0xfe,0xc6,0x00,0x8f,0xfe,0x7f,0x01,0x06,0x01,0x05,0x00,0xab,0xfe,0x62,0x00,0x04,0x00,0x03,0x00,0xab,0xff,0x58,
  0x00,0x00,0x00,0x22,0xed,0xfa,0x25,0x00,0x65,0xff,0xa5,0x02,0x03,0x04,0x02,0x6b,0xff,0x9e,0x00,0x00,0xc6,0xff,0x48,0x00,
  0x03,0x01,0x01,0xcd,0xff,0x41,0x00,0x03,0x00,0x00,0xd5,0xff,0x3d,0x00,0x3a,0xff,0xd5,0x04,0x02,0x01,0x03,0x03,0x44,0xff,
  0xc9,0x00,0x94,0xfe,0x78,0x03,0x05,0x00,0x04,0x01,0xa3,0xfe,0x67,0x00,0x04,0x00,0x03,0x00,0xab,0xff,0x66,0x06,0x0a,0x07,
  0x00,0xb2,0xfe,0x5b,0x00,0x61,0xff,0xc0,0x00,0x02,0x06,0x00,0x86,0xff,0x9e,0x00,0x00,0xc6,0xff,0x48,0x00,0x03,0x01,0x00,
  0xcd,0xff,0x41,0x00,0x03,0x00,0x00,0xd5,0xff,0x3d,0x00,0x3b,0xff,0xf7,0x27,0x00,0x04,0x04,0x00,0x87,0xfe,0xa7,0x00,0x71,
  0xff,0xb0,0x00,0x02,0x04,0x00,0x03,0xda,0xff,0x41,0x00,0x03,0x00,0x03,0x00,0xaa,0xfe,0x5a,0x00,0x00,0x00,0x29,0xe3,0xff,
  0x44,0x00,0x31,0xff,0xf7,0x52,0x00,0x00,0x2a,0xe6,0xfe,0xa0,0x00,0x00,0xc5,0xfe,0x48,0x00,0x03,0x01,0x00,0xcc,0xfe,0x41,
  0x00,0x03,0x00,0x00,0xd4,0xfe,0x3d,0x00,0x3c,0xfe,0xff,0xc4,0x18,0x00,0x00,0x4d,0xf0,0xff,0x4a,0x00,0x20,0xf3,0xfd,0x61,
  0x00,0x00,0x0c,0x94,0xff,0xcf,0x07,0x01,0x00,0x00,0x03,0x00,0xaf,0xff,0xcd,0xae,0xb2,0xba,0xf6,0xff,0xbc,0x06,0x04,0x00,
  0x9d,0xff,0xff,0xc3,0xbe,0xff,0xfb,0xff,0xa4,0x00,0x00,0xc8,0xff,0x49,0x00,0x03,0x01,0x00,0xcf,0xff,0x42,0x00,0x03,0x00,
  0x00,0xd7,0xff,0x3e,0x00,0x3c,0xff,0xeb,0xf7,0xfb,0xb8,0xc7,0xff,0xff,0x98,0x00,0x04,0x00,0x5d,0xfe,0xff,0xd0,0xb3,0xe7,
  0xff,0xe7,0x31,0x00,0x02,0x00,0x00,0x03,0x00,0xa8,0xf6,0xfb,0xff,0xff,0xff,0xde,0x8c,0x0f,0x00,0x02,0x01,0x05,0x80,0xd8,
  0xff,0xef,0x87,0x77,0xf6,0x99,0x00,0x00,0xbf,0xf6,0x45,0x00,0x03,0x01,0x00,0xc6,0xf6,0x3f,0x00,0x03,0x00,0x00,0xcd,0xf6,
  0x3b,0x00,0x38,0xf6,0xc2,0x2c,0xb2,0xf8,0xff,0xd1,0x6e,0x00,0x01,0x01,0x02,0x00,0x40,0xb2,0xf2,0xff,0xe2,0x94,0x20,0x00,
  0x02,0x00,0x00,0x00,0x00,0x00,0x0f,0x16,0x13,0x12,0x12,0x12,0x06,0x00,0x00,0x01,0x00,0x00,0x00,0x00,0x05,0x13,0x07,0x00,
  0x05,0x16,0x0d,0x00,0x00,0x11,0x16,0x06,0x00,0x00,0x00,0x00,0x11,0x16,0x06,0x00,0x00,0x00,0x00,0x12,0x16,0x05,0x00,0x05,
  0x16,0x14,0x00,0x00,0x0c,0x13,0x01,0x00,0x01,0x00,0x00,0x00,0x02,0x00,0x00,0x0c,0x12,0x06,0x00,0x00,0x02,0x00,0x00,0x00,
  0x00,0x00,0x00,0x00,0x00,0x00,0x00,0x00,0x00,0x00,0x04,0x01,0x00,0x00,0x00,0x01,0x04,0x00,0x00,0x00,0x04,0x00,0x00,0x00,
  0x00,0x00,0x00,0x00,0x00,0x00,0x00,0x00,0x00,0x00,0x00,0x00,0x00,0x00,0x00,0x00,0x00,0x00,0x00,0x00,0x00,0x00,0x00,0x02,
  0x02,0x00,0x00,0x00,0x03,0x00,0x00,0x00,0x00,0x00,0x03,0x02,0x00,0x00,0x00,0x04,0x02,0x00,0x00,0x00,0x00,
};
const lv_img_dsc_t txt_ch_18 = {
  .header.cf = LV_IMG_CF_ALPHA_8BIT,
  .header.always_zero = 0,
  .header.reserved = 0,
  .header.w = 69,
  .header.h = 17,
  .data_size = 1173,
  .data = txt_ch_18_map,
};

static const uint8_t txt_ch_19_map[] = {
  0x00,0x00,0x00,0x00,0x00,0x00,0x00,0x00,0x00,0x00,0x00,0x00,0x00,0x00,0x00,0x00,0x00,0x02,0x03,0x01,0x00,0x00,0x00,0x00,
  0x00,0x00,0x00,0x00,0x01,0x00,0x00,0x01,0x00,0x00,0x00,0x00,0x00,0x00,0x00,0x00,0x00,0x00,0x00,0x00,0x00,0x00,0x00,0x00,
  0x00,0x00,0x00,0x00,0x02,0x03,0x01,0x00,0x00,0x00,0x00,0x00,0x00,0x00,0x00,0x00,0x00,0x00,0x00,0x00,0x00,0x00,0x00,0x00,
  0x00,0x00,0x00,0x00,0x02,0x03,0x01,0x00,0x00,0x00,0x00,0x00,0x00,0x00,0x00,0x01,0x03,0x03,0x02,0x02,0x03,0x03,0x01,0x00,
  0x00,0x00,0x00,0x00,0x00,0x00,0x00,0x00,0x00,0x00,0x00,0x00,0x00,0x00,0x00,0x12,0x09,0x00,0x00,0x00,0x00,0x00,0x00,0x00,
  0x00,0x00,0x00,0x00,0x00,0x00,0x00,0x00,0x00,0x00,0x00,0x00,0x00,0x00,0x00,0x00,0x00,0x00,0x00,0x00,0x00,0x00,0x00,0x00,
  0x00,0x00,0x00,0x00,0x00,0x00,0x00,0x00,0x00,0x00,0x00,0x00,0x00,0x00,0x00,0x00,0x00,0x00,0x00,0x00,0x00,0x00,0x00,0x00,
  0x02,0x00,0x00,0x00,0x00,0x00,0x00,0x00,0x00,0x02,0x00,0x02,0x00,0x8a,0xc0,0x40,0x00,0x02,0x00,0x00,0x00,0x00,0x02,0x00,
  0x3c,0xe9,0xd1,0x17,0x01,0x01,0x00,0x00,0x00,0x00,0x00,0x00,0x00,0x00,0x00,0x00,0x00,0x00,0x00,0x00,0x00,0x00,0x00,0x00,
  0xa3,0xc0,0x29,0x00,0x02,0x00,0x00,0x00,0x00,0x00,0x00,0x00,0x00,0x00,0x00,0x00,0x00,0x00,0x00,0x00,0x00,0x00,0x03,0x00,
  0x79,0xc0,0x51,0x00,0x03,0x00,0x00,0x00,0x00,0x02,0x00,0x04,0x51,0x9c,0xc8,0xc8,0x9f,0x57,0x08,0x00,0x02,0x03,0x00,0xc2,
  0xff,0x5a,0x02,0x07,0x04,0x04,0x01,0x00,0x04,0x00,0x66,0xff,0xff,0x2b,0x00,0x05,0x04,0x03,0x01,0x04,0x04,0x04,0x02,0x00,
  0x00,0x02,0x04,0x04,0x04,0x02,0x00,0x00,0x00,0x00,0xe5,0xff,0x39,0x01,0x07,0x04,0x04,0x02,0x00,0x00,0x00,0x00,0x00,0x00,
  0x02,0x04,0x04,0x04,0x01,0x01,0x04,0x03,0x04,0x00,0xaa,0xff,0x71,0x00,0x04,0x00,0x00,0x00,0x02,0x00,0x2d,0xc9,0xff,0xff,
  0xed,0xed,0xff,0xff,0xce,0x31,0x00,0x05,0x00,0xb6,0xfc,0x56,0x00,0x00,0x00,0x00,0x00,0x02,0x00,0x00,0x01,0x55,0x40,0x00,
  0x01,0x00,0x00,0x00,0x00,0x00,0x00,0x00,0x00,0x02,0x02,0x00,0x00,0x00,0x00,0x00,0x02,0x00,0x00,0x00,0xd6,0xfc,0x38,0x00,
  0x00,0x00,0x00,0x00,0x02,0x00,0x00,0x00,0x00,0x02,0x00,0x00,0x00,0x00,0x00,0x00,0x00,0x00,0x04,0x00,0x9f,0xfc,0x6a,0x00,
  0x04,0x00,0x00,0x02,0x01,0x23,0xe8,0xff,0x99,0x2b,0x0a,0x0a,0x30,0xaf,0xff,0xfb,0x31,0x01,0x00,0xb8,0xff,0x4a,0x1e,0x76,
  0x89,0x65,0x18,0x00,0x03,0x00,0x1d,0x7a,0x68,0x02,0x00,0x3f,0x8c,0x49,0x12,0x67,0x8a,0x6d,0x26,0x00,0x00,0x1a,0x6a,0x8a,
  0x6c,0x24,0x00,0x02,0x00,0x00,0xd9,0xff,0x29,0x14,0x69,0x8a,0x70,0x2d,0x00,0x01,0x00,0x00,0x00,0x00,0x31,0x73,0x8b,0x65,
  0x10,0x1b,0x8c,0x6a,0x02,0x00,0xa1,0xff,0x6b,0x00,0x04,0x00,0x00,0x02,0x00,0xb1,0xff,0x8c,0x00,0x00,0x00,0x00,0x00,0x01,
  0x96,0xbe,0x6f,0x00,0x00,0xbb,0xff,0xb8,0xff,0xff,0xff,0xff,0xe6,0x3d,0x00,0x00,0x3c,0xff,0xeb,0x03,0x00,0x7f,0xff,0xd6,
  0xed,0xff,0xff,0xff,0xf6,0x5c,0x4a,0xfb,0xff,0xff,0xff,0xf4,0x63,0x00,0x02,0x00,0xdb,0xfe,0x88,0xf4,0xff,0xff,0xff,0xfe,
  0x85,0x00,0x02,0x02,0x03,0x90,0xff,0xff,0xff,0xff,0xea,0x95,0xff,0xd2,0x00,0x00,0xa1,0xff,0x6b,0x00,0x04,0x00,0x02,0x00,
  0x24,0xfc,0xee,0x10,0x02,0x04,0x01,0x01,0x02,0x00,0x00,0x00,0x00,0x03,0x00,0xbb,0xff,0xff,0x84,0x31,0x40,0xba,0xff,0xda,
  0x0c,0x00,0x37,0xfb,0xd4,0x03,0x00,0x76,0xfb,0xff,0xaf,0x3a,0x34,0x92,0xff,0xf9,0xfc,0xa9,0x38,0x35,0x96,0xff,0xfb,0x29,
  0x00,0x02,0xda,0xff,0xff,0xae,0x3d,0x32,0x7d,0xf8,0xff,0x67,0x00,0x00,0x79,0xff,0xf2,0x71,0x30,0x42,0xbc,0xff,0xfb,0xc1,
  0x00,0x00,0xa1,0xff,0x6b,0x00,0x04,0x00,0x04,0x00,0x4e,0xff,0xbe,0x00,0x01,0x00,0x00,0x00,0x00,0x01,0x03,0x03,0x01,0x03,
  0x00,0xb7,0xff,0x94,0x00,0x00,0x00,0x13,0xe9,0xff,0x3d,0x00,0x3a,0xff,0xd8,0x03,0x00,0x76,0xff,0xce,0x00,0x00,0x00,0x00,
  0xba,0xff,0xcc,0x00,0x00,0x00,0x00,0xbe,0xff,0x73,0x00,0x03,0xd6,0xff,0xad,0x00,0x00,0x00,0x00,0x67,0xfe,0xdb,0x04,0x0f,
  0xeb,0xfd,0x52,0x00,0x00,0x00,0x00,0xbf,0xff,0xc1,0x00,0x00,0xa1,0xff,0x6b,0x00,0x04,0x00,0x04,0x00,0x52,0xfe,0xb7,0x00,
  0x02,0x00,0x00,0x00,0x00,0x00,0x03,0x04,0x03,0x03,0x00,0xb8,0xff,0x57,0x03,0x07,0x05,0x00,0xc1,0xfe,0x51,0x00,0x3b,0xff,
  0xd8,0x03,0x00,0x74,0xff,0x99,0x00,0x06,0x07,0x02,0x7e,0xfe,0x91,0x01,0x06,0x07,0x02,0x84,0xfe,0x88,0x00,0x03,0xd7,0xff,
  0x47,0x01,0x06,0x04,0x03,0x0c,0xec,0xff,0x18,0x30,0xff,0xda,0x02,0x04,0x03,0x07,0x00,0x5b,0xff,0xc0,0x00,0x00,0xa1,0xff,
  0x6b,0x00,0x04,0x00,0x03,0x00,0x33,0xff,0xe1,0x05,0x03,0x02,0x00,0x00,0x01,0x02,0x00,0x00,0x00,0x03,0x00,0xb8,0xff,0x55,
  0x00,0x04,0x02,0x01,0xbf,0xff,0x51,0x00,0x3b,0xff,0xd8,0x03,0x00,0x74,0xff,0x96,0x01,0x03,0x05,0x00,0x7b,0xff,0x8f,0x00,
  0x04,0x05,0x00,0x82,0xff,0x89,0x00,0x03,0xd9,0xff,0x38,0x03,0x03,0x01,0x01,0x06,0xe2,0xff,0x1f,0x36,0xff,0xca,0x00,0x01,
  0x00,0x03,0x03,0x49,0xff,0xc1,0x00,0x00,0xa1,0xff,0x6b,0x00,0x04,0x00,0x00,0x01,0x05,0xd2,0xff,0x61,0x00,0x02,0x03,0x03,
  0x00,0x00,0x55,0x72,0x4e,0x02,0x00,0xb8,0xff,0x55,0x00,0x04,0x02,0x00,0xbf,0xff,0x51,0x00,0x3b,0xff,0xd8,0x03,0x00,0x74,
  0xff,0x96,0x00,0x03,0x05,0x00,0x7b,0xff,0x8f,0x00,0x04,0x05,0x00,0x82,0xff,0x89,0x00,0x03,0xd6,0xff,0x6b,0x00,0x06,0x06,
  0x00,0x2b,0xf9,0xf3,0x0c,0x1f,0xfc,0xf1,0x19,0x00,0x05,0x06,0x00,0x82,0xff,0xc0,0x00,0x00,0xa1,0xff,0x6b,0x00,0x04,0x00,
  0x00,0x03,0x00,0x48,0xff,0xf5,0x5a,0x02,0x00,0x00,0x04,0x70,0xff,0xff,0x58,0x00,0x00,0xb8,0xfe,0x55,0x00,0x04,0x02,0x00,
  0xbe,0xfe,0x51,0x00,0x3b,0xfe,0xd7,0x03,0x00,0x74,0xfe,0x96,0x00,0x03,0x05,0x00,0x7b,0xfe,0x8f,0x00,0x04,0x05,0x00,0x82,
  0xfe,0x89,0x00,0x03,0xd7,0xfe,0xeb,0x32,0x00,0x00,0x14,0xb9,0xff,0xa6,0x00,0x01,0xbc,0xff,0xa9,0x0d,0x00,0x00,0x40,0xf5,
  0xfe,0xc3,0x00,0x00,0xa1,0xfe,0x6b,0x00,0x04,0x00,0x00,0x00,0x02,0x00,0x63,0xf9,0xff,0xdb,0xa8,0xa7,0xde,0xff,0xf9,0x68,
  0x00,0x04,0x00,0xb9,0xff,0x56,0x00,0x04,0x02,0x00,0xc0,0xff,0x52,0x00,0x3b,0xff,0xd9,0x03,0x00,0x75,0xff,0x97,0x00,0x03,
  0x05,0x00,0x7c,0xff,0x90,0x00,0x04,0x05,0x00,0x83,0xff,0x8a,0x00,0x03,0xdd,0xff,0xec,0xff,0xb7,0xa7,0xea,0xff,0xe2,0x21,
  0x01,0x01,0x2d,0xec,0xff,0xe3,0xa4,0xbe,0xff,0xe3,0xff,0xc6,0x00,0x00,0xa2,0xff,0x6c,0x00,0x04,0x00,0x00,0x00,0x00,0x02,
  0x00,0x2e,0x9a,0xe4,0xff,0xff,0xe5,0x9e,0x34,0x00,0x02,0x03,0x00,0xb5,0xfb,0x54,0x00,0x04,0x02,0x00,0xbc,0xfb,0x50,0x00,
  0x3a,0xfb,0xd5,0x03,0x00,0x72,0xfb,0x94,0x00,0x03,0x05,0x00,0x79,0xfb,0x8d,0x00,0x04,0x05,0x00,0x80,0xfb,0x87,0x00,0x03,
  0xd7,0xfa,0x44,0x8e,0xf1,0xff,0xed,0xa3,0x21,0x00,0x02,0x02,0x00,0x2a,0xab,0xf2,0xff,0xec,0x79,0x4b,0xfb,0xbf,0x00,0x00,
  0x9e,0xfb,0x69,0x00,0x04,0x00,0x00,0x00,0x00,0x00,0x03,0x00,0x00,0x05,0x16,0x16,0x06,0x00,0x00,0x02,0x00,0x00,0x00,0x14,
  0x1c,0x09,0x00,0x00,0x00,0x00,0x15,0x1c,0x09,0x00,0x07,0x1c,0x18,0x00,0x00,0x0d,0x1c,0x11,0x00,0x00,0x01,0x00,0x0e,0x1c,
  0x10,0x00,0x00,0x01,0x00,0x0e,0x1c,0x0f,0x00,0x00,0x18,0x1c,0x02,0x00,0x09,0x19,0x0e,0x00,0x00,0x02,0x00,0x00,0x02,0x00,
  0x00,0x11,0x19,0x06,0x00,0x06,0x1c,0x15,0x00,0x00,0x12,0x1c,0x0c,0x00,0x00,0x00,0x00,0x00,0x00,0x00,0x00,0x02,0x03,0x00,
  0x00,0x00,0x00,0x03,0x03,0x00,0x00,0x00,0x00,0x00,0x00,0x00,0x00,0x00,0x00,0x00,0x00,0x00,0x00,0x00,0x00,0x00,0x00,0x00,
  0x00,0x00,0x00,0x00,0x00,0x00,0x00,0x00,0x00,0x00,0x00,0x00,0x00,0x00,0x00,0x00,0x00,0x00,0x00,0x00,0x00,0x00,0x00,0x03,
  0x00,0x00,0x00,0x03,0x02,0x00,0x00,0x00,0x00,0x02,0x02,0x00,0x00,0x00,0x03,0x00,0x00,0x00,0x00,0x00,0x00,0x00,0x00,0x00,
  0x00,0x00,
};
const lv_img_dsc_t txt_ch_19 = {
  .header.cf = LV_IMG_CF_ALPHA_8BIT,
  .header.always_zero = 0,
  .header.reserved = 0,
  .header.w = 82,
  .header.h = 17,
  .data_size = 1394,
  .data = txt_ch_19_map,
};

static const uint8_t txt_ch_20_map[] = {
  0x00,0x00,0x00,0x00,0x00,0x02,0x04,0x00,0x00,0x00,0x00,0x04,0x02,0x00,0x00,0x00,0x00,0x00,0x00,0x00,0x00,0x00,0x00,0x00,
  0x00,0x00,0x00,0x00,0x00,0x00,0x00,0x00,0x00,0x00,0x00,0x00,0x00,0x00,0x00,0x00,0x00,0x00,0x00,0x00,0x00,0x00,0x00,0x00,
  0x00,0x00,0x03,0x00,0x00,0x01,0x11,0x11,0x01,0x00,0x00,0x03,0x00,0x00,0x00,0x00,0x00,0x00,0x00,0x00,0x00,0x00,0x00,0x00,
  0x00,0x00,0x00,0x00,0x00,0x00,0x00,0x00,0x00,0x00,0x00,0x00,0x00,0x00,0x00,0x00,0x00,0x00,0x00,0x00,0x00,0x00,0x00,0x02,
  0x00,0x25,0x8f,0xdb,0xff,0xff,0xd9,0x8d,0x23,0x00,0x03,0x00,0x01,0x02,0x01,0x00,0x00,0x00,0x00,0x01,0x02,0x01,0x00,0x00,
  0x00,0x03,0x03,0x02,0x03,0x04,0x01,0x00,0x00,0x00,0x01,0x02,0x02,0x02,0x03,0x02,0x00,0x00,0x00,0x00,0x02,0x00,0x58,0xf3,
  0xff,0xe8,0xb7,0xb9,0xea,0xff,0xf0,0x53,0x00,0x02,0x00,0x00,0x00,0x00,0x00,0x00,0x00,0x00,0x00,0x00,0x00,0x01,0x00,0x00,
  0x00,0x00,0x00,0x00,0x00,0x02,0x00,0x00,0x00,0x00,0x00,0x00,0x00,0x00,0x00,0x00,0x00,0x03,0x00,0x40,0xfe,0xf9,0x66,0x09,
  0x00,0x00,0x0a,0x6d,0xfd,0xfb,0x39,0x01,0x96,0xbf,0x45,0x01,0x03,0x03,0x01,0x3b,0xbf,0x9a,0x03,0x00,0x00,0x4d,0x9c,0xc2,
  0xb2,0x6f,0x13,0x00,0x04,0x00,0x34,0xbf,0x89,0x1b,0x95,0x81,0x00,0x03,0x00,0x01,0x04,0xcb,0xff,0x69,0x00,0x00,0x02,0x02,
  0x00,0x00,0x74,0xff,0xc6,0x00,0x7f,0xff,0xad,0x00,0x03,0x04,0x00,0x9e,0xff,0x8a,0x00,0x0a,0xa8,0xff,0xff,0xf5,0xff,0xff,
  0xdd,0x2e,0x00,0x00,0x4a,0xff,0xe5,0xe8,0xff,0xbd,0x00,0x04,0x02,0x00,0x30,0xff,0xe3,0x06,0x03,0x02,0x00,0x00,0x02,0x03,
  0x0d,0xe9,0xfe,0x1f,0x13,0xf4,0xf2,0x18,0x00,0x00,0x10,0xea,0xf7,0x25,0x00,0x83,0xff,0xce,0x3c,0x12,0x1f,0x82,0xff,0xd4,
  0x0a,0x00,0x48,0xfc,0xff,0xc0,0x48,0x25,0x00,0x01,0x04,0x00,0x52,0xfe,0xb6,0x00,0x01,0x00,0x00,0x00,0x00,0x01,0x00,0xc3,
  0xfe,0x4a,0x00,0xb0,0xff,0x62,0x00,0x00,0x54,0xff,0xb8,0x00,0x10,0xe9,0xf7,0x24,0x00,0x00,0x00,0x00,0xae,0xff,0x4c,0x00,
  0x4a,0xff,0xe9,0x0f,0x00,0x00,0x00,0x00,0x04,0x00,0x52,0xfe,0xb7,0x00,0x01,0x00,0x00,0x00,0x00,0x01,0x00,0xc3,0xff,0x4a,
  0x01,0x51,0xff,0xbc,0x00,0x00,0xad,0xff,0x59,0x00,0x32,0xff,0xfb,0xda,0xdd,0xdb,0xdd,0xdc,0xee,0xff,0x7e,0x00,0x4a,0xff,
  0xc5,0x00,0x04,0x02,0x00,0x00,0x02,0x00,0x2f,0xff,0xe5,0x08,0x03,0x02,0x00,0x00,0x02,0x03,0x0f,0xea,0xfc,0x27,0x00,0x0c,
  0xe3,0xfa,0x1c,0x11,0xf5,0xea,0x10,0x00,0x34,0xff,0xf9,0xe5,0xe4,0xe4,0xe4,0xe6,0xd8,0xd6,0x67,0x00,0x48,0xff,0xc2,0x01,
  0x01,0x00,0x00,0x00,0x00,0x01,0x03,0xca,0xff,0x6e,0x00,0x00,0x02,0x02,0x00,0x00,0x79,0xff,0xc1,0x01,0x05,0x00,0x89,0xff,
  0x60,0x51,0xff,0x92,0x00,0x01,0x16,0xf4,0xf4,0x1b,0x00,0x07,0x04,0x00,0x0f,0x16,0x0a,0x00,0x46,0xff,0xc2,0x00,0x01,0x00,
  0x00,0x00,0x00,0x03,0x00,0x3f,0xfe,0xfb,0x6a,0x09,0x00,0x00,0x0b,0x70,0xff,0xfb,0x38,0x00,0x05,0x00,0x2e,0xfd,0xc4,0xbc,
  0xfe,0x35,0x00,0x05,0x00,0xa3,0xff,0xa3,0x0d,0x00,0x00,0x50,0xe1,0xd6,0x16,0x00,0x46,0xfe,0xc1,0x00,0x01,0x00,0x00,0x00,
  0x00,0x00,0x02,0x00,0x59,0xf3,0xff,0xe8,0xb7,0xb8,0xeb,0xff,0xf0,0x54,0x00,0x02,0x00,0x02,0x01,0xc7,0xff,0xff,0xce,0x02,
  0x01,0x02,0x01,0x1a,0xd6,0xff,0xeb,0xb4,0xca,0xff,0xff,0x63,0x00,0x00,0x46,0xff,0xc4,0x00,0x01,0x00,0x00,0x00,0x00,0x00,
  0x00,0x02,0x00,0x26,0x90,0xdb,0xff,0xff,0xd9,0x8e,0x24,0x00,0x03,0x00,0x00,0x04,0x00,0x64,0xf6,0xf6,0x6b,0x00,0x04,0x00,
  0x01,0x00,0x15,0x8d,0xdf,0xff,0xf5,0xba,0x45,0x00,0x05,0x00,0x43,0xf6,0xbb,0x00,0x01,0x00,0x00,0x00,0x00,0x00,0x00,0x00,
  0x03,0x00,0x00,0x02,0x11,0x11,0x01,0x00,0x00,0x02,0x00,0x00,0x00,0x00,0x00,0x02,0x16,0x16,0x03,0x00,0x00,0x00,0x00,0x01,
  0x00,0x00,0x05,0x12,0x0d,0x00,0x00,0x02,0x00,0x00,0x06,0x16,0x11,0x00,0x00,0x00,0x00,0x00,0x00,0x00,0x00,0x00,0x00,0x02,
  0x04,0x00,0x00,0x00,0x00,0x04,0x02,0x00,0x00,0x00,0x00,0x00,0x00,0x00,0x00,0x00,0x00,0x00,0x00,0x00,0x00,0x00,0x01,0x04,
  0x00,0x00,0x00,0x02,0x03,0x00,0x00,0x00,0x00,0x00,0x00,0x00,0x00,0x00,0x00,0x00,
};
const lv_img_dsc_t txt_ch_20 = {
  .header.cf = LV_IMG_CF_ALPHA_8BIT,
  .header.always_zero = 0,
  .header.reserved = 0,
  .header.w = 46,
  .header.h = 16,
  .data_size = 736,
  .data = txt_ch_20_map,
};

static const uint8_t txt_ch_21_map[] = {
  0x00,0x00,0x00,0x00,0x00,0x00,0x00,0x00,0x00,0x00,0x00,0x00,0x00,0x00,0x00,0x00,0x02,0x03,0x00,0x00,0x00,0x02,0x03,0x00,
  0x00,0x00,0x00,0x00,0x00,0x00,0x00,0x00,0x00,0x00,0x00,0x00,0x00,0x00,0x00,0x00,0x00,0x00,0x11,0x16,0x09,0x01,0x01,0x00,
  0x00,0x00,0x00,0x00,0x15,0x18,0x04,0x01,0x00,0x00,0x09,0x12,0x0d,0x00,0x00,0x02,0x00,0x00,0x00,0x00,0x00,0x00,0x00,0x0e,
  0x16,0x09,0x00,0x00,0x00,0x00,0x00,0x00,0x04,0x00,0x6d,0xf8,0xaf,0x00,0x02,0x00,0x00,0x03,0x01,0x3a,0xf5,0xd6,0x0b,0x00,
  0x2a,0xa4,0xea,0xff,0xf0,0xb7,0x45,0x00,0x01,0x00,0x00,0x00,0x00,0x04,0x00,0xa0,0xf6,0x64,0x00,0x04,0x00,0x00,0x00,0x00,
  0x02,0x00,0x1c,0xf6,0xfb,0x23,0x00,0x02,0x00,0x03,0x00,0x95,0xff,0x88,0x00,0x29,0xec,0xff,0xd9,0xb0,0xde,0xff,0xfc,0x4b,
  0x00,0x03,0x00,0x00,0x00,0x04,0x00,0xa8,0xff,0x69,0x00,0x04,0x00,0x00,0x00,0x00,0x00,0x03,0x00,0xa5,0xff,0x75,0x00,0x04,
  0x01,0x00,0x0e,0xe8,0xfb,0x2d,0x00,0x90,0xff,0xa4,0x08,0x00,0x08,0xa8,0xff,0xce,0x02,0x02,0x00,0x00,0x00,0x04,0x00,0xa5,
  0xfe,0x68,0x00,0x04,0x00,0x00,0x00,0x00,0x00,0x03,0x01,0x46,0xff,0xd0,0x03,0x01,0x05,0x01,0x55,0xff,0xbb,0x00,0x00,0xa7,
  0xfb,0x6b,0x00,0x03,0x00,0x12,0x3c,0x33,0x02,0x00,0x00,0x00,0x00,0x04,0x00,0xa6,0xff,0x68,0x00,0x04,0x00,0x00,0x00,0x00,
  0x00,0x01,0x01,0x06,0xd9,0xff,0x38,0x00,0x05,0x00,0xb2,0xff,0x5a,0x00,0x00,0x69,0xff,0xe5,0x57,0x0f,0x00,0x00,0x00,0x00,
  0x00,0x00,0x00,0x00,0x00,0x04,0x00,0xa6,0xff,0x68,0x00,0x04,0x00,0x00,0x00,0x00,0x00,0x00,0x04,0x00,0x7a,0xff,0x90,0x00,
  0x00,0x1f,0xf8,0xea,0x0f,0x00,0x02,0x05,0x95,0xff,0xff,0xf4,0xb6,0x65,0x17,0x00,0x01,0x00,0x00,0x00,0x00,0x04,0x00,0xa6,
  0xff,0x68,0x00,0x04,0x00,0x00,0x00,0x00,0x00,0x00,0x02,0x00,0x22,0xfa,0xe6,0x0f,0x01,0x71,0xff,0x92,0x00,0x04,0x00,0x02,
  0x00,0x29,0x6e,0xb6,0xf7,0xff,0xe5,0x42,0x00,0x02,0x00,0x00,0x00,0x04,0x00,0xa6,0xff,0x68,0x00,0x04,0x00,0x00,0x00,0x00,
  0x00,0x00,0x00,0x02,0x00,0xb3,0xff,0x50,0x00,0xd1,0xff,0x34,0x00,0x02,0x00,0x00,0x00,0x00,0x00,0x00,0x12,0x8e,0xff,0xdb,
  0x08,0x01,0x01,0x00,0x00,0x04,0x00,0xa6,0xff,0x68,0x00,0x04,0x00,0x00,0x00,0x00,0x00,0x00,0x00,0x03,0x00,0x50,0xff,0x9f,
  0x25,0xff,0xca,0x01,0x01,0x02,0x00,0x44,0x6c,0x33,0x00,0x08,0x00,0x04,0xf4,0xfc,0x1f,0x00,0x02,0x00,0x00,0x04,0x00,0xa6,
  0xff,0x69,0x03,0x06,0x02,0x02,0x00,0x00,0x00,0x00,0x00,0x01,0x00,0x0a,0xe7,0xe9,0xac,0xff,0x69,0x00,0x04,0x04,0x00,0x8f,
  0xff,0xcf,0x14,0x00,0x00,0x5c,0xfc,0xe4,0x0b,0x00,0x01,0x00,0x00,0x04,0x00,0xa5,0xfe,0x60,0x00,0x00,0x00,0x00,0x00,0x00,
  0x00,0x00,0x00,0x00,0x04,0x00,0x8b,0xff,0xff,0xf2,0x18,0x00,0x01,0x02,0x01,0x1a,0xdc,0xff,0xeb,0xb3,0xc6,0xff,0xff,0x63,
  0x00,0x03,0x00,0x00,0x00,0x04,0x00,0xab,0xff,0xcf,0xad,0xaf,0xb2,0x76,0x00,0x03,0x00,0x00,0x00,0x00,0x02,0x00,0x2d,0xef,
  0xf5,0x9c,0x00,0x03,0x00,0x00,0x01,0x00,0x1d,0x97,0xe1,0xff,0xf9,0xc1,0x52,0x00,0x02,0x00,0x00,0x00,0x00,0x04,0x00,0xa4,
  0xf6,0xfb,0xff,0xff,0xff,0xaf,0x00,0x04,0x00,0x00,0x00,0x00,0x00,0x00,0x00,0x13,0x16,0x07,0x01,0x01,0x00,0x00,0x00,0x01,
  0x00,0x00,0x06,0x12,0x0f,0x00,0x00,0x01,0x00,0x00,0x00,0x00,0x00,0x00,0x00,0x0f,0x16,0x14,0x13,0x13,0x13,0x0d,0x00,0x00,
  0x00,0x00,0x00,0x00,0x00,0x00,0x01,0x00,0x00,0x00,0x00,0x00,0x00,0x00,0x00,0x00,0x02,0x04,0x00,0x00,0x00,0x01,0x03,0x00,
  0x00,0x00,0x00,0x00,0x00,0x00,0x00,0x00,0x00,0x00,0x00,0x00,0x00,0x00,0x00,0x00,
};
const lv_img_dsc_t txt_ch_21 = {
  .header.cf = LV_IMG_CF_ALPHA_8BIT,
  .header.always_zero = 0,
  .header.reserved = 0,
  .header.w = 40,
  .header.h = 16,
  .data_size = 640,
  .data = txt_ch_21_map,
};

static const uint8_t txt_ch_22_map[] = {
  0x00,0x00,0x00,0x00,0x00,0x00,0x00,0x00,0x00,0x00,0x00,0x00,0x00,0x00,0x00,0x00,0x03,0x02,0x00,0x00,0x00,0x03,0x02,0x00,
  0x00,0x00,0x00,0x00,0x00,0x00,0x00,0x00,0x00,0x00,0x00,0x00,0x00,0x03,0x02,0x00,0x00,0x00,0x00,0x00,0x00,0x11,0x16,0x08,
  0x01,0x01,0x00,0x00,0x00,0x00,0x01,0x16,0x17,0x02,0x01,0x00,0x00,0x0b,0x13,0x0b,0x00,0x00,0x02,0x00,0x00,0x00,0x00,0x00,
  0x00,0x00,0x13,0x16,0x13,0x13,0x13,0x09,0x00,0x00,0x01,0x00,0x00,0x00,0x04,0x00,0x71,0xf8,0xa6,0x00,0x02,0x00,0x00,0x03,
  0x00,0x4d,0xf6,0xc0,0x03,0x00,0x3b,0xb1,0xf0,0xff,0xe9,0xa8,0x2d,0x00,0x01,0x00,0x00,0x00,0x01,0x00,0x03,0xd7,0xf6,0xff,
  0xff,0xff,0xeb,0xa5,0x29,0x00,0x01,0x00,0x00,0x02,0x00,0x1f,0xf9,0xf7,0x1c,0x00,0x01,0x00,0x03,0x00,0xab,0xff,0x6e,0x00,
  0x3e,0xfa,0xff,0xcf,0xb2,0xea,0xff,0xed,0x2b,0x01,0x02,0x00,0x00,0x01,0x00,0x03,0xe1,0xff,0xbe,0xae,0xb1,0xda,0xff,0xed,
  0x28,0x01,0x02,0x00,0x00,0x02,0x00,0xab,0xff,0x6a,0x00,0x04,0x01,0x00,0x1a,0xf4,0xf1,0x1a,0x00,0xad,0xff,0x88,0x01,0x00,
  0x13,0xc7,0xff,0xa1,0x00,0x03,0x00,0x00,0x01,0x00,0x02,0xde,0xfe,0x25,0x00,0x00,0x04,0x9d,0xff,0x99,0x00,0x04,0x00,0x00,
  0x04,0x01,0x4c,0xff,0xc6,0x00,0x01,0x04,0x00,0x68,0xff,0xa3,0x00,0x00,0xc3,0xfb,0x48,0x00,0x04,0x00,0x1c,0x3b,0x2b,0x00,
  0x00,0x00,0x00,0x01,0x00,0x02,0xdf,0xff,0x35,0x07,0x0d,0x01,0x42,0xfd,0xbe,0x00,0x01,0x00,0x00,0x01,0x00,0x08,0xe0,0xfe,
  0x2d,0x00,0x03,0x01,0xc5,0xff,0x44,0x01,0x00,0x87,0xff,0xd5,0x47,0x09,0x00,0x00,0x00,0x00,0x00,0x00,0x00,0x00,0x01,0x00,
  0x02,0xdf,0xff,0x1f,0x00,0x00,0x00,0x87,0xff,0xa4,0x00,0x03,0x00,0x00,0x00,0x04,0x00,0x83,0xff,0x83,0x00,0x00,0x2c,0xfe,
  0xd9,0x06,0x00,0x01,0x0e,0xa9,0xff,0xff,0xec,0xaa,0x5a,0x0d,0x00,0x01,0x00,0x00,0x00,0x01,0x00,0x02,0xdf,0xff,0x93,0x7b,
  0x7d,0xab,0xff,0xff,0x3b,0x00,0x03,0x00,0x00,0x00,0x03,0x00,0x29,0xfd,0xdd,0x09,0x01,0x83,0xff,0x7b,0x00,0x04,0x00,0x01,
  0x00,0x33,0x78,0xc0,0xff,0xff,0xd4,0x25,0x01,0x02,0x00,0x00,0x01,0x00,0x03,0xdf,0xff,0xff,0xff,0xff,0xff,0xcd,0x52,0x00,
  0x02,0x00,0x00,0x00,0x00,0x00,0x02,0x00,0xbd,0xff,0x41,0x00,0xe0,0xfb,0x23,0x00,0x02,0x00,0x00,0x00,0x00,0x00,0x00,0x1e,
  0xab,0xff,0xb1,0x00,0x02,0x00,0x00,0x01,0x00,0x02,0xdf,0xff,0x5b,0x4c,0xf2,0xf7,0x38,0x00,0x04,0x00,0x00,0x00,0x00,0x00,
  0x00,0x04,0x00,0x5b,0xff,0x8e,0x31,0xff,0xb6,0x00,0x02,0x01,0x00,0x50,0x6c,0x25,0x01,0x09,0x00,0x26,0xfc,0xdb,0x03,0x00,
  0x01,0x00,0x01,0x00,0x02,0xdf,0xff,0x28,0x00,0x89,0xff,0xc5,0x06,0x03,0x01,0x00,0x00,0x00,0x00,0x00,0x01,0x00,0x0f,0xee,
  0xe2,0xb3,0xff,0x55,0x00,0x04,0x03,0x00,0xaf,0xff,0xb4,0x09,0x00,0x00,0x7e,0xff,0xbc,0x00,0x02,0x00,0x00,0x01,0x00,0x02,
  0xde,0xfe,0x33,0x03,0x10,0xdf,0xff,0x68,0x00,0x03,0x00,0x00,0x00,0x00,0x00,0x00,0x03,0x00,0x98,0xff,0xff,0xe7,0x0d,0x00,
  0x01,0x02,0x01,0x2b,0xeb,0xff,0xe0,0xb0,0xd0,0xff,0xfa,0x3e,0x00,0x03,0x00,0x00,0x01,0x00,0x02,0xe1,0xff,0x2f,0x00,0x00,
  0x58,0xff,0xed,0x1c,0x00,0x02,0x00,0x00,0x00,0x00,0x00,0x03,0x01,0x37,0xf2,0xf5,0x8b,0x00,0x03,0x00,0x00,0x01,0x00,0x2a,
  0xa3,0xe8,0xff,0xf2,0xb2,0x3a,0x00,0x01,0x00,0x00,0x00,0x01,0x00,0x02,0xd7,0xf6,0x2d,0x00,0x04,0x00,0xb4,0xf9,0x99,0x01,
  0x03,0x00,0x00,0x00,0x00,0x00,0x00,0x00,0x00,0x14,0x16,0x05,0x01,0x00,0x00,0x00,0x00,0x02,0x00,0x00,0x09,0x13,0x0c,0x00,
  0x00,0x02,0x00,0x00,0x00,0x00,0x00,0x00,0x00,0x13,0x16,0x04,0x00,0x01,0x00,0x06,0x15,0x18,0x01,0x00,0x00,0x00,0x00,0x00,
  0x00,0x00,0x00,0x00,0x00,0x00,0x00,0x00,0x00,0x00,0x00,0x00,0x00,0x02,0x03,0x00,0x00,0x00,0x02,0x03,0x00,0x00,0x00,0x00,
  0x00,0x00,0x00,0x00,0x00,0x00,0x00,0x00,0x00,0x00,0x00,0x00,0x00,0x00,0x00,0x00,
};
const lv_img_dsc_t txt_ch_22 = {
  .header.cf = LV_IMG_CF_ALPHA_8BIT,
  .header.always_zero = 0,
  .header.reserved = 0,
  .header.w = 43,
  .header.h = 16,
  .data_size = 688,
  .data = txt_ch_22_map,
};

